<author lang="en">
	<documents>
		<document><![CDATA[Are we living in a holographic universe? New study suggests that it's possible https://t.co/u9GHZ6VVvm]]></document>
		<document><![CDATA[@FoxNews this is actual news reporting. Take notes: https://t.co/0Yk2y8GaxF @CBCAlerts]]></document>
		<document><![CDATA[@FoxNews get your #facts straight. Suspect is Canadian white supremacist &amp; #Trump supporter (surprise)."Reports" fr… https://t.co/ABmnyuzESh]]></document>
		<document><![CDATA[Heinous acts such as these tear at the very heart and fabric of #Canadian society. #neverforget our diversity is ou… https://t.co/zmxoF7RNye]]></document>
		<document><![CDATA[@KellyannePolls Or maybe #alternativefacts? Example of the importance of research. You should try it sometime.]]></document>
		<document><![CDATA[@NateHolzapfel @MissJerriD @TrumpHotels Rome strategized w/ territories and cared about what others thought. Trump should too. #respect]]></document>
		<document><![CDATA[Petition: Prevent Donald Trump from making a State Visit to the United Kingdom. https://t.co/qHqIvRCxDz]]></document>
		<document><![CDATA[@Impeach_D_Trump @blanketcrap @Change2day2Tomo Bannon, Trump, Pence: nightmare. #TheResistance #StopHate   https://t.co/LKgD4stgtv]]></document>
		<document><![CDATA[#ThankYou @JustinTrudeau! 

Canada will take refugees banned by U.S. https://t.co/YT9wvAVoJN via @NewsHour    

#LoveTrumpsHate  #hope]]></document>
		<document><![CDATA[NASA Just Made All the Scientific Research It Funds Available for Free https://t.co/c3lltZ8z8H via @ScienceAlert]]></document>
		<document><![CDATA[Those were the days. #nostalgia https://t.co/D83E5n29r2]]></document>
		<document><![CDATA[@kevinolearytv I wasn't aware the two were interchangeable.]]></document>
		<document><![CDATA[@realDonaldTrump Of course. It's the easiest part to stab. #POTUSTrump   #ugh https://t.co/m8UfiLRZdY]]></document>
		<document><![CDATA[So... basically all countries except Russia? U.S. ‘taking names’ of countries that oppose it /via @globeandmail https://t.co/iiAQmwVtkV]]></document>
		<document><![CDATA[Very disturbing. But glad to hear US government scientists are going 'rogue' in defiance of @realDonaldTrump #hope… https://t.co/wwiX9a6FSZ]]></document>
		<document><![CDATA[This is horribly, horribly sad. It breaks my heart. No animal should EVER go through something like this.  https://t.co/UvyzBEkOHz]]></document>
		<document><![CDATA["alternative facts". That's a thing now. #Dystopia2017 
https://t.co/h3T2dCbrun]]></document>
		<document><![CDATA[Including @realDonaldTrump https://t.co/P62Oc00r17]]></document>
		<document><![CDATA[Hope @IvankaTrump is listening to @ivanka 🌻 https://t.co/PYIMebqofI]]></document>
		<document><![CDATA[The next 4 years... https://t.co/2stvIRzvSC]]></document>
		<document><![CDATA[. @realDonaldTrump — Thanks for confirming?]]></document>
		<document><![CDATA[And yet sadly it is real.... https://t.co/CR85woYJY1]]></document>
		<document><![CDATA[@GLMemberCare thanks! Glad the kinks are getting worked out :)]]></document>
		<document><![CDATA[@GoodLifeFitness new website still in beta mode? Dropdown list doesn't work, took 30+ mins to find class schedules, format is unreadable! :/]]></document>
		<document><![CDATA[Meet the squirrels that stole Christmas from Mel Lastman Square https://t.co/LLCHXQkugh]]></document>
		<document><![CDATA[25 dead after bomb explodes at Coptic Christian cathedral in Cairo https://t.co/zYiz88hjKW via @torontostar]]></document>
		<document><![CDATA[Canadian scientists help prepare a path to Mars https://t.co/ts4jWkXySG]]></document>
		<document><![CDATA[@TheDailyShow: and are Republicans surprised by this? @Change2day2Tomo https://t.co/tTJJNGpJ7G]]></document>
		<document><![CDATA[@UofT Lol I couldn't even get a $100 in late fees knocked off from Robarts. Impressive :) https://t.co/XLez2vwKMU]]></document>
		<document><![CDATA[@realDonaldTrump @nytimes Are all those #nastywomen hurting your feelings? Awww.  #sadface https://t.co/z9PHxEqP4q]]></document>
		<document><![CDATA[@Change2day2Tomo Yup, just need to engage in respectful discourse...somehow. Also, check your WhatsApp — I wrote you back! :)]]></document>
		<document><![CDATA[@ublibdems @Change2day2Tomo Brexit...Trump... How much further do we have to fall down the rabbit hole #Madness https://t.co/fE8pnZCBPc]]></document>
		<document><![CDATA[@KellieLeitch "Leitch suggested the screening would be similar to other security procedures."-so what's the point? Fear tactics #cdnpoli]]></document>
		<document><![CDATA[@reverendmatty December is only a few days away!]]></document>
		<document><![CDATA[My 3am tweet...   https://t.co/wVKXOTAsk7   #LoveTrumpsHate]]></document>
		<document><![CDATA[No conflict of interest here... :/ https://t.co/lU0h4ddD3i]]></document>
		<document><![CDATA[@shaaminiwhy This is so horrible.]]></document>
		<document><![CDATA[Hillary Clinton lost, but she leaves an important legacy - The Globe and Mail @HillaryClinton  https://t.co/uzO531ZWQQ]]></document>
		<document><![CDATA[Subway riders come together to help man late for job interview - Toronto - CBC News #Canada  https://t.co/NE6hN4vAOe]]></document>
		<document><![CDATA[What CBC reporters are seeing in Aleppo https://t.co/7OX90hHb9X]]></document>
		<document><![CDATA[And as Robert G. Ingersoll once said, "The greatest test of courage on earth is to bear defeat without losing heart… https://t.co/QDAkTUzY4A]]></document>
		<document><![CDATA[Mutual respect for peoples' opinions, with an open mind that it's OK for people to have opposing views. https://t.co/g0A24JH5St]]></document>
		<document><![CDATA[@HedyFry Can we ensure #Canada is not bullied by Trump? Renegotiating NAFTA sounds accommodating the president-elect over Canadian interests]]></document>
		<document><![CDATA[@JustinTrudeau Trump said Canada's 'slow' healthcare system is 'catastrophic'. Canadians don't think so — don't let Trump push us around.]]></document>
		<document><![CDATA["Threw out the elites"? What reality is this? https://t.co/kv1e7jX7fa]]></document>
		<document><![CDATA[It's that time of the year again... term papers! #university https://t.co/vmIZT2t2pp]]></document>
		<document><![CDATA[@thejuby @whistlerwriters Enjoyed Character Bootcamp with you at Whistler Writers Festival! Thanks!]]></document>
		<document><![CDATA[Election polls look even better! https://t.co/hDMJaEOGtV
@Change2day2Tomo  #thisiscrazy https://t.co/iaat91Ep7D]]></document>
		<document><![CDATA[@Mustapha_Itani: "Trump and ISIS grow and become stronger when there is divide". So true. This is a great read. https://t.co/90uinxIrbg]]></document>
		<document><![CDATA[Oof. I guess because Americans want to move to Canada if Trump is president? #MakeCanadaAmericaAgain]]></document>
		<document><![CDATA[Vox First Person: Brexit is a middle finger from the Baby Boomers to young people like me https://t.co/zWrYRhWFCD via @voxdotcom]]></document>
		<document><![CDATA[@Change2day2Tomo This is shocking :(   @SkyNews @jeremycorbyn @UKLabour]]></document>
		<document><![CDATA[@Amyloidosisfdn Thanks for the retweet! The courage and strength of people fighting this disease (patients, doctors, families) is inspiring!]]></document>
		<document><![CDATA[I'm raising money for Ken's Journey with Amyloidosis #amyloidosis @Amyloidosisfdn :) Click to Donate:  https://t.co/Y4l3FTaKMr via @gofundme]]></document>
		<document><![CDATA[#Iran: Free Canadian-Iranian Dr. Homa Hoodfar! Act Now to call @MinCanadaFA to take immediate action @AmnestyNow https://t.co/iCyL7u4LK1]]></document>
		<document><![CDATA[@Change2day2Tomo I'm trying a hand at GoFundMe for my parents. https://t.co/RuEvdK28nM (feels awkward, but anything helps) Your thoughts? xx]]></document>
		<document><![CDATA[@Change2day2Tomo There needs to be #naptime at work too!]]></document>
		<document><![CDATA[@ZZFCca Thanks for the follow :)  #Canada #FF]]></document>
		<document><![CDATA[... and the orange glow #America #Election2016 @realDonaldTrump]]></document>
		<document><![CDATA["This age thinks better of a gilded fool than of a threadbare saint in wisdom's school"—Thomas Dekker. Explains the rise of @realDonaldTrump]]></document>
		<document><![CDATA[@TheCurrentCBC @DeaniVanPelt @bctf @UBC Deani* — Twitter autocorrected!]]></document>
		<document><![CDATA[@TheCurrentCBC @DeaniVanPelt @bctf @UBC It's morally wrong to use tax payers money towards institutions that are not available to the public]]></document>
		<document><![CDATA[@TheCurrentCBC @DeaniVanPelt @bctf @UBC No. Deanna's rationale is flawed. Public schools can offer same services IF receive adequate funding]]></document>
		<document><![CDATA[And I wonder what "new business interests" these might be... big oil, perhaps? @Change2day2Tomo #goodriddance  https://t.co/sSS0znKKo3]]></document>
		<document><![CDATA[@ViraBadiani Hi Vira. You sent me an unsolicited/sponsored email re: SOA on LinkedIn. Please don't. I'm not interested. Thank you.]]></document>
		<document><![CDATA[@MystbornWoW  Now I feel kind of mean. #effortrewarded right?]]></document>
		<document><![CDATA[@MystbornWoW "Wearily, his senses sensed that dusk would turn into twilight, and began to perceive a faint smell of garlic." #Giller #books]]></document>
		<document><![CDATA[The Queen of England promises to %E2%80%9Ctake back%E2%80%9D America if Trump is elected %21%21%21 https://t.co/pBeUwYp2uy]]></document>
		<document><![CDATA[@Change2day2Tomo uh oh! Well, the honeymoon might be over but at least the media is allowed to report it #cdnpoli  https://t.co/7WugdIQHTL]]></document>
		<document><![CDATA[Such a sweet little cat &lt;3 https://t.co/gwzAKyWXfB]]></document>
		<document><![CDATA[@MystbornWoW just saw this and immediately thought of you lol https://t.co/A8ZbXwW7B8]]></document>
		<document><![CDATA[@MystbornWoW And include your badass trailer for it as well ;)]]></document>
		<document><![CDATA[Well, yeah. #ObviousFact  https://t.co/xBLymV4XfI]]></document>
		<document><![CDATA[Blackbeard's Ship Confirmed off North Carolina https://t.co/ohoIwedUZ4 via @NatGeo]]></document>
		<document><![CDATA[@GoodLifeFitness Thank you!]]></document>
		<document><![CDATA[@GoodLifeFitness Can there be more body flow classes at #Vancouver hemlock club? No flow on Mon &amp; Sat, yet multitude of pump :(]]></document>
		<document><![CDATA[@Change2day2Tomo @carolineolsen88 too funny :D  https://t.co/yge5Mo6XjR]]></document>
		<document><![CDATA[A common brain cell shapes the nervous system in unexpected ways https://t.co/coNKluBo82 via @Scienmag]]></document>
		<document><![CDATA[@Change2day2Tomo @carolineolsen88  Justin's re-election campaign in 4 years: this photo. #cdnpoli #GoCanadaGo https://t.co/N4cKCXAjHl]]></document>
		<document><![CDATA[@carolineolsen88 @Change2day2Tomo Keep practicing! That's what meetings are for, you #busybee]]></document>
		<document><![CDATA[@Change2day2Tomo haha indeed! Plus that #Budget2016 probably had his hands full as well.]]></document>
		<document><![CDATA[@Change2day2Tomo @TimHortons I thought I was addicted lol https://t.co/6AyLpP9NHf #coffeeaddict :)]]></document>
		<document><![CDATA[@Change2day2Tomo I was so impressed when I read that. Like what a sweet thing to do :)]]></document>
		<document><![CDATA[@carolineolsen88 I'm creating a new hashtag just for you:  #TEAMKONSTANTIN ! haha]]></document>
		<document><![CDATA[@GoodLifeFitness Thank you! Bodyflow is my favourite class, would love to have more opportunities to take part in Vancouver locations :)]]></document>
		<document><![CDATA[@GoodLifeFitness Your Hemlock club in #Vancouver has 2 Monday bodypump classes, but no Bodyflow! Why not? :(]]></document>
		<document><![CDATA[@Change2day2Tomo OOOHhhhhh that's right! #somuchfun we needed a #SnowDay https://t.co/CjcymeNFI1]]></document>
		<document><![CDATA[Welcome to #Canada!  https://t.co/1Y2CsKEMAQ]]></document>
		<document><![CDATA[@guardian @MargieTaylor2 @Change2day2Tomo Yes, once, and then came a call from child services lol. #Parenthood #WeForgotThatYouWereHere]]></document>
		<document><![CDATA[@Change2day2Tomo Wasn't Super Bowl a while ago? Not that I care about football, but I recall an "exciting" Football Sunday w lots of nachos!]]></document>
		<document><![CDATA[@Change2day2Tomo Love it! Today needs to be Friday though. #Oscars party last night has left me feeling a little rough lol]]></document>
		<document><![CDATA[@Change2day2Tomo haha #greetingsearthling!]]></document>
		<document><![CDATA[@Change2day2Tomo @carolineolsen88 Hey apparently it's #NationalDrinkWineDay .  But isn't that every day?]]></document>
		<document><![CDATA[@Change2day2Tomo My regular programming of tweets for you continues... ;)  https://t.co/UjBjk914vg]]></document>
		<document><![CDATA[@Change2day2Tomo @carolineolsen88 Maybe we all just need to move to the same city in Spain. #ProblemSolved  lol]]></document>
		<document><![CDATA[@Change2day2Tomo All the time is bedtime for me ;)]]></document>
		<document><![CDATA[@carolineolsen88 @Change2day2Tomo lol me too!]]></document>
		<document><![CDATA[@Change2day2Tomo I'm sleepy! Grown ups need #Naptime too]]></document>
		<document><![CDATA[@Change2day2Tomo @carolineolsen88 And post on her FB wall reminding her to make like a little tweety bird and tweet lol]]></document>
		<document><![CDATA[@Change2day2Tomo @carolineolsen88 I wonder when Caro will check her Twitter and see our awesome convo lol]]></document>
	</documents>
</author>