<author lang="en">
	<documents>
		<document><![CDATA[Best half time show EVER!]]></document>
		<document><![CDATA[@jannarden  not the exciting reprieve we hoped for. Brady might go home and snuggle in the supermodel bosom. #americaisgreat]]></document>
		<document><![CDATA[Has Trump gone silent? He surely cannot stand for this ex so-called President Bush getting so much attention?!]]></document>
		<document><![CDATA[Will the US let Barack in after his vacation, isn't he Muslim?! Surprised Trump hasn't thought of that insane angle.]]></document>
		<document><![CDATA[@whiterockcity no one out shoveling the promenade, our main attraction?!]]></document>
		<document><![CDATA[The city of Vancouver and surrounding municipalities continue to fail miserably as the snow falls. #budgetwinsoversafety#commonsense]]></document>
		<document><![CDATA[Love you guys but really don't need to see weather updates every 7 minutes. More news please!]]></document>
		<document><![CDATA[Whew!And I was worried Trump would do something stupid, start a world war and stand up for big banks Vs the people that voted for him.]]></document>
		<document><![CDATA[@DaveSFoley @realDonaldTrump Nailed it!]]></document>
		<document><![CDATA[So the first thing he attacked was the American homeowner. #keepamerica'sbankprofitsgreat]]></document>
		<document><![CDATA[Quite the turn out at the marches. It only begs one question..who did vote for Trump?]]></document>
		<document><![CDATA[@BarackObama  Yes it is still on and we welcome you. Enjoy your family time and wishing you all good things from your supporters in Canada!]]></document>
		<document><![CDATA[The real star in the HBO special on Phil Spector is those wigs.]]></document>
		<document><![CDATA[Watching Mascots, haven't laughed this hard in so long. Witty, brilliant stuff - thanks to all of you!]]></document>
		<document><![CDATA[Well who doesn't want to ramp up nukes for the holidays and new year?! Thanks Donald. Can someone please take twitter away from this idiot.]]></document>
		<document><![CDATA[It makes sense to pay a toll for a bridge where ice falls from it and can potentially kill you or at the very least wreck your car.]]></document>
		<document><![CDATA[Well he might make America great again as people will unite for change. At least, we hope.]]></document>
		<document><![CDATA[Helluva game. Epic finish for a great story by both teams!]]></document>
		<document><![CDATA[It's hard to say who is more annoying, CNN or Donald Trump.]]></document>
		<document><![CDATA[@LastWeekTonight @HBO  your Canadian fans look forward to it.]]></document>
		<document><![CDATA[@BCLions Burnham is a machine today - way to go!]]></document>
		<document><![CDATA[@NEWS1130Traffic avoid 1st Ave eastbound from Clarke to the freeway. Construction makes it down to 1 lane]]></document>
		<document><![CDATA[@mcleandarren way to kick up the party a notch buddy!]]></document>
		<document><![CDATA[@ArleneDickinson @TheEmmys I have always been baffled by the writing for awards shows. Do good writers turn down the gig?!]]></document>
		<document><![CDATA[@mcleandarren did I tell you how much I love O'Hara Lane?!]]></document>
		<document><![CDATA[@NEWS1130Traffic train crossing signal arm down at 168 and #10 for no apparent reason, traffic going around arm]]></document>
		<document><![CDATA[@DriveBC train crossing signal arm down for no apparent reason on 168 in Surrey approaching #10]]></document>
		<document><![CDATA[@BCLions Lions eat Tigers for breakfast. Go BC!]]></document>
		<document><![CDATA[@MMFlint one of the wittier shows around for sure!]]></document>
		<document><![CDATA[Really White Rock, living in this gorgeous community and copter noise is disturbing your blessed lifestyle?! #getalife]]></document>
		<document><![CDATA[@dana_gee have a great Canadian night!]]></document>
		<document><![CDATA[Whew,turns out the police in Florida were trying to save the black man lying on his back with his hands in the air when they shot him....]]></document>
		<document><![CDATA[@TravisLulay @adidasCA  We are the ones honored that you are a Lion! Happy July 4th!]]></document>
		<document><![CDATA[@SHO_RayDonovan @LievSchreiber  lookin' forward to it!]]></document>
		<document><![CDATA[@BCLions  why on earth is this game not televised???Only the east game-don't get it!]]></document>
		<document><![CDATA[@jesseropershow looking forward to you taking the stage in Abbotsford!]]></document>
		<document><![CDATA[@TheRealDiceClay outstanding show, a highlight of every week. Thanks for the laughs!]]></document>
		<document><![CDATA[@GlobalBC Police incident on Parker in White Rock. SWAT team out in force with the road closed. Breaking story I would say!]]></document>
		<document><![CDATA[@PeaceArchNews police incident on Parker, SWAT team out in force with the road closed. Breaking story I would say!]]></document>
		<document><![CDATA[Full S.W.A.T team on our little street with guns in sight, making arrests. Who says White Rock is dull?!]]></document>
		<document><![CDATA[@bchydro great thank you.]]></document>
		<document><![CDATA[@bchydro we have had no replies via phone or FB on when a hydro pole will be removed from our lawn.Customer service would go a long way.]]></document>
		<document><![CDATA[@LastWeekTonight checking out Chipotle for the first time. I am avid birdwatcher.]]></document>
		<document><![CDATA[@dana_gee you are on fire tonight. Not sure if it is a compliment to say your material is better than anything on the show so far.]]></document>
		<document><![CDATA[Sean, I get it. Charlie go home. Your bias, conservative and narrow view has never shed light on anything.]]></document>
		<document><![CDATA[@RobLowe @TheGrinderFOX two thumbs up, witty writing and perfect casting on mainstream tv, who would've thought?! Keep it up!]]></document>
		<document><![CDATA[@bchydro  I do not see any estimates so far, only updates on crew arrivals?!]]></document>
		<document><![CDATA[@TheGrinderFOX Stellar episode, nice to see you on tv again Timothy Olyphant!]]></document>
		<document><![CDATA[@JustifiedFX anyone else miss Boyd and Ray? Oh and Pappy Van Winkle.]]></document>
		<document><![CDATA[Oh Canada! Well I'll be darned.]]></document>
		<document><![CDATA[Make sure voting is on your To Do list tomorrow Canadians!]]></document>
		<document><![CDATA[@TheGrinderFOX Classic Rob Lowe, great casting all the way around. Looking forward to this show every week!]]></document>
		<document><![CDATA[Welcome back Cookie! @TherealTaraji]]></document>
		<document><![CDATA[My heart is sad to miss the Foo Fighters, sing loud and celebrate Congregation!]]></document>
		<document><![CDATA[@bchydro power pole still down at Victoria and Vidal in White Rock]]></document>
		<document><![CDATA[@bchydro  there are more than 7 homes affected in White Rock, please update your list]]></document>
		<document><![CDATA[@bchydro  where do we go to get info?]]></document>
		<document><![CDATA[@JTreliving finally getting to check out the BP at Beatty and Robson! Great place to start off a game night. Go Lions!]]></document>
		<document><![CDATA[Travis Lulay is on fire!]]></document>
		<document><![CDATA[Let's make the Redblacks black and blue - Go Lions!]]></document>
		<document><![CDATA[@jannarden Sorry to interrupt your Sunday but I am digging The Real Thing by Paul Kype and Texas Flood,has Alberta hit all over it!]]></document>
		<document><![CDATA[When you have an elected official who is riding roughshod over democracy...maybe that person needs to be pushed aside. Well said Jane Fonda]]></document>
		<document><![CDATA[@westjet Cheers to all crew on 107 from Edm to http://t.co/uurziN2c59 notch service,communication and hospitality.Special nod to Karl.]]></document>
		<document><![CDATA[Sonic Highways is like church to me, every song inspiring - what an album and a journey. Thank you!]]></document>
		<document><![CDATA[@TheJeffBridges  unbelievable show - thank you!]]></document>
		<document><![CDATA[@TheJeffBridges Welcome to Vancouver, cannot wait to hear your band tonight!]]></document>
		<document><![CDATA[@Real_Terrence_H your character on Empire might be the most diabolical and fabulous character on tv - well done!]]></document>
		<document><![CDATA[@TherealTaraji  West Coast is right here and loving every minute. From Agent Carter to Cookie - you are fabulous!]]></document>
		<document><![CDATA[Team Raylan or Team Boyd?!]]></document>
		<document><![CDATA[Welcome home @geroysimon, a win for the club and the city! Cannot wait until the season starts. All good things.]]></document>
		<document><![CDATA[That awkward moment when you realize you are 3 items over in the express lane and they are lined up behind you.]]></document>
		<document><![CDATA[I love Walton Goggins. For those who actually know who he is, you will appreciate this fully.]]></document>
		<document><![CDATA[Photo radar end of knight street bridge going into Van. We filled one of the quota's for that officer today.]]></document>
		<document><![CDATA[Does anyone care that Sherman is dying out there?!]]></document>
		<document><![CDATA[That JUST happened - fly high Seahawks!!!]]></document>
		<document><![CDATA[@katherinemonk "Lazy Susan of loopy characters" your reviews are rich and usually bang on.]]></document>
		<document><![CDATA[@Rikester13 Great leadership and heart, you finished strong and should be proud. Heal up, we are looking forward to next season !]]></document>
		<document><![CDATA[@MrTommyLand Great show in Vancouver, quite the coaster and energy, thanks man!]]></document>
		<document><![CDATA[I predict Abel kills Gemma in a drive by...from his Big Wheel]]></document>
		<document><![CDATA[I feel like if fitting all the dirty dishes into the dishwasher was an Olympic sport, I would be a gold medallist]]></document>
		<document><![CDATA[At the risk of being bombarded with hateful tweets I must say the last season of SOA is not my fave]]></document>
		<document><![CDATA[@rickmercer another week of being amazed at how the Conservative party hasn't taken you boating with a chain and brick, keep it up my friend]]></document>
		<document><![CDATA[Happy Birthday @TravisLulay , may you have a special day topped off with a team win!]]></document>
		<document><![CDATA[Ok Lions, there is more to a team than 1 man, there is a reason each of you are playing,not watching from the stands. You got this. ROAR.]]></document>
		<document><![CDATA[Great workout today Kendrick, great All Out energy in the group!]]></document>
		<document><![CDATA[Fingers crossed and wishing you all the best 14]]></document>
		<document><![CDATA[Takin' a knee, way to go Lions! Classy support. http://t.co/GFL7DcAcw3]]></document>
		<document><![CDATA[Sack attack followed by a TD - oh its on!]]></document>
		<document><![CDATA[@BCLions looking forward to showing Rider Nation that Lions fans rule the Den]]></document>
		<document><![CDATA[Grab a ticket and some orange Vancouver,let's show Rider nation who rules the Den!]]></document>
		<document><![CDATA[I will miss this pose - to Geroy, the one and only! http://t.co/YDfisU43su]]></document>
		<document><![CDATA[@BCLions Whose the Manny?! Yeah Lions!]]></document>
		<document><![CDATA[@whiterockcity the lack of daily updates on the WR site is frustrating. Time for  taxpayers to bring their food waste to city hall steps?!]]></document>
		<document><![CDATA[For those of you in the 3hr line up at the border - save $,time and jobs by shopping in Canada]]></document>
		<document><![CDATA[Big sky starry night  tonight, I remember the old words, what is man that you are mindful of him.  Don't spend so much time focused inward.]]></document>
		<document><![CDATA[@BCLions Welcome Back 14 - nice TD!]]></document>
		<document><![CDATA[@BCLions I support DeMarco but was waiting for an appearance by Buck -couldn't have hurt!]]></document>
		<document><![CDATA[@BCLions beautiful play.]]></document>
		<document><![CDATA[Crystal Mantie wrote:  Orange finger nail polish, $6.99 - 6 Pack, $7.99 - BC Lions Hoodie $30 - Lions win tonight.. Priceless!]]></document>
		<document><![CDATA[@jtimberlake so glad to hear you are coming back to Vancouver, what a great way for the west coast to start 2014]]></document>
	</documents>
</author>