<author lang="en">
	<documents>
		<document><![CDATA[Poetry Shelf The Summer Season: Poets pick poems – Airini Beautrais picks Gregory O’Brien https://t.co/lJffmRQeDV]]></document>
		<document><![CDATA[Poetry Shelf The Summer Season: Poets pick poems – Bill Manhire picks Louise Wallace https://t.co/13FjzQm4Ky https://t.co/krgZWokwta]]></document>
		<document><![CDATA[Poet honoured on Waitangi Day: Selina Tusitala Marsh, Honorary Literary https://t.co/50h8w0RGSH https://t.co/HFrDNXnadY]]></document>
		<document><![CDATA[The gift shop https://t.co/FNRZCqDXlM]]></document>
		<document><![CDATA[Sarah Broom Poetry Prize – Entries now open https://t.co/hqKJSfWJxL]]></document>
		<document><![CDATA[@SteveBraunias gosh thanks there is a little sequence of Ellis Island ones in NY Pocket Book seem so apt in this godforsakentime]]></document>
		<document><![CDATA[felt like fainting this morning with all that is going on so unbearable so unthinkable so posted this instead https://t.co/JuBy1Su7pi]]></document>
		<document><![CDATA[4 v3 2 1 in The New Yorker the review incensed me with its square rectangular thinking]]></document>
		<document><![CDATA[4 3 2 1 I love this epic book so much as my SST review will show maybe because I've love European literature and see outside the story box]]></document>
		<document><![CDATA[Such a patronising review of Paul Auster's  4 3 2 1 in The New Yorker -Europeans don't just love his work because it is easily translated]]></document>
		<document><![CDATA[Liz Breslin, placed third in Charles Causley International Poetry Competition Winners 2016 https://t.co/CVO1cBc8L4 https://t.co/KeVMtQRR6F]]></document>
		<document><![CDATA[A Selected Poems from Jeffrey Paparoa Holman is out this month https://t.co/pdcWRSwzfr https://t.co/6hzxB2ysw7]]></document>
		<document><![CDATA[Poetry Live relaunches with Anne Kennedy and MW Sellwood https://t.co/hc8yie9OpP https://t.co/Atv3HONaqx]]></document>
		<document><![CDATA[Call for papers for a conference at Victoria University, December 2017: Poetry and the Essay https://t.co/PECH4HfxP9]]></document>
		<document><![CDATA[The Pantograph Punch’s bi-monthly roundup of Indie Pubishing https://t.co/G6BuUWc7zh https://t.co/fA10VbsT01]]></document>
		<document><![CDATA[Seraph Press launches its translation series: tiny comments on ‘shipwrecks / shelters’ https://t.co/IejCUKM5io https://t.co/JgivSUsDVj]]></document>
		<document><![CDATA[I review Michael Harlow’s poetry book in DomPost and the Press https://t.co/mbfAtrYhHC https://t.co/qyvNWQgryv]]></document>
		<document><![CDATA[The 2017 National Flash Fiction Day competition opens February 15 https://t.co/ddKjaYCyH6]]></document>
		<document><![CDATA[Fabulous poems from Talia Marshall on Radio NZ National https://t.co/X8XLpnyuL1 https://t.co/LsDhPTXYgG]]></document>
		<document><![CDATA[Penelope Todd interviews poet and novelist, Sue Wootton https://t.co/uiTmmgPCsu https://t.co/f0QGKCYOnc]]></document>
		<document><![CDATA[My review of Brian Turner’s Night Fishing in SST https://t.co/zK3IjtXdYF https://t.co/Ny4KSzYiHw]]></document>
		<document><![CDATA[READING POETRY AROUND THE WORLD with Stephen Burt, Fergus Barrowman and Paul Millar https://t.co/hyVPX7MSuL https://t.co/lg8fM5rH8r]]></document>
		<document><![CDATA[Worth supporting: The Sapling - Because Books Grow Humans on https://t.co/yOPO7ue3UM https://t.co/rjkQW2q1Zb]]></document>
		<document><![CDATA[The Statue-of-Liberty snow globe my daughters bought me in NYC just fell of my desk and smashed into sharp smithereens]]></document>
		<document><![CDATA[Poems for anthology on nursing https://t.co/8VGwjICqJ6 https://t.co/UdlwhvBxrK]]></document>
		<document><![CDATA[@pacificraft is this from your new book?]]></document>
		<document><![CDATA[fact https://t.co/hoGBtVxJqf]]></document>
		<document><![CDATA[I review Brian Turner in Press/Dominion and Johnny Cash's poetry in SST https://t.co/O7GvnPsAZn]]></document>
		<document><![CDATA[Seeing Martin Luther King's image on cover of New Yorker so poignant- I dread the ripple effect of eroding his and… https://t.co/Fc5m4ENpDr]]></document>
		<document><![CDATA[Read this at 3 am - needs a share in daylight. Great review @JohnJCampbell. Bob Jones makes me want to vomit. https://t.co/sRe4pVBpvg]]></document>
		<document><![CDATA[I agree. Undermines the notion 'honour.' https://t.co/zcr84REuR7]]></document>
		<document><![CDATA[@pacificraft no plums on our tree, the kereru squatted on the branches and broke them, I hung tinfoil and CDs, very sparkling and special]]></document>
		<document><![CDATA[Children's author Babette Cole dies aged 67 https://t.co/p5f9peQccW]]></document>
		<document><![CDATA[@AwaPress NIck Bollinger's Goneville is very, very good. Check out my review in SST today.]]></document>
		<document><![CDATA[@TinaMakereti sadly no i don't think so]]></document>
		<document><![CDATA[Love this! Teenager https://t.co/gJVlaNqwAh via @wordpressdotcom]]></document>
		<document><![CDATA[This is useful - but in my reading it doesn't catch all the poetry published so cautious on results. That said ther… https://t.co/2e3XKR0t0p]]></document>
		<document><![CDATA[@JohnJCampbell Still have to read Adam Dudding but have loved all the rest. &amp; that's just the tip of the iceberg - so many good NZ books]]></document>
		<document><![CDATA[Hey @JohnJCampbell reads NZ books on summer holiday of all genres! https://t.co/HZzvlOpWW4]]></document>
		<document><![CDATA[@JohnJCampbell lovely to see such a good stack of NZ books in your holiday pile!]]></document>
		<document><![CDATA[@LeilaniTamu brave writing thank you so much bet there is a whole bunch of us standing with you on this]]></document>
		<document><![CDATA[@unitybookswgtn scarves, TShirts, what season is this?]]></document>
		<document><![CDATA[@sarahceross Thanks!]]></document>
		<document><![CDATA[@ElizabethKnoxNZ thanks Elizabeth x]]></document>
		<document><![CDATA[Thanks @unitybookswgtn and @UnityBooks and thanks @AUPBooks and @SeraphPress https://t.co/2pWaNzfF6X]]></document>
		<document><![CDATA[@TinaMakereti thanks so much Tina]]></document>
		<document><![CDATA[@L2_S2S thanks!]]></document>
		<document><![CDATA[@ChristchurchLib thanks!]]></document>
		<document><![CDATA[@MandyHager Thanks Mandy]]></document>
		<document><![CDATA[@kebabette Thanks for that - and the photo - wow!]]></document>
		<document><![CDATA[@helen_lehndorf thanks so much!]]></document>
		<document><![CDATA[@FergusVUP thanks! Two poets!]]></document>
		<document><![CDATA[@nzdodo thanks!]]></document>
		<document><![CDATA[Two Poet Members of the NZ Order of Merit, with thanks https://t.co/pdAuEK6b64 https://t.co/Rw4yMKR46X]]></document>
		<document><![CDATA[RIP Michele Amas (1961 -2016): a little poetry sampler https://t.co/7TImtc0Tj3 via @PaulaJoyGreen]]></document>
		<document><![CDATA[RIP Michele Amas (1961 -2016): a little poetry sampler https://t.co/NraQgdsggb]]></document>
		<document><![CDATA[such sad news -thanks for sharing the poem link https://t.co/KUPlBGlw9b]]></document>
		<document><![CDATA[The last poem in my season A week of poems: Bernadette Hall's 'This for the end of a year' https://t.co/l3f2EtNzT7 via @PaulaJoyGreen]]></document>
		<document><![CDATA[A week of poems: Bernadette Hall’s ‘This for the end of a year’ https://t.co/Mx0Sc5OUfe]]></document>
		<document><![CDATA[A week of poems: Chris Price’s ‘Hasta la vista’ https://t.co/PH2JdOCpPA]]></document>
		<document><![CDATA[A week of poems: Anne Kennedy’s ‘Island Bay has a new sea wall’ https://t.co/yk0OdS6MBq]]></document>
		<document><![CDATA[A week of poems:  Airini Beautrais’s ‘North Mole’ https://t.co/njkXTb5oZv]]></document>
		<document><![CDATA[A week of poems: Joan Fleming’s ‘The mattress’ https://t.co/UMVrZiBPAh]]></document>
		<document><![CDATA[Love this, words to be measured like water in the heat A week of poems: Joan Fleming's 'The kids' https://t.co/17yFI4qOVw via @PaulaJoyGreen]]></document>
		<document><![CDATA[this is worthy of a second read in my books https://t.co/vNelauelaS]]></document>
		<document><![CDATA[A week of poems: Joan Fleming’s ‘The kids’ https://t.co/CK7ptir11d]]></document>
		<document><![CDATA[A week of poems: Helen Rickerby’s ‘Thoughts while waiting next to the Katherine Mansfield statue, Midland Park,… https://t.co/NrOP3EqA4w]]></document>
		<document><![CDATA[A week of poems: Chris Tse’s ‘Notes for Taylor Swift, should she ever write a song about me’ https://t.co/AvQFmxm4HD]]></document>
		<document><![CDATA[A week of poems: Nick Ascroft’s ‘Cheap Present’ https://t.co/bmYUd7wWiV]]></document>
		<document><![CDATA[A week of poems: Kiri Piahana-Wong’s ‘For Michelle’ https://t.co/j3giKFMMwY]]></document>
		<document><![CDATA[A week of poems: Emma Neale’s “‘So Sang a Little Clod of Clay'” https://t.co/PfN1sFqyKm]]></document>
		<document><![CDATA[From our master silversmith with words: A week of poems: Albert Wendt's 'New Coat' https://t.co/vkRlhEYoW1 via @PaulaJoyGreen]]></document>
		<document><![CDATA[A week of poems: Albert Wendt’s ‘New Coat’ https://t.co/yCBunyhm0T]]></document>
		<document><![CDATA[My poet discovery of 2016: A week of Poems: Amy Leigh Wick's 'I, Melchoir' https://t.co/Mfz9CITTjg via @PaulaJoyGreen]]></document>
		<document><![CDATA[A week of Poems: Amy Leigh Wick’s ‘I, Melchoir’ https://t.co/6qAUdYn6ee]]></document>
		<document><![CDATA[A week of poems: Tim Upperton’s ‘On the eve of my 53rd birthday’ https://t.co/nxBokOk7KU]]></document>
		<document><![CDATA[Love this: A week of poems: Sugar Magnolia Wilson's 'Town' https://t.co/RV09miHEzl via @PaulaJoyGreen]]></document>
		<document><![CDATA[Happy summer days from Poetry Box; with a poem-notebook challenge and some family snapshots https://t.co/zRAOcSteu9 via @PaulaJoyGreen]]></document>
		<document><![CDATA[A week of poems: Sugar Magnolia Wilson’s ‘Town’ https://t.co/MXbihe9fXm]]></document>
		<document><![CDATA[A week of poems: Elizabeth Smither’s  ‘Drycleaners: London and Paris’ https://t.co/kVcMShk70j]]></document>
		<document><![CDATA[Happy summer days from Poetry Box; with a poem-notebook challenge and some family snapshots https://t.co/9hO5tjJ6oc https://t.co/6WIdi4iEq4]]></document>
		<document><![CDATA[love this tea poem https://t.co/iQQ3CVfz7F]]></document>
		<document><![CDATA[A week of poems: Anna Jackson’s ‘Flammable’ https://t.co/Slnbe8redk]]></document>
		<document><![CDATA[a new Bill Manhire collection with a very good cover https://t.co/YLny54Mf55]]></document>
		<document><![CDATA[thanks for the retweet! https://t.co/pdwariUCK1]]></document>
		<document><![CDATA[A week of poems: Bill Manhire’s ‘Mrs Zeus’ https://t.co/xdzxBgPIry]]></document>
		<document><![CDATA[To celebrate the year’s end: a week of poems on Poetry Shelf https://t.co/O5QkHa6vwm]]></document>
		<document><![CDATA[Fabulous @RadioNZ interview: Kathryn Ryan with Word Up winner Ruby Esther https://t.co/Ij7QCk9Hm4]]></document>
		<document><![CDATA[‘I keep my own hours ‘: Courtney Sina Meredith is back from Iowa with a new poem https://t.co/A4FDcvtFyW https://t.co/Pv49jON3bp]]></document>
		<document><![CDATA[@BooksellersNZ I plan dipping in and out of this over summer and ordering books - it's aglint and vast and various]]></document>
		<document><![CDATA[Becoming Invisible: An Interview with Mary Ruefle in The Paris Review https://t.co/nJBx54JtKZ]]></document>
		<document><![CDATA[The Pantograph Punch: Sarah Jane Barnett remembers ten moments in Aotearoa NZ… https://t.co/IeQQOU42s6 https://t.co/MHOumZWmmK]]></document>
		<document><![CDATA[via The Spin Off: Bill English quotes Selina Tusitala Marsh https://t.co/dZ1YIS3NeU https://t.co/oO5Msep0Wi]]></document>
		<document><![CDATA[nzepc launches its fourth Six Pack Sound https://t.co/OefDgrW1Zf https://t.co/4mrl2EjMRL]]></document>
		<document><![CDATA[check out Bill Manhire’s poems recorded for nzepc https://t.co/lnRZYo0YdT https://t.co/xIHKRlkhgu]]></document>
		<document><![CDATA[In the New Yorker: Emily Dickinson’s scrap poetry https://t.co/I9PyjG328v]]></document>
		<document><![CDATA[Max Porter’s Grief Is the Thing with Feathers wins him Young Writer of the Year Award https://t.co/5MgnNMFWBT]]></document>
		<document><![CDATA[Room 4 at St Joseph’s School in Kaikoura have been writing earthquake poems: shaking… https://t.co/8JDWPWDrft https://t.co/2cDSSxs5F2]]></document>
		<document><![CDATA[Interview with Anne Kennedy at Turbine: ‘The mirage of writing keeps moving’ https://t.co/XRqZ11sTbW https://t.co/B0vUkRmbdu]]></document>
		<document><![CDATA[Turbine | Kapohau 16 combines a new look with literature from writers who aren’t afraid to tackle change https://t.co/3ihCQeOl2s]]></document>
	</documents>
</author>