<author lang="en">
	<documents>
		<document><![CDATA[S/O to our taxi driver tonight calling my boyfriend @Last_Sol_Rising sexy &amp; saying to me that I'm a lucky girl 💕 #highlight]]></document>
		<document><![CDATA[@kei__te__pai you can add me if you like excuse the name 😂 BinkyWolf2]]></document>
		<document><![CDATA[@kei__te__pai aww that ain't good.]]></document>
		<document><![CDATA[@kei__te__pai I'm a bit jumpy at those sort of games so I know how you feel   I get teased by @Last_Sol_Rising  when I play dying light 😂]]></document>
		<document><![CDATA[@kei__te__pai tell me how it is 😊]]></document>
		<document><![CDATA[@KrystalR5 that is true]]></document>
		<document><![CDATA[@KrystalR5 if he comes to Wellington double date it ?]]></document>
		<document><![CDATA[@KrystalR5 I'm keen if there's a welly show]]></document>
		<document><![CDATA[@fridgelamp @awonderdj Auckland as well. She's playing at vector I'm just thinking how epic the set design will be 👌🏼and it be packed as]]></document>
		<document><![CDATA[@fridgelamp @awonderdj what show you gonna go too?]]></document>
		<document><![CDATA[@fridgelamp @awonderdj nah I didn't have enough $$ 😂 so this time hopefully if I can get time off work I should be able to go and see her]]></document>
		<document><![CDATA[@awonderdj this could be us @Last_Sol_Rising  🙌🏼😊]]></document>
		<document><![CDATA[Never been so fucking happy, once again she's coming back! 🙌🏼 bless her ❤️😭😍 @awonderdj https://t.co/3QXymqdgZg]]></document>
		<document><![CDATA[Is this us then @Last_Sol_Rising https://t.co/3JxV43G5iR]]></document>
		<document><![CDATA[@easyIove add me ShannonCharles2]]></document>
		<document><![CDATA[@Last_Sol_Rising @KrystalR5 honestly tho 🙌🏼]]></document>
		<document><![CDATA[When you pre drink to hard aye babe 😉 getting turnt at 9:30pm @Last_Sol_Rising ps highlight playing with balloons.… https://t.co/3mTNKc3yHG]]></document>
		<document><![CDATA[Last minute plans on a Sunday was so worth it! definitely pulling out all the dance moves &amp;… https://t.co/PPSCTLlY7C]]></document>
		<document><![CDATA[@kostuartt feels on that level when I was on my way to Mahi early this morning 😂]]></document>
		<document><![CDATA[@Last_Sol_Rising I'm lucky to have you as well 😊]]></document>
		<document><![CDATA[@Last_Sol_Rising yes that's so us! Is  there any hills that we can walk up close to your house without getting killed]]></document>
		<document><![CDATA[@Last_Sol_Rising @MaiFM haha bless if it hasn't shown up by next week Wednesday I'd hit them up about it aye 👌🏼]]></document>
		<document><![CDATA[@KrystalR5 is it cringy g]]></document>
		<document><![CDATA[Thanks @MaiFM for making my boyfriend so freaking excited over m&amp;g / double pass for #TYDolla$ign  ❤️ he's freaking out 😂@Last_Sol_Rising]]></document>
		<document><![CDATA[@KrystalR5 allgoods Bruh you still want to hang tho? You in town tho at home.]]></document>
		<document><![CDATA[@KrystalR5 2pm it's in tawa]]></document>
		<document><![CDATA[@KrystalR5 homie do you want a visit after my doctors appointment]]></document>
		<document><![CDATA[@KrystalR5 I love how I try keep my proities straight and ask if there's an Aux cord 😂😂 Shan's gonna bring out the club bangers 😉]]></document>
		<document><![CDATA[@Jupiter_Project @ZMonline see you boys there 🙌🏼]]></document>
		<document><![CDATA[Squad goals am I right! 🙌🏼 Welly crew off on a #roadtrip see you at #flochella Taupo bound 5th Feb, hope it's good… https://t.co/WYutB8JB8J]]></document>
		<document><![CDATA[@kei__te__pai ooh jeez haha cancel on my plans then 😂]]></document>
		<document><![CDATA[When your tryna make plans with the crew @KrystalR5 @Last_Sol_Rising for #zmflochella cancel 😂 at its finest https://t.co/jVdhVBAHJR]]></document>
		<document><![CDATA[Is the weather actually shit out Wellington ways? looks fine in jville lol]]></document>
		<document><![CDATA[@easyIove no worries at all just tryna help you win tickets]]></document>
		<document><![CDATA[@easyIove ShannonCharles2]]></document>
		<document><![CDATA[I'm glad you made it safely in Auckland @Last_Sol_Rising hope you have fun, make sure your work mate locks the truck. 👌🏼]]></document>
		<document><![CDATA[I swear currently all we are doing is having a yawning completion 😂🙊 @Last_Sol_Rising]]></document>
		<document><![CDATA[@LifeWithAlcohol us on Saturday morning @Last_Sol_Rising 😂]]></document>
		<document><![CDATA[@Last_Sol_Rising sleepovers with you are amazing tho like your cuddles 😍😍😘😇]]></document>
		<document><![CDATA[@KrystalR5 indirect to me 😇]]></document>
		<document><![CDATA[@KrystalR5 all my friends are wasted and I hate this club and I drink to much 😎]]></document>
		<document><![CDATA[Thankyou for being the first person to make sure I get home safe and looking after me @Last_Sol_Rising 😘 ps sleepover time. Ash knows 😂😂😂]]></document>
		<document><![CDATA[@Last_Sol_Rising am I allowed to friendzone you again 😅😜😏]]></document>
		<document><![CDATA[Last night, when I put you on the spot this is what I get in return 😂 @Last_Sol_Rising https://t.co/UA6zoC3rf2]]></document>
		<document><![CDATA[This is something I'd do at the semi formals 😂 https://t.co/GafSLXIbd7 3rd one is my fav tbh 🙈]]></document>
		<document><![CDATA[@Last_Sol_Rising hope so tbh]]></document>
		<document><![CDATA[@Last_Sol_Rising i just realise we've nearly seen each other 4 times this week , honestly nervous and excited for Sunday tho 😅🙊]]></document>
		<document><![CDATA[@Last_Sol_Rising always gotta make you feel comfortable and you look fresh as 😜 or should I say snazzy😍]]></document>
		<document><![CDATA[@haleeciaa I like working on weekends becos you have to actually plan around when you can and can't hang with mates 😂]]></document>
		<document><![CDATA[@Last_Sol_Rising psssh nah it's alright and I know 👌🏼]]></document>
		<document><![CDATA[@Last_Sol_Rising no worries at all anytime I enjoyed hanging with you even tho you ganged up on me with the bestie 😂 for banter 💕]]></document>
		<document><![CDATA[When you best friend @KrystalR5  &amp; bf @Last_Sol_Rising has better banter against you 😂😂 send. Help.]]></document>
		<document><![CDATA[@Last_Sol_Rising I'm that but also super excited! I love how my cousin wants to come as well. 😂 he's gonna third wheel for once 😂😂]]></document>
		<document><![CDATA[@Last_Sol_Rising bless your heart.]]></document>
		<document><![CDATA[Every1 should really check out @TASHSULTANAA  https://t.co/F2lyWj81f2 @Last_Sol_Rising &amp; I are ready for your Wellington show in may! 🙌🏼🙊]]></document>
		<document><![CDATA[@haleeciaa just a few 🤗]]></document>
		<document><![CDATA[@Last_Sol_Rising only if you come get lost with me. 🙌🏼]]></document>
		<document><![CDATA[@Last_Sol_Rising just posing for that nice photoshoot yesterday! 😍👌🏼 #makingmemories 💕 https://t.co/QhNhRcTmH0]]></document>
		<document><![CDATA[@Last_Sol_Rising Imma be an asshole and say that's cheesy as fuck 😂😂😘]]></document>
		<document><![CDATA[@Last_Sol_Rising seeing you on video chat with you constantly smiling brightens up my day I swear. and I tease you for being whipped 😜]]></document>
		<document><![CDATA[@Last_Sol_Rising was it meant to say cupcake from that Snapchat but it just autocorrected ?]]></document>
		<document><![CDATA[@KrystalR5 yeah and I'll just act lit nah it's been a week now so I'm allowed to drink 😂]]></document>
		<document><![CDATA[@KrystalR5 what's that I feel like I gotta celebrate but then I don't wanna drink cos I'm on my ban 😂]]></document>
		<document><![CDATA[@Last_Sol_Rising its just you 😋 that's hot 😉👌🏼]]></document>
		<document><![CDATA[@Last_Sol_Rising Thankyou for today honestly 😬🙊]]></document>
		<document><![CDATA[@metlinkwgtn lucky you didn't catch the last train eh. @Last_Sol_Rising 😉]]></document>
		<document><![CDATA[@Last_Sol_Rising @KrystalR5 hope your having fun chilling at the spot😜]]></document>
		<document><![CDATA[@example will you be coming back to nz by any chance for a tour or something ? 😊 I need to see you live 🙌🏼]]></document>
		<document><![CDATA[@Last_Sol_Rising @KrystalR5 I'm always down for a meet &amp; greet. 😋]]></document>
		<document><![CDATA[@KrystalR5 haha shit you could've meet Bae aka @Last_Sol_Rising 😉]]></document>
		<document><![CDATA[@KrystalR5 aww yeah Anton and I are going to that it's in jville aye ? I forgot that it's on bad friend 😂😂]]></document>
		<document><![CDATA[@KrystalR5 yo if it's nice on Friday, Saturday or Sunday do you wanna go to the beach ?]]></document>
		<document><![CDATA[Bro when do you get back from chch? @KrystalR5]]></document>
		<document><![CDATA[Anyone going to the @gunsnroses concert next month in welly ? #westpacstadium]]></document>
		<document><![CDATA[@Last_Sol_Rising psssh no 😂]]></document>
		<document><![CDATA[@Last_Sol_Rising everyone has a choice to dream. But right now your being a savage and I can't stay on your level. 😂😝]]></document>
		<document><![CDATA[@Last_Sol_Rising your far from it but yes.  😂]]></document>
		<document><![CDATA[@Last_Sol_Rising it's okay you don't need to apologise]]></document>
		<document><![CDATA[@haleeciaa noise control on them or something. Haha]]></document>
		<document><![CDATA[@haleeciaa Rachet as I forgot it's Friday night well Saturday so partying I forget the days when I gotta work weekends eh. I would ring]]></document>
		<document><![CDATA[@Last_Sol_Rising just don't tell anyone okay 😂😂 especially the fam ash might get jealous 😏]]></document>
		<document><![CDATA[@Last_Sol_Rising aww damn haha I wanted to listen to them.]]></document>
		<document><![CDATA[@haleeciaa feels on this.]]></document>
		<document><![CDATA[@Last_Sol_Rising nah secretly your my first fav.]]></document>
		<document><![CDATA[@Last_Sol_Rising I'm sure there not everyone says that and how can they be unfinished]]></document>
		<document><![CDATA[@Last_Sol_Rising think I might have to use one at my gigs now]]></document>
		<document><![CDATA[@Last_Sol_Rising my fav right there... oh wait second fav.. 😁]]></document>
		<document><![CDATA[@Last_Sol_Rising down pack.. ps I think I'm gonna get the blue, white &amp; red one 😉]]></document>
		<document><![CDATA[@Last_Sol_Rising now I'm talking to you on all social media 🙊❤😂 #goals]]></document>
		<document><![CDATA[@chennanigans @AndyGartrell wait your in Wellington 😯😃?]]></document>
		<document><![CDATA[Chasing the city lights and night time adventures with @last_sol_rising last night! ✨🙊 one of my… https://t.co/GnBkWcyQCp]]></document>
		<document><![CDATA[@KrystalR5 both legends 🙌🏼 wizard sticks]]></document>
		<document><![CDATA[@NZGracie good luck for your softball games]]></document>
		<document><![CDATA[2017 night adventures w/ this one🙊 he flicked water at me 🤗😐 https://t.co/ZcdkxdOnjg]]></document>
		<document><![CDATA[@Fifth_Hotmony feels on this]]></document>
		<document><![CDATA[@NZGracie it's meant to snow apparently so much for summer 😂]]></document>
		<document><![CDATA[This... 2017 https://t.co/JpMAuypkjL]]></document>
		<document><![CDATA[@MikeyEllesmere thanks for the follow back 😊]]></document>
		<document><![CDATA[@KrystalR5 no worries at all bro stay safe, have fun eat lots of food. explore the city get lost and go adventures 💕]]></document>
		<document><![CDATA[@KrystalR5 merry Christmas my g I hope your having fun in Christchurch also have a good time with Simon. 😊]]></document>
	</documents>
</author>