<author lang="en">
	<documents>
		<document><![CDATA[The power just went out in my building :(]]></document>
		<document><![CDATA[Can't wait to play my favourite game - Spot Toronto - when The Handmaid's Tale airs in April. https://t.co/oijHHKxtJp]]></document>
		<document><![CDATA[@kaymatthews I thought you found an app that let you get around the geoblocking on Viki?]]></document>
		<document><![CDATA[@bethlovesbolly Yes, I found it interesting that an otherwise observant Muslim seemed to have no problem making his money smuggling booze.]]></document>
		<document><![CDATA[Omg I'm reading a @torontolife article about home co-ownership &amp; look at this cat on the table. Fucking magnificent. https://t.co/ZAt0r3RgeK]]></document>
		<document><![CDATA[Sometimes you get the exact yoga class you need exactly when you need it. @UnionYogaStudio]]></document>
		<document><![CDATA[@bethlovesbolly ha ha ha! amazing. JLM's Sherlock is the best. I have to catch up on this season's episodes]]></document>
		<document><![CDATA[Just saw the mayor of Quebec City openly crying on television. It's too much.]]></document>
		<document><![CDATA[I have some thoughtful thoughts about #TheKing but mostly I just wanna say: Ryu Jun Yeol as a gangster with full sleeve tattoos 😍😍😍😍😍]]></document>
		<document><![CDATA[Some kind of hawk just chillin at the corner of #DundasWest and #Bloor 😱 https://t.co/U5KoY4i2wb]]></document>
		<document><![CDATA[@lizcook Prince Charles has been an environmentalist since before it was cool.]]></document>
		<document><![CDATA[@aparita You know I can't be objective when it comes to Shah Rukh. Add Nawazuddin and his moustache and I was all 😍😍😍]]></document>
		<document><![CDATA[Oh, the irony of having your #Raees screening disrupted by a drunk guy who has to be manhandled out of the theatre by security guards 😵]]></document>
		<document><![CDATA[Debating whether 2 do a lot of unfollow/mute/turn of retweets or just walk away from Twitter 4 awhile for the sake of my mental equilibrium.]]></document>
		<document><![CDATA[@lizcook Exactly. A 16-ep romantic comedy and nothing less.]]></document>
		<document><![CDATA[@maxqnz I'm seriously baffled]]></document>
		<document><![CDATA[@dingax1983 ok, didn't want to spoil you or anything, lol, but Kim Seul Gi has another cameo like she did in Weightlifting Fairy]]></document>
		<document><![CDATA[@dingax1983 Have you watched ep 20 of LOTBS yet?]]></document>
		<document><![CDATA[Dear kdramas: please stop casting a certain someone in cameos and give her a lead role already 😠]]></document>
		<document><![CDATA[A girl can dream, though. https://t.co/lqiSdFDmp1]]></document>
		<document><![CDATA[Little boy drawing in the Anthony Caro exhibit ❤❤❤ #artgalleryofontario #lazysunday @ AGO - Art… https://t.co/jSHmcBwoHb]]></document>
		<document><![CDATA[#museumselfie #alysAGO #artgalleryofontario #lazysunday @ AGO - Art Gallery of Ontario https://t.co/uCez6dgR8D]]></document>
		<document><![CDATA[#MysticalLandscapes was great (if crowded). This huge, luminous crystal by Czech painter Wenzel… https://t.co/9XDuha6G5y]]></document>
		<document><![CDATA[Boxwood sarcophagus, to remind us that death is inevitable. About the size of my pinkie finger.… https://t.co/HnNqyDT6Tv]]></document>
		<document><![CDATA[I've never been able to take an unobstructed picture of #floorburger before.… https://t.co/KbRCkd7C19]]></document>
		<document><![CDATA[My TL is full of pics of marches all over the US &amp; the world. I've been feeling so discouraged lately, today has been really heartening.]]></document>
		<document><![CDATA[My first ever march, and it was great. Thanks @Agrawal_ani, @jennadh and @madhatter_jett for the company. https://t.co/O0QlKP4WT5]]></document>
		<document><![CDATA[I wonder if they're actually going to see a boost to tourism after all this Air Canada and Château Frontenac product placement. #Goblin]]></document>
		<document><![CDATA[+ loves her back her heart will continue to beat. So why is she having chest pains? #legendofthebluesea]]></document>
		<document><![CDATA[I'm confused as to why Shim Cheong can't stay with Heo Joon-jae on #legendofthebluesea. I thought as long as the person she loves +]]></document>
		<document><![CDATA[Going to eat lunch at my desk today because I don't want to be in the staff room where the tv is.]]></document>
		<document><![CDATA[Remembering how 8 years ago the entire office gathered in the boardroom to watch Obama's inauguration.]]></document>
		<document><![CDATA[tfw you're thinking about a song &amp; it comes up next on shuffle | Rufus Wainwright - Going To A Town https://t.co/fLhlJup1rr]]></document>
		<document><![CDATA[@possumtoast Omg yes. She is amazing in that. I cried so hard at the end.]]></document>
		<document><![CDATA[@possumtoast 2nd season is airing right now on ITV. First season was really good too.]]></document>
		<document><![CDATA[I think it's my new fave British crime drama. Nicola Walker is always delightful &amp; Sanjeev Bhaskar is the perfect partner 4 her #Unforgotten]]></document>
		<document><![CDATA[The end of this week's #Unforgotten got me like: https://t.co/O7tvFoT7cR]]></document>
		<document><![CDATA[Gotta stand up for my Baltic cousins, ya know.]]></document>
		<document><![CDATA[This is needlessly mean to Estonia! Their opening ceremony would be cool &amp; stylish &amp; prob cause a run on embroidere… https://t.co/lVNUpd83kA]]></document>
		<document><![CDATA[#Legendofthebluesea is usually subtitled by now 😒]]></document>
		<document><![CDATA[Never a good sign when I have to go back through episode recaps to figure out "who's /that/ guy?" #hwarang]]></document>
		<document><![CDATA[@amysticlady the scenes of his dad abusing him really bothered me]]></document>
		<document><![CDATA[@amysticlady &amp; all of the characters are unlikeable except for Hwan-ki!]]></document>
		<document><![CDATA[@amysticlady for some reason I thought it would be a light rom-com, but it's actually quite dark]]></document>
		<document><![CDATA[Shout-out to all the fanfiction writers who have been giving Stiles ridiculous Polish names all these years.
https://t.co/GUTlbn5Ovm]]></document>
		<document><![CDATA[What is up at tvN with these episode lengths? I don't mind an extra 15-20 mins of #Goblin, but #IntrovertedBoss is no #Goblin.]]></document>
		<document><![CDATA[Confession: I love rattan furniture. And I love my new mirror from @CB2tweets #cb2 #rattan #mirror https://t.co/Wye43LNyjs]]></document>
		<document><![CDATA[@dingax1983 oh, I assumed it was Duk Hwa, but Sunny would be so cool!]]></document>
		<document><![CDATA[@dingax1983 for real though]]></document>
		<document><![CDATA[My boss is going on a business trip to Seoul next week. So jealous.]]></document>
		<document><![CDATA[#weightliftingfairykimbokjoo was such a lovely, youthful rom com. I'm going to miss my weekly dose of these cuties,… https://t.co/7n6CdGIa9d]]></document>
		<document><![CDATA[Related: karma is a bitch.]]></document>
		<document><![CDATA[Wow, the universe really did not want me to go to yoga this week.]]></document>
		<document><![CDATA[@EnsCuddlesHuman dying of cute!]]></document>
		<document><![CDATA[@bethlovesbolly Oh, and check out that embroidery! I love it!]]></document>
		<document><![CDATA[Of the last 6 weeks I have worked only 1. Getting up for work this morning was very, very hard.]]></document>
		<document><![CDATA[@bigbala haha, you know I have a soft spot for that mumbler -- just excited for Vikram to work with a good writer/director]]></document>
		<document><![CDATA[Vikram in a Gautham Menon film. This makes me very happy. https://t.co/P4d5aBDh4o]]></document>
		<document><![CDATA[My cousin and I are hiding from carollers in my bedroom. We are 35 and 44 years old 😂😂😂]]></document>
		<document><![CDATA[My mom makes the best #borscht @ Ottawa, Ontario https://t.co/YdPev3AeSh]]></document>
		<document><![CDATA[Traditional Ukrainian food: guaranteed to make you burp cabbage all night then have weird-ass dreams.]]></document>
		<document><![CDATA[@possumtoast Oh no, you have pneumonia?! You should be resting!!]]></document>
		<document><![CDATA[@maxqnz @Drama_Panda Just remembered that I saw this conversation earlier so I checked 🇨🇦 Netflix &amp; Night Light is def not there]]></document>
		<document><![CDATA[The irony 😒 https://t.co/BbylFifXpB]]></document>
		<document><![CDATA["You can’t expect to have resting Graceful Acceptance Face everywhere you go." #relatable https://t.co/oxgOMkEfNv]]></document>
		<document><![CDATA[Oh man, just got to the part in #Signal when Lee Jae-han buys Park Hae-young the omelet rice and I'm fucking sobbing 😭]]></document>
		<document><![CDATA[I hate cleaning. It makes me angry.]]></document>
		<document><![CDATA[@veraciously lol! honestly tho, some parts were heart-wrenching to watch, but that made the happy ending(s) that much more satisfying]]></document>
		<document><![CDATA[All that in 11 45-minute episodes. And also just a really satisfying romantic comedy. I loved every minute of it. #WeMarriedAsAJob]]></document>
		<document><![CDATA[The importance of having work. The value of housework. The dilemma between raising children and having a career. Spinsterhood...]]></document>
		<document><![CDATA[Finished #WeMarriedAsAJob. That show touched on so many themes that resonated with me. Loneliness. Rejection. Low self-esteem...]]></document>
		<document><![CDATA[@bethlovesbolly I was worried about that as well but I think it just manages to toe the line.]]></document>
		<document><![CDATA[@lizcook Boo! Good thing I started Signal this morning, so I have something to watch ;-)]]></document>
		<document><![CDATA[Why is there only one episode of #Legendofthebluesea and #Weightliftingfairykimbokjoo this week? ☹️]]></document>
		<document><![CDATA[@possumtoast happy birthday, my dear! 🎉]]></document>
		<document><![CDATA[Gingerbread attempt #2. Won't win any awards but at least they're edible. Hedgehog cookie cutters from Prague 😍 https://t.co/kt8IxJ0pCo]]></document>
		<document><![CDATA[When English encounters words in other languages that it already has a word for it uses that word to refer to a spe… https://t.co/QhkIbkCTnP]]></document>
		<document><![CDATA[Wait, I forgot that @itvhub is garbage 🙃]]></document>
		<document><![CDATA[Oh, hello, #Grantchester Christmas special 🎉]]></document>
		<document><![CDATA[These overcast winter days are the worst. It's just so dark 😔]]></document>
		<document><![CDATA[It's not really Christmas until I've watched the #CalltheMidwife #ChristmasSpecial and had a good cry.]]></document>
		<document><![CDATA[@alittleprint I just wanted to use some cookie cutters I bought on my trip, I don't think the ginger cookie batter would work for that...]]></document>
		<document><![CDATA[My first attempt at making gingerbread cookies was an utter failure 😭 Gonna stick to making easy one-bowl cakes from now on.]]></document>
		<document><![CDATA[@dingax1983 I really like that actor]]></document>
		<document><![CDATA[@bogeyno2 lol, well next time you see them, then]]></document>
		<document><![CDATA[@bogeyno2 ask your Irish neighbours, tell them someone in Canada wants to know 😂]]></document>
		<document><![CDATA[@bogeyno2 dammit! I've always wondered why ppl do that and thought at last I'd found someone to explain it to me]]></document>
		<document><![CDATA[@bogeyno2 please explain this to me. why do you have a small sink inside your other sink? 😕]]></document>
		<document><![CDATA[The cutest 💖 https://t.co/IYSwFpTbfG]]></document>
		<document><![CDATA[This disapproving guy is literally everyone on my TL re: Kim Shin and Ji Eun-Tak #goblin https://t.co/FI37BMxjeR]]></document>
		<document><![CDATA[Nice shot. #Hwarang https://t.co/Mdq37aqMdh]]></document>
		<document><![CDATA[@dingax1983 What, you don't like it reminding you THIS IS LOVE STORY every time something vaguely romantic happens?]]></document>
		<document><![CDATA[@lizcook Ooh, A Knight's Tale is an excellent comparison!]]></document>
		<document><![CDATA[@bigbala they have the same showrunner!]]></document>
		<document><![CDATA[DramaFever's subtitles for #Goblin are awful. The Grim Reaper's spit-take made no sense in their version. https://t.co/HRfZgmz6p3]]></document>
		<document><![CDATA[@veraciously I can't believe I'm saying this, but I think the Hindi film I liked the most this year was Neerja with Sonam Kapoor]]></document>
		<document><![CDATA[Watched a couple of good Korean movies on my flights to/from Europe: #Familyhood with Kim Hye-soo &amp; #PhantomDetective with Lee Je-hoon 😍]]></document>
		<document><![CDATA[As expected, Budapest had the best Christmas Market. #budapest #hungary🇭🇺 #vorosmartyter… https://t.co/tEMofoeASH]]></document>
		<document><![CDATA[Budapest! We meet again! #budapest #castlehill #royalpalace #chainbridge #danube… https://t.co/1lLHGM9YrD]]></document>
		<document><![CDATA[Sad that we only got to spend a few hours in #Bratislava this morning. Will have to go back ☺️ @… https://t.co/4SwE9UsMxN]]></document>
	</documents>
</author>