<author lang="en">
	<documents>
		<document><![CDATA[@ztiworoh ::crushes Foster's can on forehead::]]></document>
		<document><![CDATA[Yes, the religious liberty to mess with other people's birth control. https://t.co/Iff12EYCz0]]></document>
		<document><![CDATA[@ztiworoh ...That's a good point. :(]]></document>
		<document><![CDATA[This would be pretty big news, usually! https://t.co/5DIrVAXBmx]]></document>
		<document><![CDATA[@mg3583a @thehill or intentionally left political strategists off the national security council. 😳]]></document>
		<document><![CDATA[@mg3583a on any normal day that's headline news. It's a footnote to this dumpster fire of a weekend.]]></document>
		<document><![CDATA[Fixed it for you: "Bannon lackeys defend Bannon's newly-granted National Security Council membership" https://t.co/BAAdbPWjOM]]></document>
		<document><![CDATA[Spoiler: It takes YEARS. https://t.co/Naqf9K4tcn]]></document>
		<document><![CDATA[And the biggest protests to this unconstitutional order are in New York City. #RefugeesWelcome https://t.co/si2kCjUBy5]]></document>
		<document><![CDATA[@Gaber205 if she had changed her name to "Clifton" and ran on an anti-vaping platform I think she might be in the oval right now.]]></document>
		<document><![CDATA[Literally the description on their website says: "The March for Life is a peaceful demonstration..." https://t.co/9i2avOPW5e]]></document>
		<document><![CDATA[Th Muslim ban, the wall, the threat of martial law on a US city... It's frightening that @HouseGOP @SenateGOP will not protect Constitution.]]></document>
		<document><![CDATA[@ztiworoh unhinged. It's terrifying.]]></document>
		<document><![CDATA[It's 9:40 p.m. Do you know where the giant child running the country is? 

He's tweeting angry things at the people on the teevee.]]></document>
		<document><![CDATA[Largest ever attendance at a hockey game, PERIOD. https://t.co/PnWr5sis9J]]></document>
		<document><![CDATA[CSPAN subtweeting Trump - "I don't know if it's ever been done before" https://t.co/huFeOEYzxB]]></document>
		<document><![CDATA[@JoshSchwerin Not a very funny one.]]></document>
		<document><![CDATA[@nhregister Has the Register review any documents to verify this?]]></document>
		<document><![CDATA[Had a warm, fuzzy feeling after watching @POTUS farewell speech, and then I opened Twitter.]]></document>
		<document><![CDATA[From the bottom of my heart, thank you @BarackObama.]]></document>
		<document><![CDATA[.@POTUS call for Americans to take on the individual responsibility of protecting our democracy feels more urgent than ever.]]></document>
		<document><![CDATA[Playing it cool, I see. https://t.co/qiAafEyTHp]]></document>
		<document><![CDATA[Worth a watch: https://t.co/qvyUf2XoVw]]></document>
		<document><![CDATA[Heartbreaking. https://t.co/UmYaVPMr2G]]></document>
		<document><![CDATA[In which @racepointglobal's @ztiworoh says smart things about forecasting &amp; preparing for presidential tweetstorms: https://t.co/a0dIRhbMtP]]></document>
		<document><![CDATA[@allisonmpreiss was just saying this. Must be a very large skeleton!]]></document>
		<document><![CDATA[Actually LOLed at tonight's @HuffPostHill subject line: "List Of Exciting Job Openings At Goldman Sachs Grows" #swamp]]></document>
		<document><![CDATA[@lfoxmurph meanwhile... https://t.co/W4xcQR9rSv]]></document>
		<document><![CDATA[Don't think I need to click through to know they're talking about drinking kale smoothies and not booze. https://t.co/LrEyBi5CK1]]></document>
		<document><![CDATA[So proud of the Huskies tonight! Maturity, poise, toughness and FREE THROWS #UConn @UConnWBB #beatND]]></document>
		<document><![CDATA[And they sink their free throws! 🙏 https://t.co/dIGUv6wFaz]]></document>
		<document><![CDATA[Gabby Williams takes a hard foul to the throat with 2:00 left and coolly sinks 2 FTs. Take note @UConnMBB. #UConn #beatND]]></document>
		<document><![CDATA[Gabby Williams having a huge night for #UConn! Go Huskies! #UConnWomen]]></document>
		<document><![CDATA[@CodySibulo @ztiworoh Reunite Destiny's Child for this or don't do it at all!]]></document>
		<document><![CDATA[Right? I can't argue with anything that gives the world a new Ashanti/Ja Rule duet in 2016. https://t.co/QKy6CDSNVm]]></document>
		<document><![CDATA[Excuse me, @CodySibulo @ztiworoh I'd like to hear your thoughts on the #HamiltonMixtape . I'm a little obsessed with it.]]></document>
		<document><![CDATA[Q: For what?
Biden: For President. Also, what the hell, man, anyway. https://t.co/MiTVxzffKM]]></document>
		<document><![CDATA[@sportsiren Hang tough, Holly! &lt;3]]></document>
		<document><![CDATA[Hear what our people like most about working at a @PRWeekUS #BestPlacetoWork https://t.co/FGpBkbLixH @racepointglobal #WeRPG #AgencyLife]]></document>
		<document><![CDATA[This is heartbreaking news https://t.co/FeNZhClRyc]]></document>
		<document><![CDATA[Well, that's the first time I've cried non-laughing-tears during an SNL cold open. https://t.co/33C6EIvN3o]]></document>
		<document><![CDATA[If Bruce @springsteen doing an acoustic version of Thunder Road doesn't melt your heart, I don't need to know you. https://t.co/F6OKJpYA9Z]]></document>
		<document><![CDATA[All in for #NationalPantSuitDay . #ImWithHer https://t.co/k1GBB2BMId]]></document>
		<document><![CDATA[In 2017, #tech companies should lead on #cybersecurity policy, says @racepointglobal AD @ztiworoh https://t.co/Da4nLTghYj]]></document>
		<document><![CDATA[Muskets. Civil disobedience. Former members of Congress. #is2016overyet https://t.co/g4U5kxDIbo]]></document>
		<document><![CDATA[@tomcolicchio Don't good jokes usually have some foundation in reality, though?]]></document>
		<document><![CDATA[NOT NOW, GUYS. https://t.co/spLSzVsM7b]]></document>
		<document><![CDATA[What a sad little man. https://t.co/W8msCP2IYZ]]></document>
		<document><![CDATA[So he *is* conceding? https://t.co/2P97vOmd9H]]></document>
		<document><![CDATA[Where can I order my "Nasty Women for Hillary" pin, please?]]></document>
		<document><![CDATA[...says the man who bragged about assaulting women. https://t.co/QGQHqNvsNV]]></document>
		<document><![CDATA["Such a nasty woman," he says directly into the microphone. Sure, good plan. Should help with the overwhelming women problem.]]></document>
		<document><![CDATA[Privately. Mhmm. Sure you are. https://t.co/o0vz1398mp]]></document>
		<document><![CDATA[Jesus he went from decrying the humanitarian crisis to warning of "ISIS aligned refugees" in the US with no prompting whatsoever.]]></document>
		<document><![CDATA[If Trump is so sad about the humanitarian crisis in Syria, would he welcome refugees to the US?]]></document>
		<document><![CDATA[Worst season of The Bachelor to date. https://t.co/8UbGshVQLU]]></document>
		<document><![CDATA[@allisonmpreiss Re: the "pussyfooting around comments" this is all I could think of: https://t.co/PyFQwHb0Hy]]></document>
		<document><![CDATA[This is basically what my leaked emails would look like... and he's right about the risotto technique. cc:… https://t.co/OuNGWOUeqy]]></document>
		<document><![CDATA[So the condemnations aren't actually that strong, then. https://t.co/kpHqJLlDMv]]></document>
		<document><![CDATA[But @SpeakerRyan hasn't withdrawn his endorsement, even in light of today's disgusting misogynistic dirt. https://t.co/F3WGZ05udE]]></document>
		<document><![CDATA[Must have been my tweet that changed his mind 😒 https://t.co/ahG2Xe3FBm]]></document>
		<document><![CDATA[And he should be ashamed of himself. https://t.co/ObRAO5vUyZ]]></document>
		<document><![CDATA[@Metrobusinfo I didn't. It was about 4:30. Southbound A9 by 14th and K.]]></document>
		<document><![CDATA[Thanks, @wmata A9 bus driver, for driving right past me today at 14th and K after I waited for 15 minutes at the stop. What a treat. 🖕]]></document>
		<document><![CDATA[Thanks for the bipartisan love @CBeeLaw #unity https://t.co/j2nfaxwE02]]></document>
		<document><![CDATA[Trending isn’t always a good thing, and other thoughts I wrote down for @RacepointGlobal’s blog #Debates2016 https://t.co/IciNxp87oP]]></document>
		<document><![CDATA["Rosie O'Donnell, someone that's been very vicious to me" - the guy running to command the United States Military.]]></document>
		<document><![CDATA[Congrats on the ICE endosement. #youcanthaveapartywithoutice https://t.co/4ZxyF6G1rU]]></document>
		<document><![CDATA[...the hotel where they'll sell you a *spoonful* of wine. https://t.co/my69CbI1gz https://t.co/wt9xw2DVsA]]></document>
		<document><![CDATA[@ztiworoh Bobby Newport has a better favorable/unfavorable split, though.]]></document>
		<document><![CDATA[#DesignatedSurvivor is already making @ScandalABC look plausible.]]></document>
		<document><![CDATA[Looks like CTU got a major upgrade...and moved to the White House. Seems legit. This show is *ridiculous.* #DesignatedSurvivor]]></document>
		<document><![CDATA[30 minutes into my commute and I've made it two stops. Thanks, #wmata.]]></document>
		<document><![CDATA[Trump lives in a world with no facts, and Pence lives in a world with no Trump. https://t.co/7RM6054wvP]]></document>
		<document><![CDATA[@allisonmpreiss where is the barfing emoji when you need it?]]></document>
		<document><![CDATA[It's truly awful to see how someone so willfully ignorant of how the US military works... Is so terrifyingly close to commanding it. #trump]]></document>
		<document><![CDATA[He knows literally nothing, about anything.  https://t.co/cGw25jMyQp]]></document>
		<document><![CDATA[This isn't how diplomacy works.  https://t.co/uGYUSZKcvu]]></document>
		<document><![CDATA[This is a shameful and disgusting view of our military (and frankly, of humanity). He is appalling.  https://t.co/96Y7xIBWRo]]></document>
		<document><![CDATA[Just finished watching this last night, so the announcement is perfectly timed!  https://t.co/jIQXu0YCvR]]></document>
		<document><![CDATA[Why WOULDN'T you?? This sounds awesome. https://t.co/UIUAvcgvLC]]></document>
		<document><![CDATA[TIL I'm one day older than @usainbolt . Happy almost-30, birthday buddy! #werebothsuccessfulinourfields]]></document>
		<document><![CDATA["We never win anymore!" https://t.co/xsL2I8FBE9]]></document>
		<document><![CDATA[Geno, being awesome: "We’re never going to apologize for setting a standard that other people aspire to achieve." https://t.co/9wXZJbO3nH]]></document>
		<document><![CDATA[This crash was brutal and scary. Hope #vanvleuten has a full, quick recovery. #Rio2016 https://t.co/702d4gZlDD]]></document>
		<document><![CDATA[@nbc do you think maybe more women are watching the games because networks hardly ever broadcast women's sports?]]></document>
		<document><![CDATA[@nbc and like all sports fans, we'd rather that the results not be spoiled an hour ahead of time on Twitter.]]></document>
		<document><![CDATA[@nbc women are sports fans, too. We wouldn't watch if we didn't care about who wins and loses on the greatest stage in the world.]]></document>
		<document><![CDATA[Hey @nbc don't blame women for the idiotic tape delay. *I care who wins* #Olympics2016 https://t.co/YowL8KEGbj]]></document>
		<document><![CDATA[Look beyond shiny, new products—#innovation stems from problem solving #MITXDisrupt https://t.co/tp5fJCMnoE via @Allison_Frieden]]></document>
		<document><![CDATA[[hyperventilates] https://t.co/UBycKDERRz]]></document>
		<document><![CDATA[DNC really went all in for the oversize balloons, and they are pretty sweet.]]></document>
		<document><![CDATA[Tonight was momentous. We have a woman nominee for President, and #ImWithHer https://t.co/Ejx6LHFSy0]]></document>
		<document><![CDATA[I'm SO with her. #ImWithHer #StrongerTogether]]></document>
		<document><![CDATA[So. Proud. #ImWithHer https://t.co/xOWbqqBTub]]></document>
		<document><![CDATA[Love this https://t.co/WlZXQs6zLB]]></document>
		<document><![CDATA[The "they're not details if it's your kid, if it's your family" line is fantastic.]]></document>
		<document><![CDATA[While Gen. John Allen notes that @HillaryClinton would never use the US military as an instrument of torture. https://t.co/BY4GLzwjdy]]></document>
		<document><![CDATA[Hey, it's Jack Donaghy's nemesis!]]></document>
		<document><![CDATA[@ztiworoh nearly dropped &amp; did 20 pushups at the end of that endorsement. Just out of instinct.]]></document>
	</documents>
</author>