<author lang="en">
	<documents>
		<document><![CDATA[@ellen_pilsworth That's pretty much my story too. I'd love to see you next time I'm in London x]]></document>
		<document><![CDATA[@ellen_pilsworth ELLEN. How are you?]]></document>
		<document><![CDATA[@RuPaul WHAT]]></document>
		<document><![CDATA[He did not just do this. https://t.co/uj8K84TkzW]]></document>
		<document><![CDATA[Me when I'm sick and I go to mamma bear for sympathy 

https://t.co/WXMzyZkI0D]]></document>
		<document><![CDATA[The world is turning horrifically Fascist and this time we didn't even get a fun Jazz Age before it.

https://t.co/Z0ciiLRQWW]]></document>
		<document><![CDATA[@TheRealElvira I think about this all the time https://t.co/VTRqEZl7yI]]></document>
		<document><![CDATA[Watching Hurricane Bianca with my mum, who wants a son in law like Richard. I don't think I'm his type 😭😂💔 @TheBiancaDelRio]]></document>
		<document><![CDATA[If you ever feel like you're messing up, remember Linda Evangelista on the Chanel runway in Fall 1991. Everyone mak… https://t.co/YfhEmal71g]]></document>
		<document><![CDATA[Whenever I start revising my du Maurier chapter I watch @RealDMitchell's Mrs Danvers to cheer up https://t.co/9BLUR8dN4I]]></document>
		<document><![CDATA[@gazelleseries Cool! I'll watch later when I finish working.]]></document>
		<document><![CDATA[@anakinsella That's actually really cute!]]></document>
		<document><![CDATA[I hope it's a second waterslide! https://t.co/AfSkEY2bJ9]]></document>
		<document><![CDATA[The horror https://t.co/TENhq0fSca]]></document>
		<document><![CDATA["Delete that Maximilian! Don't you dare hang it in the Great Hall". https://t.co/bGmB9IpapI]]></document>
		<document><![CDATA[“Really, really effective. They used to use it for all uppity women who didn’t know when to keep their mouths shut."
https://t.co/Bir4EEdqww]]></document>
		<document><![CDATA[@caphillseries Please tell me there's a season three?]]></document>
		<document><![CDATA[Things are getting worse and worse for Theresa May. Can't believe the poor thing has to have a "special relationship" with Donald Trump 😫]]></document>
		<document><![CDATA[Helen has started watching Drag Race and she's already hooked. @GrainneClear 👏

https://t.co/3tdk2MMSq1]]></document>
		<document><![CDATA[Another Daphne movie 👏👏👏👏 Rachel weisz is perfect for that role https://t.co/kofCIMtel9]]></document>
		<document><![CDATA[Ok that picture of Melania Trump looking lonely made me so sad]]></document>
		<document><![CDATA[Ruth Negga is my favourite Irish actress. 

https://t.co/LaAKOxjfON]]></document>
		<document><![CDATA[@laurahannawhite @magicgoeshere you're always finding cats. One time when I was at your house there were 12 of them in your garden]]></document>
		<document><![CDATA[@Southldntabby @GrainneClear We're like a secret society with code names. It confuses the non-Irish speakers. Ha!]]></document>
		<document><![CDATA[@Southldntabby @GrainneClear Grá have you watched either of the Allstar seasons? If not you have 4!. And then S9 will be out in March right?]]></document>
		<document><![CDATA[@Southldntabby She's incredibly sweet! How unfair is it that @GrainneClear is only beginning S7? So jealous she has two seasons to go.]]></document>
		<document><![CDATA[@Southldntabby Awh lil Trixie! She's a pet. Did you see her adorable message to Kim Chi in Untucked?]]></document>
		<document><![CDATA[@Southldntabby Mine in order: 1. Jinkx, 2. Violet 3. Latrice 4. Alyssa 5. Sharon. Bonus Alaska. I'm old school! None after S5 except Violet]]></document>
		<document><![CDATA[@Southldntabby NO really?]]></document>
		<document><![CDATA[@Southldntabby sickening death drop tho]]></document>
		<document><![CDATA[@Southldntabby I know she's a pet and everything but.. I just can't. I think it's the "props to ya mamma"]]></document>
		<document><![CDATA[@GrainneClear @michellevisage she's so quotable ❤️❤️❤️ "I think ratchet footnotes are your thing"]]></document>
		<document><![CDATA[@Southldntabby your lip sync to stream of consciousness was more Dorothy Gale than Dorothy Richardson. Shasay away]]></document>
		<document><![CDATA[Last night I dreamt that @michellevisage was my external examiner for my PhD and she didn't think my dissertation was polished enough 😭]]></document>
		<document><![CDATA[Why does everyone outside Ireland insist on doing this? 😭 https://t.co/6ihX4jaeBV]]></document>
		<document><![CDATA[@JinkxMonsoon good to know the majority of people are still decent 🌈]]></document>
		<document><![CDATA[Spot of bother https://t.co/Y57UOprZp7]]></document>
		<document><![CDATA[Today for crafternoon the girls and I are doing acrylic paintings 🎨 https://t.co/WhQJFeQuDc]]></document>
		<document><![CDATA[@JinkxMonsoon Well that took....three hours.]]></document>
		<document><![CDATA[#Inauguration #InaugurationDay2017 #Inauguration2017 #Trump https://t.co/VOYJimHtR1]]></document>
		<document><![CDATA[Christ on a bike that's terrifying https://t.co/e9eYQ7DK9Y]]></document>
		<document><![CDATA["AND WIFE" https://t.co/w3rYvviIRC]]></document>
		<document><![CDATA[Look at all those happy unoppressed white men! #Inauguration #TrumpsTragicInauguration #InaugurationDay2017 https://t.co/dprkkQVojF]]></document>
		<document><![CDATA[Yawning at his own inauguration #TrumpsTragicInauguration #Inauguration #InaugurationDay2017 https://t.co/2qVhpH6iTu]]></document>
		<document><![CDATA[@Victoria_Secret Oh defo. Iconic Madonna. But these crust old white men just can't pull it off like she can]]></document>
		<document><![CDATA[@Victoria_Secret I'm offended by all the cowboy hats. They haven't been in since Madonna's Don't Tell Me music video]]></document>
		<document><![CDATA[Michelle has not smiled once. #Inauguration #InaugurationIn5Words]]></document>
		<document><![CDATA[@Tufftruth It's very odd treatment of a child]]></document>
		<document><![CDATA["STAY AT LEAST FIVE PACES BEHIND ME AT ALL TIMES BARRON" #Inauguration #TrumpInauguration https://t.co/nlb6CCF5zy]]></document>
		<document><![CDATA[Hillary Clinton is so poised and magnanimous.]]></document>
		<document><![CDATA[Someone actually wore a cowboy hat #InaugurationFashion #Inauguration]]></document>
		<document><![CDATA[Bernie Sanders is the erratic scientist in 90s disaster movies who knows the apocalypse is coming but nobody listens cause he looks shabby]]></document>
		<document><![CDATA[Every second person is wearing fur. My mother is very offended. #Inauguration]]></document>
		<document><![CDATA[There's still time for you to print off your Donald Trump Inauguration Bingo Card. #Inauguration #TrumpInauguration https://t.co/vXMURvbD9s]]></document>
		<document><![CDATA[Can't figure out if that "Are you 100% Irish?" guy used the best or the worst chat up line ever. #FirstDatesIRL]]></document>
		<document><![CDATA[@helenksaunders Word. I'm going to hit you up sometime for advice too! :)]]></document>
		<document><![CDATA[@helenksaunders Excellent, glad you got what you're looking for!]]></document>
		<document><![CDATA[@helenksaunders Defo Declan Kiberd for Synge, and I think Deirdre McFeely talks about this in her chapter on The Shaughran..]]></document>
		<document><![CDATA[NEWSFLASH

https://t.co/NAvSB4ZrJt]]></document>
		<document><![CDATA[Every day I love Cher a little bit more. https://t.co/zBXgipRmKQ]]></document>
		<document><![CDATA[I don't know why, but this is the funniest thing I've ever seen.

#trump #TrumpInaugural https://t.co/ScuGbnsEGt]]></document>
		<document><![CDATA[@jennyharicot the two of us are such saps 😂 but prize-winning saps 🏆]]></document>
		<document><![CDATA[@jennyharicot awh, I'll give you a number one prize! https://t.co/ydLsr5nowO]]></document>
		<document><![CDATA[Well that's an interesting way to undermine the binary... https://t.co/CszFCEPjGu]]></document>
		<document><![CDATA[@calrevelycalder Someone call the Nobel Prize people.]]></document>
		<document><![CDATA[Jean Rhys is so beautiful https://t.co/hV2KmkLf7R]]></document>
		<document><![CDATA[Pretty sure this is @Joslyn_Fox on this greeting card https://t.co/3Ujsglx2vm]]></document>
		<document><![CDATA[@knowhowtohelp it's impossible to get a response from support?]]></document>
		<document><![CDATA[What a poll 😂

https://t.co/HYi7ppGDuY]]></document>
		<document><![CDATA[@helen_charman the university holds you dear]]></document>
		<document><![CDATA[@helen_charman Cackling]]></document>
		<document><![CDATA[Would anyone like to come with me to donate blood this week?]]></document>
		<document><![CDATA[Great news!

https://t.co/BTPkqSxaTU]]></document>
		<document><![CDATA[Me hanging out with children to whom I am related https://t.co/3ENERPlOkJ]]></document>
		<document><![CDATA[@CiamhieMc @hughie_maughan Hughie is such a sweetie.]]></document>
		<document><![CDATA[I can't stop laughing at @TheRobbieTurner in Capitol Hill. Pure sass.]]></document>
		<document><![CDATA[@Southldntabby Oh god what a cutie &lt;3]]></document>
		<document><![CDATA[@yascaoimhin congrats! Very cute]]></document>
		<document><![CDATA[When attempts at cultural appropriation backfire horribly 😨Poor guy, that is so permanent. #ireland https://t.co/43XqFrrpec]]></document>
		<document><![CDATA[Taking a break to watch Chad Michaels talking about how much he loves Cher. I needed this. https://t.co/p05eUqKPol]]></document>
		<document><![CDATA[@Shane_RossTD @DenisNaughten Might not have happened if you hadn't cut funding to maintaining cycle lanes. Just saying.]]></document>
		<document><![CDATA[@Southldntabby there's got to be a template for her somewhere. There's quite a selection https://t.co/aIR2Ql6B5R]]></document>
		<document><![CDATA[My plan for dry January is to work on my cross stitch https://t.co/5zfiNlRF8l]]></document>
		<document><![CDATA[Don't act like you know music if you don't know who this is https://t.co/7UETqB51ZY]]></document>
		<document><![CDATA[@Ed_Miliband hope you find your missing items soon! 🍫📖]]></document>
		<document><![CDATA[Today I had a non-Irish visitor. He drinks weak tea and he is a monster 😷 https://t.co/Wvxoxz5AuJ]]></document>
		<document><![CDATA[Ah that's quite cute

https://t.co/luZStJB6VM]]></document>
		<document><![CDATA[One very lucky member of the gal pals has me as their Nollag na mBan/ cohort mashup secret Santa. https://t.co/9vdI43xUIS]]></document>
		<document><![CDATA[I am this vegan https://t.co/DUfTkc6cHU]]></document>
		<document><![CDATA[RIP Tilikum. A shame Sea World didn't have the decency to release him before he died. https://t.co/J7lPLkMNAe]]></document>
		<document><![CDATA[@CathalWogan I think we're talking the same language. Our hypothetical future dogs deserve nothing but the utmost respect.]]></document>
		<document><![CDATA[@CathalWogan My dog will be named The Good King Mugglewump.]]></document>
		<document><![CDATA[@CathalWogan Full names I can deal with. Giving them full names somehow acknowledges that they are better than us.]]></document>
		<document><![CDATA[I hate when dogs have human names.Paul. Paul is not a dog's name. Paul is the name of someone who worries about tax hikes. Not for a beagle.]]></document>
		<document><![CDATA[@JoeyKavanagh_ YAY. She's my number one. Then comes Alyssa, Latrice, Violet, and Alaska. Bonus is Kim Chi. But all of them are wonderful.]]></document>
		<document><![CDATA[@JoeyKavanagh_ She is such a beautiful soul! Monsoon season every season.]]></document>
		<document><![CDATA[Well I don't know what I was expecting really. https://t.co/BdWm3xLMEI]]></document>
		<document><![CDATA[@Barry_Smith_79 often marginalises them further. Personally I don't think that's right. But you are entitled to your opinion of course. 2/2]]></document>
		<document><![CDATA[@Barry_Smith_79 I'm not sure they're trying to tell you how to think.They're acknowledging that hurtful opinions about minorities 1/2]]></document>
		<document><![CDATA[@Barry_Smith_79 Fair enough, but with respect, if your opinion harms others then there probably is something a little off. Peace x]]></document>
	</documents>
</author>