<author lang="en">
	<documents>
		<document><![CDATA[@JohnSmithChgo @citizengatsby @aseitzwald yes, and they'll continue to lose political ground to fascists while doing so]]></document>
		<document><![CDATA[@JohnSmithChgo @citizengatsby @aseitzwald although plenty of centrist Dems would rather ally with ppl like you then Bernie, to be fair]]></document>
		<document><![CDATA[@JohnSmithChgo @citizengatsby @aseitzwald lol even Hillary didn't go that far, sure you aren't getting your talking points mixed up?]]></document>
		<document><![CDATA[international bribery and private death squads are back baby! https://t.co/5FqgZ4dmKn]]></document>
		<document><![CDATA[@JohnSmithChgo @citizengatsby @aseitzwald you got me Captain! you are doing the #StillWithHer crowd proud, keep up the good work!]]></document>
		<document><![CDATA[@JohnSmithChgo @citizengatsby @aseitzwald Wow! no one knows about these stories previously published on national news outlets??? incredible!]]></document>
		<document><![CDATA[@JohnSmithChgo @citizengatsby @aseitzwald oh man, well hopefully you break the story wide open Captain]]></document>
		<document><![CDATA[@citizengatsby @aseitzwald i wonder if that means anything? probably not though...]]></document>
		<document><![CDATA[@citizengatsby @aseitzwald yes, the party with 38% favorability rejected the candidate with 53% favorability and lost the GE. we agree.]]></document>
		<document><![CDATA[@citizengatsby @aseitzwald yes, why would we pay attention to popularity....in politics....🤔🤔🤔🤔🤔]]></document>
		<document><![CDATA[@aseitzwald for your responses disconnected from reality, a little dose of it https://t.co/kS6VnNMmVw]]></document>
		<document><![CDATA[@cloakedwolf lol in this case with the transportation secretary, it's literally a case of making the trains run on time]]></document>
		<document><![CDATA[@cloakedwolf we have an emergency situation where border patrol is ignoring federal courts, fuck competency it's a constitutional crisis]]></document>
		<document><![CDATA[@cloakedwolf it doesn't matter, no one should be confirmed easily until the EO's are revoked. No business as usual]]></document>
		<document><![CDATA[Can you speak on this @CoryBooker in favor of negotiating prices? https://t.co/cbYGLvD1H4]]></document>
		<document><![CDATA[@SankofaBrown salute to you for putting up with this type of nonsense everyday, i appreciate following you, just one convo making me angry]]></document>
		<document><![CDATA[@davidpoms @MarsainForbes @JlnFrancisco bad fucking politics from Dems got us here as much as anything, political malpractice]]></document>
		<document><![CDATA[@MarsainForbes @JlnFrancisco man fuck you, i'm talking about peoples fucking lives and livelihoods being destroyed b/c Dems sold them out]]></document>
		<document><![CDATA[@JlnFrancisco @MarsainForbes exactly, that was nearly my family! imagine if they'd prosecuted even one fucking banker for 2008 crimes, jfc]]></document>
		<document><![CDATA[@JlnFrancisco @MarsainForbes just on the strength of the HAMP program alone, if they'd used it 2 full ability, dems might have held WI/OH/MI]]></document>
		<document><![CDATA[@MarsainForbes @JlnFrancisco the mid-terms where dems got crushed weren't acts of nature - they had a chance and blew it]]></document>
		<document><![CDATA[at least try to win the 2018 midterms for fucks sake @ChrisCoons @chuckschumer @SenateDems]]></document>
		<document><![CDATA[what do you think happens when this case gets to the Trump 5-4 Sup Court??? https://t.co/YkjqppYNZJ @ChrisCoons @chuckschumer @SenateDems]]></document>
		<document><![CDATA[u won't have a base to support u "next time" if you don't resist this nomination u worthless cowards @ChrisCoons… https://t.co/WcNYJIFuaD]]></document>
		<document><![CDATA[@genericmetsfan @AlbertBreer all of your teams suck]]></document>
		<document><![CDATA[@KatelynACrist @PunishedBryan @ItsTonyNow @McAllisterDen @FDRLST the fear is coming from inside your brain]]></document>
		<document><![CDATA[@samknight1 how much longer can Senate Dems delay Sessions appointment?]]></document>
		<document><![CDATA[@felixgilman thx for the follow, i very much enjoyed Half-Made World and Rise of Ransom City]]></document>
		<document><![CDATA[@DonaldRichard @max_read @fmanjoo @MikeIsaac its the consumerist reality we've built, especially elastic biz like Uber that depends on brand]]></document>
		<document><![CDATA[@Bro_Pair almost like their #'s werealways negligible but hyped by media more comfortable profiling them then left orgs like @DemSocialists]]></document>
		<document><![CDATA[@jnthnwll all praise to the other John Wall, Bradley Beal, and especially Otto for upping his game]]></document>
		<document><![CDATA[@AllezLesBoulez @ryanlcooper @MattBruenig @hamandcheese yes, way more overall voters likely as well]]></document>
		<document><![CDATA[@TheBpDShow lol her bio is a standard and dumb conservative attack on left economics anyway, how did she even begin following you]]></document>
		<document><![CDATA[@NolanDMcCaskill @SenSchumer will he also obstuct and delay all of these appointments?]]></document>
		<document><![CDATA[@lukeoneil47 @jdcrowley @historyinflicks @CharlesPPierce @AaronBaczkowski Bernie would have won at least points a way forward]]></document>
		<document><![CDATA[@RyanHoulihan @kathbarbadoro @RegressiveElf Obama announced he's going to support a group working on gerrymandering]]></document>
		<document><![CDATA[the healthcare debate in miniature: they can't stomach rolling back ACA, but a system requiring this much advertisi… https://t.co/Y882kyWNqe]]></document>
		<document><![CDATA[@ejoema *pro-forced birth]]></document>
		<document><![CDATA[@DCHealthLink have you all released tax form 1095-A yet for people who bought plans through you? how do i access it if so?]]></document>
		<document><![CDATA[The Washington Wizards Basketball Organization is having a lot of fun tonight]]></document>
		<document><![CDATA[@emptywheel at least with #3 you could make a lot of s'mores]]></document>
		<document><![CDATA[@ryanlcooper you may qualify for inclusionary zoning, not a bad deal to save some money on rent]]></document>
		<document><![CDATA[@LarryWebsite Gandhi and Tolstoy 's letters to each other are interesting]]></document>
		<document><![CDATA[@navyseal6 @NotoriousWojo @tomcolicchio @gailsimmons bad day to use this talking point - Aetna admitted that's a lie https://t.co/qsiBJud5ac]]></document>
		<document><![CDATA[@jelani9 "if president trump is serious about a new policy to help American workers" is praise? sounds like a call out]]></document>
		<document><![CDATA[@conor64 the point is that 'beating' his ideas isn't effective - it normalizes them]]></document>
		<document><![CDATA[@DougHenwood if you hate capitalism, starve? i don't get it]]></document>
		<document><![CDATA[@JordanSchachtel yeah you seem really concerned about the poor https://t.co/fAbjahum4c]]></document>
		<document><![CDATA[@micahuetricht nah I had to leave for a meeting this afternoon, good luck with coverage though]]></document>
		<document><![CDATA[@JAMyerson ok I thought I recognized you earlier with @micahuetricht @MilesKLassin @JustinSMcCarthy, turns out I follow you here already]]></document>
		<document><![CDATA[CONTACT CONGRESS! Demand no cuts &amp; an expanded #Medicare4All! It only takes a minute to make a call. https://t.co/P9W4QhzGPW]]></document>
		<document><![CDATA[@DougHenwood @peterdaou @davidsirota well that's a sign of the fucking times. Congrats David]]></document>
		<document><![CDATA[@RadioFreeTom @NaheedMustafa bets a solution: break up media monopolies]]></document>
		<document><![CDATA[@JustinWolfers lol what]]></document>
		<document><![CDATA[Wall and Gortat came to play @ChrisB06 @HeyAnjan]]></document>
		<document><![CDATA[@prisonculture same people complimenting the emperor on his fancy new clothes]]></document>
		<document><![CDATA[@ClintSmithIII Welcome back]]></document>
		<document><![CDATA[@elonjames here's an article about DC restaurants donating to local charities during inaug weekend https://t.co/bgodgAY05f]]></document>
		<document><![CDATA[@gheorghetheblog okay @waty63 and I are on the same wavelength here]]></document>
		<document><![CDATA[@gheorghetheblog for me personally, Rod Strickland, but the correct answer is every player traded who became an All-Star somewhere else]]></document>
		<document><![CDATA[@TheMDMilkman @StreetFightWCRS @samknight1 @SamSacks @ByYourLogic i would take them if available still]]></document>
		<document><![CDATA[@ejoema poor guy is wrapped up in a blanket next to us now - we gave him some anti-anxiety stuff to chill, he was shaking so hard]]></document>
		<document><![CDATA[Some asshole just set off a massive firework in the alley under our window and scared our dog half to death. is that necessary]]></document>
		<document><![CDATA[@MikeDSykes this reminded me of one my favorite ever tweets on here https://t.co/p0CEaJFhTD]]></document>
		<document><![CDATA[@clob9444 @xeni and yet u can't cite a single source and think non-citizens account for 35% of HC $$. laughable. i'm moving on, bye now]]></document>
		<document><![CDATA[@clob9444 @xeni businesses have bottom lines that they rigorously study. you should try it sometime]]></document>
		<document><![CDATA[@clob9444 @xeni you do realize that any working non-citizen in the US pays medicare taxes right?]]></document>
		<document><![CDATA[@clob9444 @xeni yes, that is also inhumane]]></document>
		<document><![CDATA[@clob9444 @xeni if you want to understand actual research on health care cost factors, i suggest you start here https://t.co/hvdNck81OV]]></document>
		<document><![CDATA[@clob9444 @xeni 25-35%? i can't deal with an "economist" who just makes up numbers]]></document>
		<document><![CDATA[@clob9444 @xeni not only is turning away non-citizens inhumane, its counterproductive. preventive care is cheaper then ER. cover everyone]]></document>
		<document><![CDATA[@clob9444 @xeni a monopoly is a market w/one seller. i'm referring to a market w/one buyer, or monopsony. refer back to my first graph]]></document>
		<document><![CDATA[@clob9444 @xeni yes, so reduce the waste via creating a buyer monopoly in the HC market. also, total costs? lol]]></document>
		<document><![CDATA[@clob9444 @xeni single payer system would raise taxes but also eliminate all private insurance premiums, so net positive for 95% of people]]></document>
		<document><![CDATA[@clob9444 @xeni the solution is to reduce their market power, in this case via monopsony - only allow 1 buyer (gov't) in market]]></document>
		<document><![CDATA[@clob9444 @xeni the #1 factor associated with high HC spending in the US is the market power of doctors, pharma, and hospitals]]></document>
		<document><![CDATA[@clob9444 @xeni you are an economist unfamiliar with OECD data on public expenditures? https://t.co/i6xkEHfbAZ]]></document>
		<document><![CDATA[@clob9444 @xeni full coverage with one single payer of all medical bills would give us tools to radically lower costs, not increase them]]></document>
		<document><![CDATA[@clob9444 @xeni the way to stop hospitals (&amp; pharma &amp; doctors) from jacking up prices is to have one single payer that negotiates the prices]]></document>
		<document><![CDATA[@clob9444 @xeni you are right that uninsured people using ER is expensive but the solution is access to primary care via insurance coverage]]></document>
		<document><![CDATA[@clob9444 @xeni wrong again. we spend way less on social welfare than many developed countries and the ways in which we do are dumb]]></document>
		<document><![CDATA[@clob9444 @xeni the taxes you'd pay for single payer healthcare would be much less than premiums paid by you or your employer right now]]></document>
		<document><![CDATA[@clob9444 @xeni buddy, we spend way more than any European country on health care and have much worse results https://t.co/may5huYxGh]]></document>
		<document><![CDATA[@clob9444 @xeni all those canadians, japanese, and europeans with single payer systems would beg to differ]]></document>
		<document><![CDATA[@VanHorn12 @KiranOpal @latimes i'm saying the safety excuse is a crock and the 21st century cures act shows it]]></document>
		<document><![CDATA[@VanHorn12 @KiranOpal @latimes i mean in this case he voted correctly, perhaps for election purposes?]]></document>
		<document><![CDATA[@KiranOpal @VanHorn12 not to mention many Congresspeople just voted to reduce FDA safety standards...https://t.co/oXec7ocs3t]]></document>
		<document><![CDATA[this is literally the ACA https://t.co/RWpSAujCPQ]]></document>
		<document><![CDATA[@ejoema yes! Great dystopian sci-fi and scarily predictive]]></document>
		<document><![CDATA[@ejoema did you ever read Parable of the Sower? the president in that book uses the same slogan. i hope it gets buried, salted, and burned]]></document>
		<document><![CDATA[@Cato_of_Utica the liberal relationship to purity should be examined in more detail]]></document>
		<document><![CDATA[@ejoema imo better slogans are future focused, like yes we can and another world is possible. Conservative nostalgia based on lies]]></document>
		<document><![CDATA[@ejoema the problem with that phrase is, when was America great before?]]></document>
		<document><![CDATA[@daveweigel change the name of single payer to Trumpcare and i'll take it]]></document>
		<document><![CDATA[@eveewing hard boiled eggs with an avocado in the morning is great]]></document>
		<document><![CDATA[@karrer78 @bhughesisnext in other words, Bernie would have won]]></document>
		<document><![CDATA[@JamesSACorey woah spoiler alert]]></document>
		<document><![CDATA[@MazMHussain business opportunity]]></document>
		<document><![CDATA[@mattdpearce wow this would get a ton of traffic today - "for every war in vietnam we're gonna pick up two great societies in the suburbs"]]></document>
		<document><![CDATA[@Fryetopia oh definitely a good boy https://t.co/KzzIFv8KHS]]></document>
	</documents>
</author>