<author lang="en">
	<documents>
		<document><![CDATA[@JimStax @LiveEUDebate they will soon]]></document>
		<document><![CDATA[@GuyVerhofstadt do you not get it? Most of the UK have left already its just details now 👋]]></document>
		<document><![CDATA[@Independent another perfect response ? Can you not come up with anything else?]]></document>
		<document><![CDATA[Should John Bercow stay on as speaker? No - he's an arrogant, infuriating twerp. What do you think? https://t.co/Tnjyzxjfd3]]></document>
		<document><![CDATA[“Evil little runt” Bercow helps our corrupt MPs steal even more of our money  https://t.co/OLR6VrO1xm.]]></document>
		<document><![CDATA[@piersmorgan @realDonaldTrump I hope not I want to cheer him down The Mall with a big sign You are Welcome to the people's London]]></document>
		<document><![CDATA[@varels_Mega disgusting! he is meant to be impartial I hope there is a backlash awful awful man]]></document>
		<document><![CDATA[@LBC @Nigel_Farage tabloid trash]]></document>
		<document><![CDATA[@TelegraphSci @CdLutetia my dad puts marge on his bread so gross]]></document>
		<document><![CDATA[The fact is EU nationals over here are a bargaining chip for the UK government and that's how it is just admit it]]></document>
		<document><![CDATA[@KTHopkins @Varneyco @FoxNews @MailOnline very eloquently put love the earrings too x.]]></document>
		<document><![CDATA[@WantEnglandBack Buckingham says piss off too]]></document>
		<document><![CDATA[Sick to death of these holier than thou arseholes slagging Trump off they are far from perfect such hypocrites 😞]]></document>
		<document><![CDATA[@DavidJo52951945 once a prick always a prick]]></document>
		<document><![CDATA[@Daily_Express how can they boycott him he doesn't want to go to Westminster why should he? Divs.]]></document>
		<document><![CDATA[@TheSun leftie teachers has been missed out]]></document>
		<document><![CDATA[@varels_Mega cos its not that great 😂]]></document>
		<document><![CDATA[@Sascha77_AUT too right Ted Malloch is fabulous how dare they!]]></document>
		<document><![CDATA[@KTHopkins she can't even spell scum Bethany you are a piece of trash]]></document>
		<document><![CDATA[@Daily_Express London will always be king]]></document>
		<document><![CDATA[@TaleahPrince thats all he does blasts Brexiteers wtf else is he good for?]]></document>
		<document><![CDATA[@Nigel_Farage @itvnews yes indeed many congrats to Liz xxx]]></document>
		<document><![CDATA[@BBCNews @BBCWorld well hes an attractive man why shouldnt he have a girlfriend ?]]></document>
		<document><![CDATA[@marshawright objects in the rear view mirror seem closer than they are. Words by Magne F]]></document>
		<document><![CDATA[@PeterSweden7 Sweden has fallen so sorry for your ppl]]></document>
		<document><![CDATA[@europafreunde knife crime is rife]]></document>
		<document><![CDATA[@TheSun could? it bloody does believe me!]]></document>
		<document><![CDATA[@varels_Mega why they stranded? deport them]]></document>
		<document><![CDATA[@heatnplumb @BBCNews what? ffs you should have 3 yu have to recycle loo rolls and tablet boxes too]]></document>
		<document><![CDATA[@Daily_Express oh me too]]></document>
		<document><![CDATA[@realDonaldTrump not forgetting the @BBCNews polls]]></document>
		<document><![CDATA[@varels_Mega what about the dinosaurs in the HOL???]]></document>
		<document><![CDATA[@TrumpLoves_Amer damn this man speaks my language]]></document>
		<document><![CDATA[@DabneyPorte @rratkinson @realDonaldTrump @FLOTUS the UK too x]]></document>
		<document><![CDATA[@bob981949 time to get rid of these irrelevant corpses who should have no rights at all]]></document>
		<document><![CDATA[@BBCNews @BBCWorld tooting my arse]]></document>
		<document><![CDATA[@BBCNews this poll is bull. all speculation wot will happen wot could happen so actually NOTHING has happened get a life &amp; report real news]]></document>
		<document><![CDATA[@varels_Mega Well we certainly know how 2 do state visits I hope he is warmly received by the Royals &amp; Parliament dont deserve his presence]]></document>
		<document><![CDATA[@Independent so heartbreaking and this is exactly why the authorities have no right over our bodies]]></document>
		<document><![CDATA[Sportsmen need to stop having hissy fits and grow up such anger!]]></document>
		<document><![CDATA[@BBCEngland what is an English name not Jones then?]]></document>
		<document><![CDATA[@KTHopkins she is also visually repellant and is the spit of that well known American chubby Fat Albert hey hey hey]]></document>
		<document><![CDATA[@Daily_Express where's the pic of the new boyfriend?]]></document>
		<document><![CDATA[@Daily_Express wasnt bloody underwhelming can't wait for the final episode]]></document>
		<document><![CDATA[@Fabulousmag @TheSun why the hell didn't she have Caesareans those babies were massive?]]></document>
		<document><![CDATA[@realDonaldTrump Judges have too much power its the same in the UK fed up with it! Stop them all Mr T]]></document>
		<document><![CDATA[@DavidJo52951945 disgusting fuel bills going up 2 this is wot the idiots should b protesting about not Trump Ofgem wankers! Council wankers!]]></document>
		<document><![CDATA[@BryanLlenas @FoxNews no hate there 😍]]></document>
		<document><![CDATA[@TheSun helping her with some where to stay lmao! 😂]]></document>
		<document><![CDATA[@BBCNews saying Le Pen has no chance]]></document>
		<document><![CDATA[@GermanAtPompey @LiveEUDebate the EU won't be having that]]></document>
		<document><![CDATA[@Independent why is it that everyone who disrespects Trump has the perfect answer on your biased feed. Please put a cork in it.]]></document>
		<document><![CDATA[@Thoootje10 its good for the UK]]></document>
		<document><![CDATA[@LBC if the French had any backbone they would vote Le Pen but sadly they dont]]></document>
		<document><![CDATA[@TheSun harry knows fuck all about reality]]></document>
		<document><![CDATA[@realDonaldTrump take the judge's power away you are the president for crying out loud !!!!]]></document>
		<document><![CDATA[@Daily_Express who ? Bloody hell do we care?]]></document>
		<document><![CDATA[In the words of the great Magne Furuholmen https://t.co/erRaIxGHrL]]></document>
		<document><![CDATA[@RedHotSquirrel @TerryGDavis7 Brexit means breakfast]]></document>
		<document><![CDATA[If France vote for Macron then they are even more a bunch of pussies than I thought]]></document>
		<document><![CDATA[@Ziamp @LiveEUDebate @YahooNews what are they going to do next weekend because he is still coming to the UK?]]></document>
		<document><![CDATA[@MuleRetired its very easy we leave end of]]></document>
		<document><![CDATA[Will Pointless Celebrities never get off the TV 😞 @BBCOne]]></document>
		<document><![CDATA[@TrumpTrainNewss silly billies]]></document>
		<document><![CDATA[Patrick Geary's reports always piss me off so full of cliches and sad puns no one writes like that anymore @BBCSport]]></document>
		<document><![CDATA[@2tweetaboutit so tired of all this crap]]></document>
		<document><![CDATA[@Independent positively contributing to society? well that's fecking joke to start with]]></document>
		<document><![CDATA[@FeelTheBern11 they do know its the US not the UK where they should be protesting : dumber than dumb 😂]]></document>
		<document><![CDATA[@FoxNews @realDonaldTrump he's not wrong]]></document>
		<document><![CDATA[@GovInslee fool]]></document>
		<document><![CDATA[@MikkiL thanks to you ya twonk]]></document>
		<document><![CDATA[@CoraAtWharton @LiveEUDebate too late]]></document>
		<document><![CDATA[@Daily_Express but Merkel refuses to guarantee those rights so Spain can't on its own]]></document>
		<document><![CDATA[@TeddyUKIPClark @BBC well done Miss Brown]]></document>
		<document><![CDATA[@nytimes well I'm outraged]]></document>
		<document><![CDATA[@SiobhanFenton I'd rather pick my arse with a harpoon than watch those cretins]]></document>
		<document><![CDATA[@PrisonPlanet she's a complete bitch and won't talk directly 2 workmen you have 2 go through her slave even when she is in the same building]]></document>
		<document><![CDATA[@Newsweek_INT @LiveEUDebate which will be overturned very very shortly]]></document>
		<document><![CDATA[@psychic_gregory @The_Last_NewsPa @NanaBertie99 the UK probably]]></document>
		<document><![CDATA[@realDonaldTrump why do the judges have so much power? block them!]]></document>
		<document><![CDATA[@Hzrrifying @realDonaldTrump she cannot wait to meet you Mr Trump]]></document>
		<document><![CDATA[@realDonaldTrump yes France is a case in point]]></document>
		<document><![CDATA[@realDonaldTrump tell me about it Europe is on self destruct with all this schengen shit]]></document>
		<document><![CDATA[@martinlindsay_ @LBC but its sunny and not raining today]]></document>
		<document><![CDATA[@WarrenWhitlock 2020! Jeez we might not be here by then 😂]]></document>
		<document><![CDATA[@GudmundsonUlla @LiveEUDebate the UK should take him help us bring down the EU 😂]]></document>
		<document><![CDATA[@Neferti777 @GeorgiaDirtRoad @POTUS Love the USA thank goodness for Trump 😁x.]]></document>
		<document><![CDATA[@KendraFallon @LiveEUDebate @POTUS @realDonaldTrump @theresa_may they are scared of Trump and he doesn't want to give them the time of day]]></document>
		<document><![CDATA[France grow some balls and vote accordingly]]></document>
		<document><![CDATA[@LeaveEUOfficial @MargaretEllima1 @Europarl_EN @POTUS I don't want to inflict that on Trump tho]]></document>
		<document><![CDATA[@PEnglishnews @LiveEUDebate that's nice]]></document>
		<document><![CDATA[I really wish Trump would actually issue a Muslim ban so go swivel liberals! 😀]]></document>
		<document><![CDATA[@Independent they are so dumb there is no Muslim ban]]></document>
		<document><![CDATA[Muslims taking over American airports now 😢]]></document>
		<document><![CDATA[@BreitbartLondon Dewsbury is pretty screwed right now]]></document>
		<document><![CDATA[@azalben @realDonaldTrump yes he's coming to the UK to sort out all the evil here]]></document>
		<document><![CDATA[@Lin_121 and there you have it. The EU is not a friend can't wait to get the hell out!]]></document>
		<document><![CDATA[@Renown_Vet sainsburys had a stack of iceberg why you would want to buy that tasteless stuff I have no idea 😁]]></document>
		<document><![CDATA[@whitereddit @Politikking thought it was High Wycombe which also looks like this]]></document>
		<document><![CDATA[@HMachaggis but it was OK to betray the majority 😯]]></document>
	</documents>
</author>