<author lang="en">
	<documents>
		<document><![CDATA[@PoppetMo Thx. Wasn’t too upset by earlier loss of a few freshly hatched ducklings, but this one hurts a bit as the duckling was a month old]]></document>
		<document><![CDATA[Agree. Without greater integration in schools and society, te reo Māori's status as an official language is in dang… https://t.co/5HZJUQBqcD]]></document>
		<document><![CDATA[Thanks to @patrick_h_lauke for clearing this up: Yes, there is such a thing as too much Kiss in your timeline. https://t.co/XsDUyVfhqI]]></document>
		<document><![CDATA[@patrick_h_lauke Is there such a thing as too much Kiss in your timeline?]]></document>
		<document><![CDATA[@davekeyes Ha! Never heard of them, but wish I had.]]></document>
		<document><![CDATA[When people on the phone aren’t sure how to spell my last name, I tell them it’s like their favourite 80s rock band, and then they get it.]]></document>
		<document><![CDATA[Lost a duckling overnight :( Likely washed away in the stream that's raging now from all the rain yesterday and last night.]]></document>
		<document><![CDATA[@thebillygregory @jonbmetz Well played!]]></document>
		<document><![CDATA[Hmmm. 'Tis a wee bit moist out there this evening.]]></document>
		<document><![CDATA[Yikes. Search results in @TeamIntergen's Cohesion ECMS seem effectively unusable with keyboard only. Hope I'm wrong about that. #A11y]]></document>
		<document><![CDATA[It's confusing cuz Cohesion is built on MS SharePoint 2013, which itself is way more accessible out of the box. What did they do to it?]]></document>
		<document><![CDATA[Guess I'll be asking our service desk to file and retrieve all my documents. That'll be efficient.]]></document>
		<document><![CDATA[In a training session for @TeamIntergen's Cohesion ECMS for govt and wondering why so much of its functionality isn't keyboard accessible.]]></document>
		<document><![CDATA[@thebillygregory @jonbmetz Try not to talk about PDF a11y. Just try. I dare you.]]></document>
		<document><![CDATA[If you’re in San Diego on March 1st, sign up to attend the “role=drinks” accessibility meetup: https://t.co/FEk0P39oUX @roledrinks]]></document>
		<document><![CDATA[@detonite Please do. Was just about to email, so thanks.]]></document>
		<document><![CDATA[@detonite Sorry. I should have been clearer by writing “chocolate” with scare quotes.]]></document>
		<document><![CDATA[@detonite There’s no requirement to eat the chocolate to get the egg, though, is there?]]></document>
		<document><![CDATA[@aardrian You should have included some prunes.]]></document>
		<document><![CDATA[Indicate the current item in a set of related elements with the aria-current attribute. @LeonieWatson tells you how: https://t.co/Z7Gzi09nst]]></document>
		<document><![CDATA[@miss__haley @ewaccess @aardrian @sarahebourne @jalbertbowdenii I’ve seen enough Defs of Done that include a11y, but are just ignored.]]></document>
		<document><![CDATA[@karlgroves @sarahebourne @aardrian @alastc @ewaccess Compared to security, that’s definitely the case here.]]></document>
		<document><![CDATA[@sarahebourne Good point. And as @aardrian noted, there are community and cultural factors involved. @karlgroves @alastc @ewaccess]]></document>
		<document><![CDATA[@alastc I think you’re right: there’s no malicious intent to swindle a client, and the client is often complicit.]]></document>
		<document><![CDATA[@karlgroves @alastc @ewaccess There are also cultural issues at play. Direct business relations like that are too confrontational for some.]]></document>
		<document><![CDATA[+1. I recommend exactly the same thing. https://t.co/YaOrmBya0f]]></document>
		<document><![CDATA[@aardrian That’s certainly the case here. We have some internal channels where we’ll be able to share our experiences.]]></document>
		<document><![CDATA[@karlgroves @alastc @ewaccess That’s what I’ve been telling all the business units I advise.]]></document>
		<document><![CDATA[@alastc @ewaccess Bad planning and management, for sure, plus misrepresentation about their a11y expertise.]]></document>
		<document><![CDATA[@blauerpunto You’re right. We definitely need to ramp up the tough love and start saying no to work that doesn’t meet the contract.]]></document>
		<document><![CDATA[@aardrian I agree, and am frustrated how reticent govt agencies are, in my experience, to force those web firms to meet their obligations.]]></document>
		<document><![CDATA[What do *you* call it when a web firm takes contract to develop to WCAG but then claims no time is left in the sprint to make it accessible?]]></document>
		<document><![CDATA[Make your web emoji accessible with these tips from @LeonieWatson (https://t.co/HQvGYs7Jts) and @aardrian (https://t.co/c3iKhGZUfZ) #a11y]]></document>
		<document><![CDATA[@SinaBahram @stommepoes Seems long ago now, for sure. Yep, see you at CSUN. Happy that it’s in California (and for my diplomatic visa).]]></document>
		<document><![CDATA[@stommepoes I hear you! I occasionally checked in, but the world kept disabusing me of that.]]></document>
		<document><![CDATA[Second day back at work after 5 weeks holiday avoiding the world. 5 weeks obviously not long enough. Nice to see colleagues again, tho.]]></document>
		<document><![CDATA[@stommepoes It is, unless I take them away from mum :(]]></document>
		<document><![CDATA[Three little ducklings! https://t.co/wNCbTmJiT6]]></document>
		<document><![CDATA[Thanks @surkovalexander for a small flood of fixes &amp; comments on the HTML-AAM today, and just in time for Christmas! https://t.co/5FVCXoL6Cl]]></document>
		<document><![CDATA[@stommepoes Good recall, then ;)]]></document>
		<document><![CDATA[@stommepoes that's what @MSEdgeDev say at https://t.co/xJSPfpkfhT]]></document>
		<document><![CDATA[@stommepoes Those are useful animations. I wonder where the line is in terms of usefulness and least motion sickness?]]></document>
		<document><![CDATA[@stommepoes What kind of user setting?

☑ Allow nauseating transitions?]]></document>
		<document><![CDATA[@SteveBuell Nothing recently, but I’ve emailed you a link to some.]]></document>
		<document><![CDATA[@SteveBuell Good idea! Me too. Sheep all good. Saved a lamb’s life last Saturday! It was just waiting to die after hours strangled by vines.]]></document>
		<document><![CDATA[Remembered at 1am I had left hose running in lower paddock. Turns out jandals (aka flip flops) don't protect feet from sheep dung.]]></document>
		<document><![CDATA[@SteveBuell Yes, indeed. All plans ready. See you there!]]></document>
		<document><![CDATA[@SteveBuell I'm sure. Fresh curds help. Hope all is well.]]></document>
		<document><![CDATA[@SteveBuell No side trip to Balderson for some curds, or Almonte for ice cream?]]></document>
		<document><![CDATA[New outdoor hydrotherapy spa pool was delivered Tuesday. Getting set up today, just in time for Christmas! Bubbles, relaxation, stargazing.]]></document>
		<document><![CDATA[Short email thread from @webaim on web transitions and motion sickness: https://t.co/Z76iWPDxSg #a11y]]></document>
		<document><![CDATA[@MarcoInEnglish Have a great Christmas and holiday, Marco. Hope you and partner are over your flu soon.]]></document>
		<document><![CDATA[Useful report for any govt considering #a11y: Monitoring methodologies for Web Accessibility in the European Union https://t.co/33c2JKDBdq]]></document>
		<document><![CDATA[@karlgroves @detonite Have had my head in the sand lately. Is that research available somewhere?]]></document>
		<document><![CDATA[Very neat tool to help people with reading: https://t.co/s9a7wM2Fp6 Also a great example of disconnect between such tools and web #a11y.]]></document>
		<document><![CDATA[@stevefaulkner No way! Sweet as, mate.]]></document>
		<document><![CDATA[@govtnz @mr_morphic Cool. Also looks like each data table is duplicated: one is offscreen, and one is in the accordion.]]></document>
		<document><![CDATA[@govtnz @mr_morphic Nice work providing source data for the graphs. Many of the tables lack programmatic &amp; visually distinct col headers.]]></document>
		<document><![CDATA[@MichielBijl maybe, but only if it works as a MySpace plugin.]]></document>
		<document><![CDATA[@CreetureNZ That’s a paddlin’. #blocked ;)]]></document>
		<document><![CDATA[Anytime someone starts talking “innovation," I begin to suspect that they don’t have anything meaningful to say.]]></document>
		<document><![CDATA[@cookiecrook Where did all the poop emoji in your twitter name go? (That was you with all the poop emoji, wasn’t it?)]]></document>
		<document><![CDATA[@heydonworks You partially responsible for this, no? https://t.co/fe1NJFMMkq]]></document>
		<document><![CDATA[@lightweight @CreetureNZ Don’t need design: The tools exist. I think the major hurdle is security concerns, and then, um, leadership.]]></document>
		<document><![CDATA[@CreetureNZ @lightweight I know parts of .govt.nz who would pay that fee :)]]></document>
		<document><![CDATA[@CreetureNZ Their numbers are low, it is true, but they can be found in the wild.]]></document>
		<document><![CDATA[@CreetureNZ Aha! Yes. And a relatively brand new PSI exists, but it is mostly just information broadcast: no collab.]]></document>
		<document><![CDATA[@DSelitskiy Amazingly, it appears to be so :(]]></document>
		<document><![CDATA[Imagine if all NZ Govt agencies had one secure, accessible space where they could communicate, share and collaborate. #waitingForTheInternet]]></document>
		<document><![CDATA[@mlascarides Good call. Would necessarily include seagull hair and a modicum of whining.]]></document>
		<document><![CDATA[I AM NOT YOUR OBJECT NOTATION!]]></document>
		<document><![CDATA[@AmeliasBrain :) That shot is from my deck. The cows seem unfazed. From all accounts, the one’s death was as quick and humane as possible.]]></document>
		<document><![CDATA[Had 1 of our 3 cows slaughtered yesterday. Here are the remaining 2 (1 brown, 1 black) grazing the lower paddock ju… https://t.co/odziq760pD]]></document>
		<document><![CDATA[@chaals You should see if you can get Wing to perform that one. @OZeWAI]]></document>
		<document><![CDATA[Roughly 19 business days, 1 hour and 45 minutes of work remain before 5 weeks of holiday. #countingDown]]></document>
		<document><![CDATA[Thanks @OZeWAI for the live streaming.]]></document>
		<document><![CDATA[@blauerpunto @tanya For tweets, try @marcysutton and @sundress, and see who they play with. Also join A11y Slack: https://t.co/6LTJfCp4jh]]></document>
		<document><![CDATA[@MarcoInEnglish Thanks. Luckily, I'm an hour north of Wellington, so wasn't as strong for us here. @stommepoes @MichielBijl]]></document>
		<document><![CDATA[@stommepoes @MichielBijl Thanks you guys. It hit around midnight. Definitely woke me up, but all good.]]></document>
		<document><![CDATA[@MichielBijl @stommepoes And you'd be welcome to them.]]></document>
		<document><![CDATA[@MichielBijl @stommepoes There are dozens of them. Dozens!!]]></document>
		<document><![CDATA[@AmeliasBrain @stommepoes they are :) In our case, 4 ducks lay white, and the 1 Buff Orpington blue.]]></document>
		<document><![CDATA[@stommepoes Most everyone, it seems, which is good. We give away almost all of the eggs. https://t.co/oAu6rtzSp4]]></document>
		<document><![CDATA[@Joanmarie There are lots of us North Americans here. And one isn't even forced to like Marmite.]]></document>
		<document><![CDATA[@stommepoes 4 to  5 a day. And they're great. But I can't eat them: some kind of sensitivity :( Thought you knew. https://t.co/TpNw5uKtX2]]></document>
		<document><![CDATA[Or a video of 6 ducks on a small wooden bridge over a stream, should that be more your fancy. https://t.co/RHOLuKlBRD]]></document>
		<document><![CDATA[In case you need a vid of 5 variously black &amp; white, roughly 3 month old lambs running about a hilly, green paddock. https://t.co/5YOSXWkW0k]]></document>
		<document><![CDATA[October release of Adobe Reader DC for Mac fixes access to the document pane for #VoiceOver. Nice work @AdobeAccess. #a11y #pdf]]></document>
		<document><![CDATA[@patrick_h_lauke No art therapy available.]]></document>
		<document><![CDATA[@aardrian You’ll appreciate it when you start carrying around that 21” touchscreen.]]></document>
		<document><![CDATA[@MichielBijl Could be. Of all those who just throw words around, and usually don’t even know what they mean, @FriendlyAshley is the worst.]]></document>
		<document><![CDATA[@MichielBijl @FriendlyAshley Obviously wants something.]]></document>
		<document><![CDATA[@MichielBijl I’ll be at Funka, but that’s the only Europe trip I’ve got planned. You better be at that one!! Missing that hug already.]]></document>
		<document><![CDATA[@MichielBijl Just V&amp;L’s show, or CSUN?!!?]]></document>
		<document><![CDATA[@Narelle_NZ I get that :) For me, lunch at my desk is part of my plan to reduce the amount of time I spend in the office ;)]]></document>
		<document><![CDATA[@Narelle_NZ Not sure how I‘d react to that. At NatLib, people who work with records and such obviously can’t eat at desks. But I can and do.]]></document>
		<document><![CDATA[@Narelle_NZ What’s the argument for not allowing eating at your desks? Are you allowed beverages?]]></document>
		<document><![CDATA[@SinaBahram Your B? Well, HB, then!]]></document>
		<document><![CDATA[@jonbmetz @mgifford Now that @sarahebourne brought up the very pertinent but very painful aspect of legacy workflows, I’m wading out :)]]></document>
		<document><![CDATA[@jonbmetz @mgifford …across multiple platforms, I think EPUB3 is in the lead.]]></document>
	</documents>
</author>