<author lang="en">
	<documents>
		<document><![CDATA[@SexualGif @cuzzinjeff she's getting laid and puking; maybe at the same time]]></document>
		<document><![CDATA[@_CoDiddy @oneshadowlove LMAO #whodidthis]]></document>
		<document><![CDATA[@marclamonthill we just can't get this right LOL https://t.co/YhMuf8Lj1r]]></document>
		<document><![CDATA[@ToineTone I told her I want to have her kids.  We can marry her together #HennyBae]]></document>
		<document><![CDATA[This is awesome https://t.co/qMsPyhcdol]]></document>
		<document><![CDATA[@ToineTone don't laugh at me I'm in love LOL]]></document>
		<document><![CDATA[@KarmaJonez #twins I need a new one https://t.co/TLZTW7I0bo]]></document>
		<document><![CDATA[@SkinsRealm repping Charlotte originally from D.C.  Lots of love here though #HTTR @CLTRedskinsFans]]></document>
		<document><![CDATA[@1UpSkirt forgot something whoops https://t.co/sIzOaUC0cv]]></document>
		<document><![CDATA[@Tjsotomayor but she got silent when you started talking about men's rights.  She took a "liberal" position at that point]]></document>
		<document><![CDATA[@oneshadowlove it's similar to this when you do SMH https://t.co/nTn8GL5bbT]]></document>
		<document><![CDATA[I'm not a big NBA fan but I find myself watching a lot of games this season.  Good season. S/O to my hometown @WashWizards]]></document>
		<document><![CDATA[Getting ready to grab a frosty beer or two or three and watch @warriors basketball.]]></document>
		<document><![CDATA[@knsbeautyy you don't have to.  You drink the Henny and I'll have the kids LMAO.  You are my new hero]]></document>
		<document><![CDATA[Oh hell yeah @knsbeautyy RT me.  I'm having her twins now LOL!  #hennybae https://t.co/WWCWnHxJ4r]]></document>
		<document><![CDATA[@KarmaJonez LMAO.... thank GOD for healing and growth]]></document>
		<document><![CDATA[Immediately followed @knsbeautyy . If she is in fact the beautiful sister drankin' that Henny I want to have her ki… https://t.co/IC0nzhSyFB]]></document>
		<document><![CDATA[I'm in love this woman.  I want to snuggle between her drunken pillow tits LOL.  Lord I have daughters this can't b… https://t.co/Sq2KJjDL1N]]></document>
		<document><![CDATA[@KarmaJonez she might have gotten pregnant too or made an amateur porn video after that LOL MAYBE BOTH https://t.co/RqNuaOvRqB]]></document>
		<document><![CDATA[lmao #fuckingbrilliant Moms was getting them guts whipped like yams for sweet potatoe pie filling listening to AH..… https://t.co/1CWxZarvrQ]]></document>
		<document><![CDATA[@ArianaHilter @Box_of_Deus @typjordan it's probably a little too late for that. A Homogenous white nation doesn't exist.]]></document>
		<document><![CDATA[This is my favorite.  I've been searching for this clip LMAO #getcho' #orneryoldassman I can't wait until I'm old e… https://t.co/xyhUiv6KIO]]></document>
		<document><![CDATA[@oneshadowlove well hey now... #sugarwalls https://t.co/aCVOuYoaZd]]></document>
		<document><![CDATA[Ladies y'all just wouldn't understand the pain LMAO... https://t.co/o9zzYlnkkO]]></document>
		<document><![CDATA[Go ahead and join #teamleaveitin https://t.co/PW7kkNlcny]]></document>
		<document><![CDATA[@ArianaHilter @Box_of_Deus @typjordan ask the "Christian" missionaries who went in and said that those nations weren't "civilized".]]></document>
		<document><![CDATA[Scrolling my TL and I think some women would clearly switch places with Beyonce's sacred womb.  They want to actually be her yoni]]></document>
		<document><![CDATA[@RedskinCountry Native Washingtonian in Charlotte, NC; die hard Skins fan #HTTR @CLTRedskinsFans This is still our… https://t.co/4i2qfLRSDV]]></document>
		<document><![CDATA[@oneshadowlove just make sure the food is better than that shit at Hooters.... LOL]]></document>
		<document><![CDATA[Indeed this is a valid point.... LMAO https://t.co/hCEF0JVyIX]]></document>
		<document><![CDATA[@RoguePOTUSStaff #alternativefacts still flowing we see LOL. https://t.co/FsYWZV4q3J]]></document>
		<document><![CDATA[@DixiePistol The food sucks as it is and now this...  #Whoraisedyou]]></document>
		<document><![CDATA[@NYDailyNews Dear Hooters.  Your food sucks.  The only reason why we patronize is the ladies.  Please do not mess u… https://t.co/VO8KwYPkIo]]></document>
		<document><![CDATA[This shit is hilarious @such_A_frknlady #asspunchhiminthemouf https://t.co/9jYuWmmtUB]]></document>
		<document><![CDATA[Has media coverage of an incoming POTUS always been this a controversial?  What the hell is going on?]]></document>
		<document><![CDATA[Made Thai last night.  I want to study with a chef in Bangkok for about two years.  Thai stir fried basil chicken... https://t.co/0clzYC8tYO]]></document>
		<document><![CDATA[@oneshadowlove uh that was *hump his brains out LOL]]></document>
		<document><![CDATA[@oneshadowlove well get it in then LOL.  Just don't jump his brains entirely out please. The kids need that part of… https://t.co/b4kfx6jhNa]]></document>
		<document><![CDATA[Yeah this video is gonna get this brother a boat load of free vagina.  Good stuff brother.  Gotta reach the future https://t.co/xBDFofJsaU]]></document>
		<document><![CDATA[@KarmaJonez the germs can't survive in the cold environment.  Kiss a hot mouth not that's germs]]></document>
		<document><![CDATA[@KarmaJonez well that's safer than drinking too much brown liquor and making out with a handsome or sexy stranger in a bar.]]></document>
		<document><![CDATA[Stay out them folk's home without permission #standyourground https://t.co/IIRlxIIMxl]]></document>
		<document><![CDATA[Political folks feel and never think.  A well organized lie beats a disorganized truth #mrwhatdoyoubelieve… https://t.co/cCMccBlfSV]]></document>
		<document><![CDATA[@DeezNuts LOL. Flacco is average without that defense. I think Kirk chocked in some crucial moments but I don't see anyone else.]]></document>
		<document><![CDATA[@DeezNuts I like Kirk.  I think the pressure is on.  If he could relax and just play football I think he's definitely in the top....]]></document>
		<document><![CDATA[Damn I hate seeing an older man cry.... unfortunately most of us have no idea https://t.co/qZFErfYWO1]]></document>
		<document><![CDATA[@DeezNuts I don't know if this is just a cut and dry question or easy to answer.... https://t.co/UlUgsIgtnL]]></document>
		<document><![CDATA[@rolandsmartin come one make it  stop.  I don't believe in partisan politics but accept the current choice.  But wh… https://t.co/ruBzKWcO1N]]></document>
		<document><![CDATA[@undisputed @cuzzinjeff @ShannonSharpe well let the church say #AMEN https://t.co/4j2njCIAhs]]></document>
		<document><![CDATA[@Box_of_Deus @typjordan @Tooda @delmoi @maxwelltani what did whites do to civilize those countries that are still not "developed"]]></document>
		<document><![CDATA[@BlkCarmenSDiego OMG! Gay Man Says Mr. Steal Your Grandma Is His “Ex”! See Shocking Pics! | I Love Old School Music https://t.co/0BdDf8HkAe]]></document>
		<document><![CDATA[@BlkCarmenSDiego no it was discovered that he is actually Me. Steal Your GrandPa 👴🏾.  His market shifted https://t.co/gQkepVOuUC]]></document>
		<document><![CDATA[@RealDLHughley @DLHughleyRadio Let's ask @SheriffClarke with his petty a$$ if he thinks she should face criminal ch… https://t.co/n4EXMnJ8HP]]></document>
		<document><![CDATA[@TheFieldFactor 👈🏿👈🏿👈🏿👈🏿 #whathesaid @drphilDONTEhue https://t.co/W3WRZlx0rN]]></document>
		<document><![CDATA[WELP let me check the AppStore LMAO https://t.co/J2elsHOrR4]]></document>
		<document><![CDATA[@le_debut fucking men.... we ain't shit LOL #idontneedtheextratittymeat #teamprettynippleaficionado 👅👅👅👅 https://t.co/zKxpe52XvZ]]></document>
		<document><![CDATA[Interesting thought.... https://t.co/iowkGODl0f]]></document>
		<document><![CDATA[I forgot he wasn't playing anymore... https://t.co/z3JH80MY8G]]></document>
		<document><![CDATA[Awesome business idea.... https://t.co/Z5NOUYBvb0]]></document>
		<document><![CDATA[What's with Nee-Nee's face?  I have questions.... Her people don't love her https://t.co/S4xdxahf0K]]></document>
		<document><![CDATA[Trying to do two things at once will make you fail at both.~~Japanese Proverb]]></document>
		<document><![CDATA[@le_debut yeah... indeed this is a valid point. https://t.co/QfwEdPJnxF]]></document>
		<document><![CDATA[#OUCH damn LOL.  #enterwithcaution https://t.co/w0S7Hy6pTs]]></document>
		<document><![CDATA[@CariChampion looks amazing in that red dress today.  Then again you always looks amazing.  #SportsCenter]]></document>
		<document><![CDATA[Who did this LOL? https://t.co/p30jr5lJLs]]></document>
		<document><![CDATA[LOL got dammit.  Who raised you? https://t.co/N5oT55EC9r]]></document>
		<document><![CDATA[The innanet has not chill for @CharlesBarkIey today... https://t.co/M2C3Owzm5F]]></document>
		<document><![CDATA[She dumped me LOL https://t.co/PsqlrVl8qQ]]></document>
		<document><![CDATA[I was going with @PSchrags and The Peanut President.  However, Dirke Diggler wins every time @KyleBrandt LOL #GMFB https://t.co/nss9IK5zbf]]></document>
		<document><![CDATA[Damn I need to hear LeBron's clap back LOL https://t.co/9NhL74eli4]]></document>
		<document><![CDATA[What did LeBron say about Cheeseburger Barkley?  I need to find the clip.  Anybody have a link?]]></document>
		<document><![CDATA[These tweets are terrible LOL.  I'm not in to Politics at all but these tweets are hilarious... https://t.co/BV0S8DEHec]]></document>
		<document><![CDATA[LOL I love Japanese culture

There's Apparently A Japanese Game Show Where Guys Sing Karaoke While Getting Hand Jobs https://t.co/E7RaFHIQPk]]></document>
		<document><![CDATA[Who did this? LMAO https://t.co/rpQpBpVt9r]]></document>
		<document><![CDATA[@drphilDONTEhue do you edit them or know someone who does?]]></document>
		<document><![CDATA[Yeah I think this is my problem.  I think I need to pay a resume writer... #FML https://t.co/HwPQq53YSy]]></document>
		<document><![CDATA[LOOK AT GOOD. Sending a very special thank you to the brown baby Jesus for this fine woman right here. https://t.co/mNVAo0wsjI]]></document>
		<document><![CDATA[I said "BULLSHIT" print it bitches LOL https://t.co/OTSY2taul9]]></document>
		<document><![CDATA[I need to marry @TherealTaraji.  There's only one problem I'm already married. LOL #beautifulsister https://t.co/kvweE8r3LN]]></document>
		<document><![CDATA[@Willality @LuzDelectable @LoveAndShalom It's called Engrish LOL #alternativefacts https://t.co/Gj5oqAlapu]]></document>
		<document><![CDATA[This makes me wonder why some white folks have the nerve to say that black people have no accountability. https://t.co/OxUz96xuXR]]></document>
		<document><![CDATA[@YeahCri I can't stop laughing.  Brit was looking at me like I was crazy.  She had to work for that one.  Damn 2 ho… https://t.co/q7HFxEMuL1]]></document>
		<document><![CDATA[Who did this LMAO.... https://t.co/ic4YN0snSo]]></document>
		<document><![CDATA[It's amazing that the #EmmitTill case still has an impact on American culture.  @rolandsmartin]]></document>
		<document><![CDATA[urbansvintage's photo https://t.co/9qIxgCBIEv #ilovethiswoman #thatisall]]></document>
		<document><![CDATA[I wonder what @KellyannePolls thinks of the parents who lost kids to the cocaine and crack that was flooding in to the inner cities...]]></document>
		<document><![CDATA[@KellyannePolls said check with the parents of kids who overdosed using opioids about drugs coming in from Mexico.]]></document>
		<document><![CDATA[@milfandhoney_ #sheputketchuponmyhotdog annnnnnd #ilikedit #FML LOL https://t.co/s67WMg6BNO]]></document>
		<document><![CDATA[Well played @CSNRedskins LOL.  #PAYTHEBLEEPINGMAN https://t.co/KIAwU0TZsZ]]></document>
		<document><![CDATA[I happened to put the TV on @CBNNews and I'm trying to figure out what Christianity as to do with the current Admin… https://t.co/c9jgMNhqSN]]></document>
		<document><![CDATA[@JustinTrudeau a nice serving of poutine is sounding very inviting right now.  Throw in some moose steaks and I may relocate]]></document>
		<document><![CDATA[Are we sure this guy isn't Jesus? https://t.co/WZuP1BbsMS]]></document>
		<document><![CDATA[What is happening?  I was watching the #ProBowl and @warriors.  I'm so confused about what's going on in the countr… https://t.co/b0KcDlA3yZ]]></document>
		<document><![CDATA[@HogsHaven come on @Redskins #PAYTHEBLEEPINGMAN #HTTR LOL https://t.co/ipTJ2DiV3A]]></document>
		<document><![CDATA[@KirkCousins8 #PAYTHEBLEEPINGMAN @Redskins @CLTRedskinsFans #HTTR https://t.co/JMh1nXcwrm]]></document>
		<document><![CDATA[He deserves it.... Graham should have scored but he didn't give up on the play. Pay the man https://t.co/ayTaHzTz2W]]></document>
		<document><![CDATA[Oh snap fight at the #ProBowl2017]]></document>
		<document><![CDATA[Now put together a game winning drive Captain Kirk #HTTR.  Gotta step up in the pocket https://t.co/byKliNUZZd]]></document>
		<document><![CDATA[Wasn't happening LOL https://t.co/26rvkHVaG2]]></document>
		<document><![CDATA[@beetaylora @drphilDONTEhue well I'm 6' in my pimpin' LOL. Call me a man unicorn. I've been a nightmare but the women were little people]]></document>
	</documents>
</author>