<author lang="en">
	<documents>
		<document><![CDATA[Damn. The new washing bay at the Z station is not quiet. @ZEnergyNZ https://t.co/9qJgNnxRQh]]></document>
		<document><![CDATA[Wow. Listening to @tikitane rap about advanced physics and the human consciousness. AND HE HAS A CONCH SHELL. Awesome]]></document>
		<document><![CDATA[Well Wellington todays weather is pretty sneakily changeable]]></document>
		<document><![CDATA[@Danjite I will sadly take April]]></document>
		<document><![CDATA[Casual golf meetup in Wellington this Wed at Ohariu golf club - https://t.co/iD2s9nQ8It]]></document>
		<document><![CDATA[I love this toaster. Simple lever to lower bread. Timer on side for cook time. Simple. #appliancelove #kitchen https://t.co/nhoeLRqG53]]></document>
		<document><![CDATA[@SwiftOnSecurity feck I hate SharePoint. "Jack of all trades, fucker upper of everything"]]></document>
		<document><![CDATA[@Schreiberland "Another one bites the dust" by Queen. A friend walked out of the ceremony to that tune]]></document>
		<document><![CDATA[Japanese company replaces office workers with artificial intelligence https://t.co/yErg5irqNR]]></document>
		<document><![CDATA[#Monteiths the percussion master https://t.co/EuoEIoM2Rf]]></document>
		<document><![CDATA[Dyslexia can be painful. https://t.co/59yX7LGzPB]]></document>
		<document><![CDATA[Elderly or the young. #newtown #whywellington https://t.co/jwt8dU51A4]]></document>
		<document><![CDATA[Christmas is done early this year or some kids were VERY VERY bad. Go #newtown https://t.co/THryJpWbYW]]></document>
		<document><![CDATA[@scoutriver @NZGreens what is the evidence? I am interested but only read the first relevant article I found. https://t.co/R8OmpX44H3]]></document>
		<document><![CDATA[My count is Five pedestrians I have almost hit while reversing out of carpark on Mercer Street. #carefreepedestrians #whywellington]]></document>
		<document><![CDATA[@NZFringe the booking/registration system. Could not edit mandatory fields for country and area phone numbers. Tried chrome and Firefox.]]></document>
		<document><![CDATA[@MrTweetTastic Get a Surface Pro, all the cool kids are, go on.]]></document>
		<document><![CDATA[@NZFringe FYI I tried to book tickets but was unable to register. Mandatory fields I was unable to add values into.]]></document>
		<document><![CDATA[Oh @SparkNZ I am so fecking sick of receiving "you have used 80% of your data" alerts. They were from roaming packs four months ago. FUCK]]></document>
		<document><![CDATA[I am not a fan of having a bus idling outside from 7:30am until 8:30 on saturday morning. @metlinkwgtn]]></document>
		<document><![CDATA[#CardsAgainstHumanity #CAHNZ A great RadioNZ interview# Kim Hill interviewed ______ about ______.]]></document>
		<document><![CDATA[@DylanReeve Thanks Dylan for this. I have used your cards for a set this weekend. Have added a few new ones. Still looking for suggestions]]></document>
		<document><![CDATA[@wgtnpokefinder 1517 Jynx outside Lower Hutt Little theatre.]]></document>
		<document><![CDATA[Wow. Zoom in and you can just see the entrance to the rail tunnel. https://t.co/zqJybN06cZ]]></document>
		<document><![CDATA[Only the Lower Huttians not on hills https://t.co/rWgyrRY0AJ]]></document>
		<document><![CDATA[@top_list10 Piss off with this fake link - NOT TODAYS  NZ QUAKE]]></document>
		<document><![CDATA[On The Terrace, near Boulcott Street https://t.co/jeKXLY4I33]]></document>
		<document><![CDATA[@TheLinkLinked This is Wakefield Street in #Wellington  not Christchurch]]></document>
		<document><![CDATA[@VicMetcalf_NZ what is the Tsunami news from Kaikoura. Hard te decipher news and sovial media. 2m wave?]]></document>
		<document><![CDATA[very interested in this question https://t.co/7OydRAjD2d]]></document>
		<document><![CDATA[@esq2official Not really. There may be some but all info I have is nothing major]]></document>
		<document><![CDATA[Strange request but help this guy #eqnz https://t.co/rxEBZzpkYb]]></document>
		<document><![CDATA[@maddiekingma Which hotel?]]></document>
		<document><![CDATA[Lesson here folks. Practice makes safe https://t.co/EMOh9OPE6k]]></document>
		<document><![CDATA[@NZcivildefence Changed. https://t.co/TouGRIzDBU]]></document>
		<document><![CDATA[I was told by someone in Lyttleton "yes felt the big wobbly think but are okay" #eqnz https://t.co/Xwbd17HX6L]]></document>
		<document><![CDATA[Everyone please take note 111 is non operational. Call your local station fow now. #eqnz https://t.co/8O4x2EgQhC]]></document>
		<document><![CDATA[All safe here in #Wellington but those aftershocks are not concerting #eqnz Sciency info available at https://t.co/ewMfAd4lZz]]></document>
		<document><![CDATA[#Hinz2016 starting off on the right foot, from my perspective. https://t.co/hfl7NwQT5s]]></document>
		<document><![CDATA[Go New Zealand. Hey @catspyjamasnz https://t.co/9HQFIyRYaF]]></document>
		<document><![CDATA[Hey @MrTweetTastic you got quoted https://t.co/zNHGssZG3j]]></document>
		<document><![CDATA[Day started cold but it has warmed up. Dinner plans remain the same. https://t.co/GZVcg8AKXh]]></document>
		<document><![CDATA[Just met some friendly wellington fundraising flimmakers. On Cuba behind Fidels. Have to check out The Burbs… https://t.co/9EGmHTwE4J]]></document>
		<document><![CDATA[Hey @catspyjamasnz https://t.co/G380ybLsOc]]></document>
		<document><![CDATA[Excellent small gallery in #newtown on Green Street. #whywellington https://t.co/TuXzYgdi48]]></document>
		<document><![CDATA[Found a major security flaw in a vendor app. Worldwide impact. Do I get a prize? And I don't mean karma.]]></document>
		<document><![CDATA[Uninformed idiots are everywhere https://t.co/JsDydb5GFZ]]></document>
		<document><![CDATA[@MrTweetTastic would love to go but have something on that night.]]></document>
		<document><![CDATA[Hahahaha. Terminal humour should not be #bashed https://t.co/qSJ8vbm4nO]]></document>
		<document><![CDATA[Hey @BMCdocs we are a tenant in a BMC Remedy instance. Is it true that Remedy cannot include a valid link to SmartIT in notif email]]></document>
		<document><![CDATA[@nmjyoung reading the election profiles. Cutting sport funding and increase arts funding, seems a bit like nepotism or personal interest.]]></document>
		<document><![CDATA[fresh fish in #Newtown. #whywellington https://t.co/nFqhD9KBal]]></document>
		<document><![CDATA[fresh fish in #Newtown. #whywellington https://t.co/i6uly7NgRY]]></document>
		<document><![CDATA[Saw #jasonbourne tonight. Was okay but I am definitely never buying a #Chevrolet as they have shitty airbags]]></document>
		<document><![CDATA[@lyallbaynz the beach is AWESOME tonight. https://t.co/WLW4UAuzDp]]></document>
		<document><![CDATA[@MrTweetTastic And US$269 for the new wireless headphones]]></document>
		<document><![CDATA[@ONENewsNZ My browser does support Video Playback, your player does not play on other site.]]></document>
		<document><![CDATA[US politics defects the world. From Crafters pub in Wellington New Zealand. #whosthebiggerasshole https://t.co/ObejajCJEP]]></document>
		<document><![CDATA[@SparkDigitalNZ thank you -FROM SPARK: You've been busy! You've used ${USAGE_THRESHOLD}% of the ${PRODUCT_ALLOWANCE} in your ${PRODUCT}]]></document>
		<document><![CDATA[Watching olympics 7's final in the fire station in Navau, Fiji. It will be loud. #awesome.]]></document>
		<document><![CDATA[@MrTweetTastic this looks like a great home surveillance system, except for the lazer pointer]]></document>
		<document><![CDATA[Well that was a cheery and uplifting movie based on an #ibsen play. NOT]]></document>
		<document><![CDATA[I added a video to a @YouTube playlist https://t.co/6RETQuTZ0r Making a HUGE 360 Swing #1 Chassis]]></document>
		<document><![CDATA[Congratulations @NZStuff you have the worst search function ever. A news site with no date search option.]]></document>
		<document><![CDATA[@fingersdancing I used to love ADQuery. Had many such features including a History]]></document>
		<document><![CDATA[Purchase for the management team. https://t.co/M2Q5rGrORy]]></document>
		<document><![CDATA[Random stats. 10% of loaves of fresh bread make it home whole for breakfast.]]></document>
		<document><![CDATA[Switch to MongoDB https://t.co/H3eIpsuwlq]]></document>
		<document><![CDATA[Whuhoooooo for password safes. Roll on the change.]]></document>
		<document><![CDATA[Awesome sauna on the waterfront with a sea dip in the middle. Awesome night and feeling great today. Thanks #whywellington if you helped]]></document>
		<document><![CDATA[@PeterGluckman just mentioned #pokemongo in a talk at ESR about speed of adoption. #madeit]]></document>
		<document><![CDATA[Who wants to me a mechanical turk? https://t.co/VeG5hEHMYD]]></document>
		<document><![CDATA[Some things from the 70's are awesome. Some should stay there.  https://t.co/yXczV2S3Q9]]></document>
		<document><![CDATA[@lyallbaynz I will be there at Midday for a midish winter swim. Thank you all]]></document>
		<document><![CDATA[Winter bbq in Wellington. #why wellington https://t.co/mcpZDVhe7D]]></document>
		<document><![CDATA[So who is keen for a midish winter swim tomorrow at midday. @lyallbaynz #whywellington]]></document>
		<document><![CDATA[When the garlic bread is THAT GOOD having it for dessert is obviously the right choice. Correct?]]></document>
		<document><![CDATA[Having a discussion about how IT can help business. Block all emails at exchange from #liquidlearning @LiquidLearning is a good start]]></document>
		<document><![CDATA[@MrTweetTastic a virus on a stick]]></document>
		<document><![CDATA[Awesome intriguing synopsis of #thelure by #nziff. "Hands down the greatest vampire mermaid musical fairy tale ever made".]]></document>
		<document><![CDATA[@MrTweetTastic I understand. I have an iPad but never use it as it is so limited, dumbed down.]]></document>
		<document><![CDATA[Awesome Chilean music in #Newtown at Baobab. #whywellington. https://t.co/qs7KHV38oE]]></document>
		<document><![CDATA[@NZTAWgtn it seems unsensible to have a 70 sign at the left and an 80 sign above the road.]]></document>
		<document><![CDATA[@NZTAWgtn the 70km/hr sign 5m in front of the 80km/hr at Ngauranga Gorge seems superfluous. Should I obey the lower one or the last one?]]></document>
		<document><![CDATA[As a fat man I ran to supermarket in t-shirt with "SKINNY" on it to buy flour for pancakes. #levelsofirony]]></document>
		<document><![CDATA[Jesus == Zagam (The demon of Deceit and Counterfeiting who has the talent of being able to turn water into wine)]]></document>
		<document><![CDATA[Do I like or hate this: The Devil's Alphabet https://t.co/91JDZyXod7 - an English phonetic alphabet designed to be confusing]]></document>
		<document><![CDATA[Sneaky phishing email warning me I need to enter my username and password. Damn clever. @SwiftOnSecurity https://t.co/iXE6IuXAZU]]></document>
		<document><![CDATA[Trendy hipster conformatism https://t.co/z35qjkvQex]]></document>
		<document><![CDATA[Hey NZ taxis. I just booked an @Uber and can see the pickup time, price, availability and driver details all within 1 min. No more taxis]]></document>
		<document><![CDATA[Hey thanks @newworld for keeping my maths skills sharp. #inconsistentunits  hint: per unit price https://t.co/tFLs86ywkQ]]></document>
		<document><![CDATA[Ihave a new favourite youtube channel https://t.co/ICIMSMa1u4 via @YouTube]]></document>
		<document><![CDATA[Good morning and a red sky visible. Yay. https://t.co/Tu0LmnTmA2]]></document>
		<document><![CDATA[@SwiftOnSecurity occasionally it is.]]></document>
		<document><![CDATA[Good quality safety glass here #sydneystorm2016 https://t.co/i11NC3rnQA]]></document>
		<document><![CDATA[Very cool. Lots of #seakittens for dinner https://t.co/HT9kbfXBMv]]></document>
		<document><![CDATA[#peniscactus is an art afficianado. Who knew. https://t.co/4hgqydFXUG]]></document>
		<document><![CDATA[#thebachelor breakfast edition. https://t.co/MVfoVsOO4N]]></document>
		<document><![CDATA[@sadserver Destiny on PS4]]></document>
		<document><![CDATA[I feel you pain. My day is great but I understand https://t.co/dS61vFd6nO]]></document>
	</documents>
</author>