<author lang="en">
	<documents>
		<document><![CDATA[@griffski it is too cold, too soon, and yet magnificent]]></document>
		<document><![CDATA[@griffski I pass along without comment. https://t.co/lSgOUjAbDF]]></document>
		<document><![CDATA[@GaryDunne "Lovely Gurlz! Gurlz! Gurlz!" has a nicer ring to it]]></document>
		<document><![CDATA[@GaryDunne Oooh I like it but maybe not make it overtly women-y? Like have the lineup all women and don't even mention it...]]></document>
		<document><![CDATA[Bought tickets to Hamilton for June 2018. Sheesh. Will be nice to reminisce about American Democracy tho...]]></document>
		<document><![CDATA[@oconnola @alan_maguire The shower itself is always crying, if you think about it.]]></document>
		<document><![CDATA[@GaryDunne @musicbyloah @BARQ_music @MongooseTunes @OliveGroov @griffski @sarahmaintains @elainefeeney16 @saharmali @suzanne_savage to begin]]></document>
		<document><![CDATA[Richard Burr and Thom Tillis: the Cackalacks are coming for you. https://t.co/aCCXeo5h5U]]></document>
		<document><![CDATA[The news makes me weep.]]></document>
		<document><![CDATA[@ColinBarrett82 They call it 'gosling.' A gerund.]]></document>
		<document><![CDATA[@ColinBarrett82 Was interested in the creative choice to not play any specific character, just sort of wander around blandly]]></document>
		<document><![CDATA[@jarsofshine "My heart sort of sank every time they started to sing. City of stars: heart sank. Why can't they dance?" #lalaland]]></document>
		<document><![CDATA[My jazz pianist roommate on #lalaland: "He's trying to save jazz yet he never really plays jazz. I dunno. His eyes are very close together."]]></document>
		<document><![CDATA[Proud I was part of the @MongooseTunes Winter Longing. Watch this gorgeous video highlight, set to a stunner tune: https://t.co/rIPyRWqaye]]></document>
		<document><![CDATA[@EmerTheScreamer my bro and I once got paid $100 each to clean out a hoarder crack house. No loos but buckets, filled and stacked to roof.]]></document>
		<document><![CDATA[With his climate denial stance he's got the Arctic and Antarctica covered too. Hold your breath Africa https://t.co/R2x6JgocPX]]></document>
		<document><![CDATA[The funniest pubs are the ones where the barkeeps are visibly disgusted or aggressively offended by my Dry January #ohcomeon #FFS #getout]]></document>
		<document><![CDATA[Thank you Senator for being the ONLY Democrat out of all of them to vote against every atrocious appointee. #spine… https://t.co/LGWEYb1JMk]]></document>
		<document><![CDATA['Add pumpkin spice to racism so white women will care' is a line in here that's gonna stay with me https://t.co/8NzfVD4baC]]></document>
		<document><![CDATA[Brave @rgay. In hashtag protest era, she lives by an integrity and action for good that asks a genuine personal cos… https://t.co/kxoJ8dNryS]]></document>
		<document><![CDATA[@ColinBarrett82 Once I was reading Young Skins while lying down and accidentally dropped it spine-first onto my own face. You're an artist.]]></document>
		<document><![CDATA[@stapleptron @fijinsky Stapes is blinded by his privilege, Fi, don't take it personally. The patriarchy works him like a puppet.]]></document>
		<document><![CDATA[@stapleptron @fijinsky The only part I liked was the last five minutes. Because it was nearly over.]]></document>
		<document><![CDATA[My dad was a skydiving instructor. Want me to teach you how to jump out of a plane? https://t.co/I8VeIbd6Rz]]></document>
		<document><![CDATA[@lbcoen I spill the coconut, Lisa.]]></document>
		<document><![CDATA[@lbcoen Once a month. But only in the small area of the floor where I have just accidentally spilled something.]]></document>
		<document><![CDATA[@luberachi Can't wait]]></document>
		<document><![CDATA[@audaciouskay OMG please skip it. So bad. I ruined the ending on purpose at work to keep my officemates from going. For their own damn good]]></document>
		<document><![CDATA[@michfreeman I'm begging of you please]]></document>
		<document><![CDATA[@IzzyKamikaze I heard it was a nazi term for people in camps; ashes falling from chimneys. But it may not be true: https://t.co/HrW1BkWeUA]]></document>
		<document><![CDATA[@michfreeman Thanks, Mike. Thank you so f%*king much.]]></document>
		<document><![CDATA[@IzzyKamikaze Read a horrifying explanation of the origin of 'snowflakes' which made me want to punch them all the more]]></document>
		<document><![CDATA[We live in a culture that eschews the long haul...It is easier to keep starting again, always dabbling, than to com… https://t.co/MNBosVyBzX]]></document>
		<document><![CDATA[@robintransition A lot of articles saying the CIA staff were entirely silent and the laugher and applause came from Trump's entourage...]]></document>
		<document><![CDATA[@raginspice I liked the last five minutes, but that may've been just relief it was about to be over]]></document>
		<document><![CDATA[@raginspice Vickey I hated it so much.]]></document>
		<document><![CDATA[@StefPreissner What's the verdict Stefanie? I need to know whether to feel validated or guilty]]></document>
		<document><![CDATA[Used to go to hippie Thanksgiving and solstice parties on #10's farm as a kid. Go on Kendall. x  @terynnorris https://t.co/VideBSJRML]]></document>
		<document><![CDATA[@MargaretEWard Candid in-depth analysis of feelings, asking people out on dates, making a fuss of celebrities, high school football games]]></document>
		<document><![CDATA[@MargaretEWard .....light in summer, global political awareness, respect for poetry, hatred for boasting, willingness to swim in cold water]]></document>
		<document><![CDATA[G'wan Victoria, g'wan @joecaslin ! Well done y'all x https://t.co/eEpk8KvMGR]]></document>
		<document><![CDATA[Things from home Irish people are baffled by: Adobo spice, lingerie parties before weddings, going to movies on Christmas Day. What else?]]></document>
		<document><![CDATA[This song wrecks me every single time. @IHaveATribe https://t.co/6QhXhtsMrS]]></document>
		<document><![CDATA[Kevin Barry: truly the world's greatest sandwich. @WinterPapers   https://t.co/l5Zi4jqcQl]]></document>
		<document><![CDATA[@cathryanhoward Catherine I hated it so much. Thank you for this.]]></document>
		<document><![CDATA[I could weep into my pink hat over this. X https://t.co/4pUXtrKvY8]]></document>
		<document><![CDATA[@oconnola you are a national treasure. (Can a non-citizen anoint those? Imma do it)]]></document>
		<document><![CDATA[@oconnola Louise I laughed out loud, in bed, at 6am,  on a Sunday.]]></document>
		<document><![CDATA[@StefPreissner The liability the nation NEEDS, Stefanie]]></document>
		<document><![CDATA[@JuddLegum @thinkprogress hi from Dublin https://t.co/gksKGhOHvi]]></document>
		<document><![CDATA[Read for filth. He came for him and it's a delight. https://t.co/UF368lPR90]]></document>
		<document><![CDATA[Dublin #WomensMarch https://t.co/6fapVPqwLM]]></document>
		<document><![CDATA[Dublin. #womensmarch https://t.co/fGpCy7dOdK]]></document>
		<document><![CDATA[Got a letter in here to the man who would stomp my country and smirk about it https://t.co/ab6FbLdjqE]]></document>
		<document><![CDATA[@TaraFlynn @AbortionSupport Ah it's made of stronger stuff than that! Gimme a slogan! I have a two-sided sign! I'll carry it for ya x.]]></document>
		<document><![CDATA[@rabiasquared @KatyTurNBC in fairness they're really beautiful]]></document>
		<document><![CDATA[@MaiNardone no one would blame you for breaking the screen]]></document>
		<document><![CDATA[Literally, I was never colder. You'd stand in anything, if you want to be there. https://t.co/UYFd00jf6i]]></document>
		<document><![CDATA[Gonna go for a walk. #Inauguration]]></document>
		<document><![CDATA[I get that this is satisfying, and a stark difference - but he's still getting sworn in even it's only in front of… https://t.co/5twAzKFHXz]]></document>
		<document><![CDATA[@rabiasquared Drink it from a stein]]></document>
		<document><![CDATA[@robottomulatto you're very kind to say so]]></document>
		<document><![CDATA[If you don't feel bad enough, there is some important and devastating live-tweeting of the scenes on the ground in… https://t.co/KyXLGiGJjf]]></document>
		<document><![CDATA[@saharmali Shame, because today of all days I would really love to know how to get away with murder]]></document>
		<document><![CDATA[Let them not say:   they did nothing. 
We did not-enough. 

-Jane Hirshfield

https://t.co/Bgg0CIdyOo https://t.co/XtJKVVW23e]]></document>
		<document><![CDATA[I'm a sucker for dogs in tiny human clothes. The flat cap is next level. This is my consolation. Watching the news… https://t.co/8ZVBA8UJVL]]></document>
		<document><![CDATA['Imma call you 'Erin Forlornoff.' - @stapleptron #inauguration https://t.co/nteKMHvCnJ]]></document>
		<document><![CDATA["Sadness cloaks me like a mighty parka." @jarsofshine
"Shut uuup. Quit being so damn poetic with your sadness." @stapleptron]]></document>
		<document><![CDATA[@TheeDaniMagic @IrishTimesLife Thanks you x]]></document>
		<document><![CDATA[@SarahDavisGoff @BreakfastNT Congrats boys, you lost your spot in the bunker]]></document>
		<document><![CDATA[Thinking about how this sense of fear is one a lot of people have felt in their daily existence for centuries, and I didn't, until now.]]></document>
		<document><![CDATA[@SarahDavisGoff Willing to go in on a bulk buy of airhorns if you want Sarah. For mass purse distribution to blast over this sort of thing.]]></document>
		<document><![CDATA[@robottomulatto shame and hubris cloak me like a mighty parka.]]></document>
		<document><![CDATA[@robottomulatto Heard the song yesterday and was randomly thinking about the time I made a $5 bet with you that LL Cool J wrote Yo Diggity.]]></document>
		<document><![CDATA[ALL of my friends that live there have fled town like it was burning. https://t.co/v9ydvPbw6d]]></document>
		<document><![CDATA[@inkwellHQ I'm so glad you had the podcast volume turned up :)]]></document>
		<document><![CDATA[Working on #obama08 was one of the privileges of my life, and one of the things that changed its… https://t.co/NHYWfj567O]]></document>
		<document><![CDATA[Trump: planning awful things, but...really bad at doing them? If their incompetence doesn't kill us, maybe it's good?https://t.co/O1nZn6MZHy]]></document>
		<document><![CDATA[@AlanaMassey @lyzl WHY...IS A MYSTERY!]]></document>
		<document><![CDATA[with @unamullally @StefPreissner @ailbhes @sarahcareyIRL @ClaraRose and more x]]></document>
		<document><![CDATA[@griffski thanks you x]]></document>
		<document><![CDATA[I'm in today's Irish Times with an open letter to Trump alongside @unamullally @ClaraRose… https://t.co/QyeRXG6i0P]]></document>
		<document><![CDATA[My Trump letter: Don't break things just to break them, like a toddler w/ a sandcastle. Also, you're going to hell. https://t.co/xFzs7IdwNp]]></document>
		<document><![CDATA[Privileged to have my open letter to Trump included with these glorious folks. Text below and recorded on the podca… https://t.co/dwnozCn8V3]]></document>
		<document><![CDATA["Obama has always seemed to understand the importance of culture as mirror, window, escape hatch and haven." 

https://t.co/YNdhKbcqBW]]></document>
		<document><![CDATA[@incogellen with ya! i used to do that and quit. If it did anything good it made me more mindful - like for how many pints in a week, etc]]></document>
		<document><![CDATA[@LaurenceMackin @TescoIrl Laurence, prepare for its imminent death. Don't blame yourself. It was never meant for this world.]]></document>
		<document><![CDATA[@TheKavOfficial If this routine does not involve a high kick to the face then I think y'all should revoke his passport]]></document>
		<document><![CDATA[@IzzyKamikaze Guilty. Guilty guilty guilty. I was a staff campaigner in 08 so am biased as hell and I even noticed. I think it's fear-based.]]></document>
		<document><![CDATA[DC Jan 2008: Here's a father on his hands and knees letting his kids stand on his back so they… https://t.co/dHhqlmFlvT]]></document>
		<document><![CDATA[This is a legit pic of an ice cream truck I saw while canvassing on #obama08 campaign with @marklittlenews. Not at… https://t.co/9vaLCZXjvD]]></document>
		<document><![CDATA[Read the thread. https://t.co/6QEvAFRxpz]]></document>
		<document><![CDATA[He speaks the truth. Get it: https://t.co/ELyzj0EbDl @EmmetKirwan @dave_tynan #heartbreak #heartmend @ZebraFestival… https://t.co/bqSnDkKhX6]]></document>
		<document><![CDATA[@dave_tynan you are going to be insufferable https://t.co/YjBKg39HcZ]]></document>
		<document><![CDATA[STUNNER. @holliepoetry watch this baby. Straight up your street (Mna means women in Irish :)  You too @homeofpolar… https://t.co/Toi8NM4FZM]]></document>
		<document><![CDATA[@MaldronHotels Thank you so much! Will do my best to send business your way! @slpng_giants_eu]]></document>
		<document><![CDATA[@rickoshea Tell your kids I have a brown envelope with their names on it]]></document>
		<document><![CDATA[@rickoshea rick o'shea you buy me two tickets with your special access for November i pay you back AND buy you 19 pints AND write you a poem]]></document>
		<document><![CDATA[President Obama is a short story writer. President Obama writes first drafts in longhand. President Obama had lunch… https://t.co/tXFJRlgTYb]]></document>
		<document><![CDATA[@dave_tynan @oconnola @ImirtPele by 'razor' do you mean a vial of artisanal beard oil and a notebook full of compliments?]]></document>
	</documents>
</author>