<author lang="en">
	<documents>
		<document><![CDATA[@spinzspun yours is on its way !!]]></document>
		<document><![CDATA[THX TO @SundayIndy  for 6pages @TiaraPhotoMill  @Clemcharrier  #Couture  #irishfashion #steampunk #fairytale… https://t.co/Dls39oaFKs]]></document>
		<document><![CDATA[@seanpurcellart @chunky66 @judgejulesoffic @RTEOne @rte between 2 ,full on colour !or softer colours which would u prefere !!lol.]]></document>
		<document><![CDATA[@seanpurcellart @chunky66 @judgejulesoffic @RTEOne @rte @DWTSIRL @lordofthedance  awh u will have to ask Julian!! the final decision maker !]]></document>
		<document><![CDATA[@chunky66 @judgejulesoffic @RTEOne @rte @DWTSIRL most of julians made from scratch . some stylist would have My shop is now julians closet!!]]></document>
		<document><![CDATA[@chunky66 @judgejulesoffic @RTEOne @rte @DWTSIRL yes it is  !but im addicted to them now !cant stop!will have to extend the show forever!!!]]></document>
		<document><![CDATA[@bbreus go raith maith agat]]></document>
		<document><![CDATA[@OriginalKooLaLa yes !but  if anything ever happens to him his spirit lives on in juliens jacket !]]></document>
		<document><![CDATA[@kazzikat @ClementineMac @judgejulesoffic @DWTSIRL @RTEOne thx so much]]></document>
		<document><![CDATA[@judgejulesoffic @ClementineMaclove working with u both]]></document>
		<document><![CDATA[@carmelgrant @judgejulesoffic nearly lol!!!!]]></document>
		<document><![CDATA[@RealJoeDuffy hope u not dissapointed running out of glitter !!]]></document>
		<document><![CDATA[@nigeldugdale i love Liberace!!Glad it shows !lol]]></document>
		<document><![CDATA[@philipnolan1 wait till next week and u really will think hes back from spain !]]></document>
		<document><![CDATA[@chunky66 haha there is a bowie inspired maybe... coming but its after spanishbullfighter one next week i thin k !]]></document>
		<document><![CDATA[@chunky66 maybe i will get a job designing new episodes of startrek !!lol]]></document>
		<document><![CDATA[@BrendanCourtney @judgejulesoffic glad u liked was going for the miminalist look !]]></document>
		<document><![CDATA[@philipnolan1 spain is a beautiful place to be !!!in my warped design head at least !!!]]></document>
		<document><![CDATA[@chunky66 wait till u see what i designed for next week !!!startrek meets starman lol!]]></document>
		<document><![CDATA[Delightef to be nominated .#irishfashion #Couture  #steampunk https://t.co/0XDfZppJZt]]></document>
		<document><![CDATA[@dublinbowiefest @nilerodgers thx so much]]></document>
		<document><![CDATA[@eoinmurphy22 @rteDancingStars thats was the plan it was designed to work in any emergency!!!]]></document>
		<document><![CDATA[@bigbrowsmessyh1 @DWTSIRL @judgejulesoffic thank u always a pleasure designing for him]]></document>
		<document><![CDATA[@ShashLawless @judgejulesoffic real shining star absolutely xx]]></document>
		<document><![CDATA[@ShashLawless @judgejulesoffic thx so much love working with him]]></document>
		<document><![CDATA[@annemccoy @judgejulesoffic thx so much]]></document>
		<document><![CDATA[@kazzikat thx so much]]></document>
		<document><![CDATA[@Liv_Keely @judgejulesoffic thx so much]]></document>
		<document><![CDATA[@ClementineMac @judgejulesoffic @DWTSIRL @RTEOne thx so much always a pleasure to design for Judge Jewels !!!]]></document>
		<document><![CDATA[@RealJoeDuffy @judgejulesoffic my people are on their way !u will recognise them as they are covered in glitter!!!!]]></document>
		<document><![CDATA[@RealJoeDuffy @judgejulesoffic that can be arranged !!]]></document>
		<document><![CDATA[@sophiebarlow28 @judgejulesoffic thx so much]]></document>
		<document><![CDATA[@seanpurcellart @ClementineMac @judgejulesoffic @RTEOne @DWTSIRL thx so very much]]></document>
		<document><![CDATA[@RTEplayer @ClementineMac @RTEOne he wore it so well many thx]]></document>
		<document><![CDATA[@kazzikat @judgejulesoffic thx so very much x]]></document>
		<document><![CDATA[@DarinaNiC @judgejulesoffic thx so cery much love working with him]]></document>
		<document><![CDATA[@Bon_2828 @judgejulesoffic @DWTSIRL @rte1 many thx julian is one of a kind]]></document>
		<document><![CDATA[@carmelgrant @judgejulesoffic thx so much xxx]]></document>
		<document><![CDATA[@ClementineMac @goss_ie @judgejulesoffic that can be arranged lol]]></document>
		<document><![CDATA[@ClementineMac @judgejulesoffic @RTEOne @DWTSIRL pleasure working with u both]]></document>
		<document><![CDATA[Really looking forward to designing jacket for judge @judgejulesoffic  for @rteDancingStars this sun  with stylist @clemintinemacneice]]></document>
		<document><![CDATA[Happy new year photo Laelia Milleri outfitheadpieceme #klimt #irishfashion #gothic  #Couture  #goddess  #steampunk… https://t.co/rvm6MWrpGS]]></document>
		<document><![CDATA[Christmas window my shop wishing all a peaceful one @nilerodgers  @eimearnoone  @jackllukeman  @ZENAdonnelly… https://t.co/h2awCHVDgw]]></document>
		<document><![CDATA[@eimearnoone @RTE_NSO photo @nicola NK Casagrande]]></document>
		<document><![CDATA[At #videogamesclassic fab @eimearnoone  with @RTE_NSO  #irishfashion  #cosplay  #steampunk  #xena  #couture… https://t.co/nzWNM3DPSR]]></document>
		<document><![CDATA[@eimearnoone @DarinaNiC Awh thx so much hope u like the new piece see u tomorrow x]]></document>
		<document><![CDATA[@CommonESCGirl this is lovely]]></document>
		<document><![CDATA[@DarinaNiC @eimearnoone thx so very much xx]]></document>
		<document><![CDATA[Fab German drummers #missestoms and dj felex my designs#famabawards  #berlin #burningman  #cosplay  #irishfashion… https://t.co/onPhSKvUGS]]></document>
		<document><![CDATA[@ZENAdonnelly @Cianboylan @camdenrecording @Dolor77 @ADAREtelly so well deserved xx u were amazing]]></document>
		<document><![CDATA[@druidsfire @Noxychu @Ketsuki_WoW @Avaltor05 @ExtremeCostumes brill thank u]]></document>
		<document><![CDATA[@DarinaNiC Awh u both look fab and we'll done zena did Ireland proudxx]]></document>
		<document><![CDATA[@JESCTG4 @TG4TV @ZENAdonnelly Awh love this so much x]]></document>
		<document><![CDATA[@JESCIreland @ZENAdonnelly zena was amazing loved designing for her]]></document>
		<document><![CDATA[Amazing performance by @ZENAdonnelly  in tonight's #JuniorEurovision  in Malta for Ireland .Outfit me .so proud you… https://t.co/TbOrfSH4Qo]]></document>
		<document><![CDATA[@JESCIreland huge congrats to zena amazing performance]]></document>
		<document><![CDATA[@IrishBloggerA @ZENAdonnelly @JESC_Official thx so very much gorgeous girl gorgeous voice]]></document>
		<document><![CDATA[@ZENAdonnelly @TG4TV @EurovisionJr pleasure to design for u u were fab on TG4 tonight]]></document>
		<document><![CDATA[My Ziggy tribute design for #alfaparfhair #DavidBowie  #intercoiifeur @nilerodgers #ZiggyStardust  #starman  #icon https://t.co/fanSP2pCrc]]></document>
		<document><![CDATA[@KalaniBallFree thx for the follow]]></document>
		<document><![CDATA[Miss internationalIreland#katherine gannon   #missinternational2016  #nationalcostumes  #Couture  #warrior #irish https://t.co/8UCOfceJTt]]></document>
		<document><![CDATA[Miss International Irelandcostume, I designed  #nationalcostume  #katherinegannon #missinternational2016  #Warriors https://t.co/diGp49PzVL]]></document>
		<document><![CDATA[Special Berlin performance pieces see u in Berlin soon #steampunk  #couture  # #cosplay  #musicans  #Berlin #fantasy https://t.co/fVl5zSrcnp]]></document>
		<document><![CDATA[Menswear #grammys #AdamLambert  #BurningMan  #steampunk  #irishfashion https://t.co/Rtl7bqgsNa]]></document>
		<document><![CDATA[@Jerry_McCarthy @hughie_maughan @nilerodgers thx so much]]></document>
		<document><![CDATA[@eimearnoone @VideoGamesLive awh love it xxxmany thx]]></document>
		<document><![CDATA[MissInternational Ireland National Costume forJapan #missinternational  #japan #missuniverse #celtic #couture https://t.co/fuXnFWMEhu]]></document>
		<document><![CDATA[@Piyanuch_Model love it thx a lot]]></document>
		<document><![CDATA[Outfit designed for #BurningMan  #couture clairegarvey on etsy shop .#steampunk  #cosplay  #menswear  #festivalwear https://t.co/OrtOUk66iD]]></document>
		<document><![CDATA[@GeoValentine awh thx so much xx]]></document>
		<document><![CDATA[@nilerodgers @ItsMeKimDavis @FOLAMI awh thank u so very much xxmade my day]]></document>
		<document><![CDATA[My Shop in Dublin,or online clairegarveyetsy#couture #irishfashion @nilerodgers @zeldaconductor @Miss_GraceJones https://t.co/ecUc2nTPRd]]></document>
		<document><![CDATA[@GeoValentine love from dublin I mean !!!]]></document>
		<document><![CDATA[@GeoValentine awh seriously thank u sending live from rainy Dublin x]]></document>
		<document><![CDATA[Close up of my corset from #mmartstudio #ciquefashion  #couture #irishfashion #Warriors  #steampunk  #performers https://t.co/Wk5GPrfcl4]]></document>
		<document><![CDATA[@JeffreyHayzlett thx for the follow]]></document>
		<document><![CDATA[New bodice #blythedoll  #blythe  #fairytail #cosplay #couture https://t.co/Ne99Y3syxD]]></document>
		<document><![CDATA[@druidsfire @eimearnoone lovely seeing u today excited about our new venture !]]></document>
		<document><![CDATA[@CGarveyDesigner thx missie for blythes]]></document>
		<document><![CDATA[New window display my shop cows lane dublin or online clairegarvey on etsy #blythedoll  #FairyTail  #dublinfashion https://t.co/rvU5Qz4EA3]]></document>
		<document><![CDATA[Nubianshow my design #jerrymccarthy  #AdamLambert  #berlinfashion #DublinFashion  #nilerodgers #GRAMMYs #burningman https://t.co/IVT1o51g0R]]></document>
		<document><![CDATA[@Taraustralis thx for the follow]]></document>
		<document><![CDATA[@MayKapes thx so very much very kind  come visit sometime x]]></document>
		<document><![CDATA[@kazhawkins thx so much very kind love your look hope see u in shop soon !x]]></document>
		<document><![CDATA[Nubianshow photo #jerrymccarthy  #burningman #warrior #steampunk  #nilerodgers #cosplay https://t.co/KmxUf9D2gu]]></document>
		<document><![CDATA[Nubianshow #jerrymccarthy  #blythedoll  #steampunk  #FairyTail  #burningman  #cosplay https://t.co/tI5bIUM3zj]]></document>
		<document><![CDATA[Looking forward to #robosteel  #piya collecting  outfits for #burningman  inspired by #predator #cosplay  #Warriors https://t.co/htDI9xI1ne]]></document>
		<document><![CDATA[Come visit my shop Clairegarvey couture Dublin or online  Clairegarvey on etsy #burningman  #cosplay  #gothic #fairy https://t.co/nQrC6fy2yJ]]></document>
		<document><![CDATA[@bradrossmagic thx so much for the follow]]></document>
		<document><![CDATA[Check my online shop clairegarvey on etsy #burningman  #steampunk  #Warriors  #cosplay #KuboMovie https://t.co/BQOAfLZqaV]]></document>
		<document><![CDATA[Check out claire garvey shop on etsy #burningman #Blythe #cosplay #DublinFashion https://t.co/zPFtynXIk4]]></document>
		<document><![CDATA[@DeirdreGiblin1 @TheSundayIndo thx so very much]]></document>
		<document><![CDATA[Checkmy onlineshop Claire Garvey  Etsy @nilerodgers  @eimearnoone  @jackllukeman  @FOLAMI  @BetteMidler @NewWomanIE https://t.co/fNSQlokm0w]]></document>
		<document><![CDATA[Show mansionhouse hair mohh hair https://t.co/KjAA8zBii6]]></document>
		<document><![CDATA[@ShootAudition amazing place to shoot and fab guardian !x]]></document>
		<document><![CDATA[#wickedweddings model Yvonne Given stunner photo Mark Cheah thx to all https://t.co/juElD0M5dk]]></document>
		<document><![CDATA[@jackllukeman  wearing my jacket at @VideoGamesLive https://t.co/ClKaJOOK0Z]]></document>
		<document><![CDATA[@AmandaOnbeauty thx for the follow]]></document>
		<document><![CDATA[@carmelgrant @BetteMidler @MACcosmetics yes would love to did Chics @nilerodgers  jacket and girls for Bette Midler Extravaganza  this year]]></document>
		<document><![CDATA[@eimearnoone @tn2magazine @VideoGamesLive absolutely a pleasure x]]></document>
	</documents>
</author>