<author lang="en">
	<documents>
		<document><![CDATA[Thank you @AG_Conservative https://t.co/noeIZ0ZpxX]]></document>
		<document><![CDATA[@AG_Conservative Thank you AG!]]></document>
		<document><![CDATA[🙏for our Country. https://t.co/qEaHdgfPFr]]></document>
		<document><![CDATA[Wind Beneath My Wings sung by Jon Moses https://t.co/AhGuCtbJbp via @YouTube]]></document>
		<document><![CDATA[Jon Moses - showreel - ITV https://t.co/tS5xBZH1Kd via @YouTube]]></document>
		<document><![CDATA[Jon Moses ITV Superstar - Jesus Christ Superstar group performance https://t.co/xcPMkvXlzV via @YouTube]]></document>
		<document><![CDATA[@AnthonyDellorus @missreagan1 @Debsam1760 #GoPats #OneMore #PatriotsNation 🏈🐐]]></document>
		<document><![CDATA[@missreagan1 @Debsam1760 @AnthonyDellorus Yes it is. #GoPats #OneMore #PatriotsNation 🏈🐐]]></document>
		<document><![CDATA[I miss @GeorgeMichael Thank you for this dedication to him. https://t.co/1sy37kLiRe]]></document>
		<document><![CDATA[Thank you!!!! You really have an amazing voice! https://t.co/q7khxEU5gV]]></document>
		<document><![CDATA[@jonmosesvocals you have an amazing voice. Do you have any CDs? https://t.co/CgSU9v5L1f]]></document>
		<document><![CDATA[Please #PrayForKara He needs our prayers. https://t.co/egeGBOXFeJ]]></document>
		<document><![CDATA[Please #PrayForKara https://t.co/8bO5lfuAD2]]></document>
		<document><![CDATA[Please #PrayForKara]]></document>
		<document><![CDATA[@LaneyMHilf Please #PrayForKara]]></document>
		<document><![CDATA[Please #PrayForKara https://t.co/3om4L8NKgk]]></document>
		<document><![CDATA[Get the recipe for Smoked Gouda-Chorizo Jalapeno Poppers via @FoodNetwork:  https://t.co/EVRfXh5UPD]]></document>
		<document><![CDATA[Get the recipe for White Bean and Chicken Chili via @FoodNetwork:  https://t.co/ySLxDRfC4t]]></document>
		<document><![CDATA[Petraeus warns that the current international order could 'fray' and 'collapse' https://t.co/zRI5z8wyYF via @bi_politics]]></document>
		<document><![CDATA[@TrescaNorthEnd You're welcome! I will.... the food looks great!]]></document>
		<document><![CDATA[@Valente_Montes @marcorubio I agree with you Valente. I wish Marco was our President!]]></document>
		<document><![CDATA[@missreagan1 @JRubinBlogger @FoxReports @WaPoSean @marcorubio Ted Cruz Goes Into Hiding....#NeverTrustCruz]]></document>
		<document><![CDATA[@JRubinBlogger @FoxReports @WaPoSean @marcorubio Marco is the only 1 speaking out.Cruz is doing what he does best (hiding) @missreagan1]]></document>
		<document><![CDATA[@EatPrayVote @missreagan1 @wordpressdotcom Great article Christa!]]></document>
		<document><![CDATA[@BamaStephen I agree with you.]]></document>
		<document><![CDATA[GOP senator: Trump should 'immediately' revise immigration executive order https://t.co/F4nDK7TKsG via @DCExaminer]]></document>
		<document><![CDATA[Is this how he is keeping us safe? https://t.co/nBIQ9ncWcJ]]></document>
		<document><![CDATA[@CtgjrJr  @CBSPolitics Is this how he is keeping us safe?]]></document>
		<document><![CDATA[@missreagan1 Tami Lahren seriously needs help. SMH #GodHelpUs]]></document>
		<document><![CDATA[I agree with you @AG_Conservative]]></document>
		<document><![CDATA[@zackmaher98 She is nuts!]]></document>
		<document><![CDATA[Sky-High Brunch Bake https://t.co/wmsmE6iVYt]]></document>
		<document><![CDATA[Report: Israel okays historic plan to absorb child refugees from Syria war - Israel News - Jerusalem Post https://t.co/Yqd76Ep9vd]]></document>
		<document><![CDATA[Beef &amp; Macaroni Stuffed Poblanos https://t.co/iON9UeOLPx]]></document>
		<document><![CDATA[Beefy Zucchini &amp; Bean Phyllo Tart https://t.co/IsoPnbhMPG]]></document>
		<document><![CDATA[Layered Meatball Bake https://t.co/4xsn53K0av]]></document>
		<document><![CDATA[Easy Layered Cabbage Casserole https://t.co/bA8CJUzhEn]]></document>
		<document><![CDATA[Layered Burrito Bake https://t.co/vSnNziOLwk]]></document>
		<document><![CDATA[@savage_prof Yes. How are you?]]></document>
		<document><![CDATA[@rhpatton OMG! Yes he was a great actor!]]></document>
		<document><![CDATA[@AnneRPierce You're welcome! Can't wait to read this book. You are very knowledgeable on foreign policy. #MustRead]]></document>
		<document><![CDATA[@AnneRPierce It's on my list of books to read. #MustRead]]></document>
		<document><![CDATA[@JamesRosenFNC @BretBaier You are one of my favorites James. Great job on #SpecialReport @FoxNews]]></document>
		<document><![CDATA[Fox News Turns Against Trump Over ‘Voter Fraud’ &amp; Donald Is NOT Happy (VIDEO) https://t.co/n7aJCwxllu via @Bipartisan Report]]></document>
		<document><![CDATA[@CNNPolitics @TeddyDavisCNN @jaketapper Thank You @jaketapper]]></document>
		<document><![CDATA[Individual Cheeseburger Pull-Apart Party Loaves https://t.co/cOkCDHELyL via @landolakesktchn]]></document>
		<document><![CDATA[@missreagan1 I am very proud of you!]]></document>
		<document><![CDATA[@missreagan1 @EatPrayVote @marcorubio @wordpressdotcom I am so proud of you my friend.]]></document>
		<document><![CDATA[@missreagan1 @EatPrayVote @marcorubio @wordpressdotcom Please read.This is an excellent article.]]></document>
		<document><![CDATA[Please read.This is an excellent article. You are amazing @missreagan1 Congrats!😘 https://t.co/RAOUP7hcDZ]]></document>
		<document><![CDATA[@BettyGibet @jennanjack @susan220 @TerryBelveal @AShustock @consmama2016 @Reppolitics @Boyd_2650 @Moshi0313 @jackieionescu It has!😂😂😂😂]]></document>
		<document><![CDATA[@mojomnx It is..... I worry about our country.]]></document>
		<document><![CDATA[@mojomnx I agree. He is the same person we were against from the start. He has not changed. He scares me.]]></document>
		<document><![CDATA[@rhpatton I agree with you.]]></document>
		<document><![CDATA[@mitchellreports @courtchauncey no vote wouldn't have gotten rid of Tillerson.It would not have made it tougher. Would have been the only 1]]></document>
		<document><![CDATA[Thank You!❤️ https://t.co/r1A4SC9Qzf]]></document>
		<document><![CDATA[You have to give me the recipe. Looks so good! https://t.co/pw4BSub5eY]]></document>
		<document><![CDATA[@sumarie711 @rhpatton I have already read two of his books.The Pattons &amp;Hell before Breakfast.He is a great writer.Can't wait to read this 1]]></document>
		<document><![CDATA[I'm so excited! @rhpatton is a wonderful writer! https://t.co/vzovlNtHf5]]></document>
		<document><![CDATA[Just received this in the mail. Can't wait to read it. I loved the Pattons &amp; Hell Before Breakfast! @rhpatton https://t.co/TBrx5ebYMK]]></document>
		<document><![CDATA[@MelissaAmour72 @RadioFreeTom I don't know what to think.]]></document>
		<document><![CDATA[@MomToBea @Poppajames45 @marcorubio @GloryCorinne McCain &amp; LG saying ok 2 RT &amp; Corker saying vote committee didn't matter,he was abandoned.]]></document>
		<document><![CDATA[@Poppajames45 @marcorubio @MomToBea @GloryCorinne His no vote wouldn't have gotten rid of Rex T needed McCain &amp;Graham 2 hold their ground]]></document>
		<document><![CDATA[@LaneyMHilf @NateFietzer Thank you Laney.]]></document>
		<document><![CDATA[@missreagan1 @benshapiro I agree Christa.I saw Cruz sitting next 2 Tillerson during hearings.I'm outraged at that.Cruz grandstanding again]]></document>
		<document><![CDATA[@NateFietzer Thank you.🙏for you.]]></document>
		<document><![CDATA[@DollFaces911 I'm ok. I'm hanging in there too. Missing Marco.]]></document>
		<document><![CDATA[Just like my dog.😊But we still love them❤️ https://t.co/D45lrLXOed]]></document>
		<document><![CDATA[@CindyLemoine Thanks for sharing! 😂]]></document>
		<document><![CDATA[That is too funny!😂Thanks for sharing! https://t.co/QoIKOYlgOm]]></document>
		<document><![CDATA[@CindyLemoine I hope the dog is ok.]]></document>
		<document><![CDATA[Who are you picking to win #PITvsNE? I'm going with the #Patriots. @EAMaddenNFL https://t.co/ncjMiTHS82]]></document>
		<document><![CDATA[@JoeyBats19 Oh no Jose. I'm a New England Patriots fan. But I still love you!😊]]></document>
		<document><![CDATA[Hi @DollFaces911! How are you?]]></document>
		<document><![CDATA[@missreagan1 @ElizabethEspos8 @SandiinUSA @FoxNews @GeorgeWill Live a less Stressful Life.... Turn off Fox News]]></document>
		<document><![CDATA[@ElizabethEspos8 @SandiinUSA U R right about @FoxNews I don't watch Fox any more &amp; now they got rid of @GeorgeWill Fox lost all credibility]]></document>
		<document><![CDATA[@LisRey2141992 @marcorubio I don't know. Marco is a great leader. IMHO He is a true conservative.]]></document>
		<document><![CDATA[@ReaganBattalion @BreitbartNews @FoxNews @GeorgeWill is a true conservative.]]></document>
		<document><![CDATA[@Matt_Beleskey She is beautiful Matt!]]></document>
		<document><![CDATA[@SandiinUSA I know you would think she would lay off of Marco.]]></document>
		<document><![CDATA[@SandiinUSA She is still attacking him.]]></document>
		<document><![CDATA[@SandiinUSA I did move on. I have a right to stand up for Marco. It seems like Laura Ingraham can't get Marco off her mind.]]></document>
		<document><![CDATA[@missreagan1 @SLadreda @ParrotCaique @IngrahamAngle Laura lost her mind. Marco is the real deal. He is the only true conservative.]]></document>
		<document><![CDATA[@missreagan1 @mojomnx @IngrahamAngle  Now that is what this Country needs. Marco is a great #Leader #leadership]]></document>
		<document><![CDATA[@mojomnx @missreagan1 @IngrahamAngle We had a great choice,a Christian man,an eloquent orator, a man of integrity &amp; principles.]]></document>
		<document><![CDATA[@mojomnx @missreagan1 @IngrahamAngle great American who struck his way into history &amp; our hearts.Once in a lifeX cand. #RubioRepublicans]]></document>
		<document><![CDATA[@missreagan1 @IngrahamAngle @marcorubio I agree Christa. Marco is loved &amp; respected by millions. #TeamMarco #RubioRepublican]]></document>
		<document><![CDATA[@Tmoneyhoops I will be praying for him Tanner.]]></document>
		<document><![CDATA[@marcorubio @MomToBea @GloryCorinne Thank You Marco! I agree with you. I also have concerns about this nomination. God Bless you!]]></document>
		<document><![CDATA[@kpaulgrant0125 @marcorubio I'm praying for him too! Marco is passionate,articulate and inspirational.]]></document>
		<document><![CDATA[@SenBobCorker Then what's the point of the hearing?  @CtgjrJr]]></document>
		<document><![CDATA[@Will_0004 Me too!]]></document>
		<document><![CDATA[@toothii @TuckerCarlson I thought he was great!Even people I know who did not vote 4 him thought he did a good job.]]></document>
		<document><![CDATA[@toothii @TuckerCarlson Don't believe media. No 1 knows the dangers PUTIN poses better than Rubio He has always made it clear how he felt.]]></document>
		<document><![CDATA[We trust you @marcorubio. Whatever you decide to do we are behind you 100%]]></document>
		<document><![CDATA[Missed you Molly! https://t.co/Ws7KYDqTN6]]></document>
		<document><![CDATA[@FoxBusiness @marcorubio is doing his job.Anyone refusing 2 acknowledge what Putin has done is dishonest. @courtchauncey @SherredEllen]]></document>
		<document><![CDATA[Thank you @LindseyGrahamSC  @kimc473]]></document>
		<document><![CDATA[@mojomnx @missreagan1 @AShustock @Tamaraw68415067 @kimoli07 @msksweetness Thanks.They lost today. But I will always support the. #GoBruins]]></document>
		<document><![CDATA[@Tmoneyhoops I'm so happy for you! How are you feeling Tanner?]]></document>
	</documents>
</author>