<author lang="en">
	<documents>
		<document><![CDATA[Wow, did not see that coming #smirk Future of Wellington Sevens in jeopardy with crowd numbers 'not viable' https://t.co/Q5XMPnxQ00]]></document>
		<document><![CDATA[@SaltySaysSo it's Sunday, get the Scotch! I hope it has improved 😵]]></document>
		<document><![CDATA[Remember how vibrant Wellington Sevens weekend use to be? Rugby fans, people from all over NZ here for the weekend, amazing costumes...]]></document>
		<document><![CDATA[@jessbovey He is unbearably cute!]]></document>
		<document><![CDATA[@RichieHardcore Professor Richie Poulton has described it as the single most important thing for a child to learn #1000Days]]></document>
		<document><![CDATA[Sprained my ankle trail running, again 😑]]></document>
		<document><![CDATA[@ScruffyApple I didn't like that last episode with the sister, it was weird.]]></document>
		<document><![CDATA[Can't believe I ever complained about watching #Tourdefrance this cricket watching is out of control]]></document>
		<document><![CDATA[When is the cricket going to end? As in the season? I can't take many more hours of this #bigbash #bigbashbrendonsTVSoCricketWillStop]]></document>
		<document><![CDATA[Dave McKenzie: the Coaster who against odds won the 1967 Boston Marathon https://t.co/caLagf2DQy]]></document>
		<document><![CDATA[@maupuia me too Mike. What a woman, you couldn't write a better story than the one she has lived.]]></document>
		<document><![CDATA[Ohai in the news! Three Kiwis set world shearing record https://t.co/kAGmpJc3Fc]]></document>
		<document><![CDATA[Still smiling, Bernie you are an incredible human being https://t.co/uMgiPVrdNv]]></document>
		<document><![CDATA[Jumbo-Holdsworth Loop https://t.co/ihhbPk6dA8 via @wordpressdotcom]]></document>
		<document><![CDATA[@Wildantlers @DairyNZ people will still buy dairy, if the cost increases so what I'll know why and it will be worth it to help the rivers]]></document>
		<document><![CDATA[@Wildantlers @DairyNZ more $ is needed to sort the issue because it's getting worse, it's not enough. Farmers end up taking all the flak...]]></document>
		<document><![CDATA[@DairyNZ I'm happy to pay more for dairy products if the$ is invested in cleaning this up, you need to take action now and stop ignoring it!]]></document>
		<document><![CDATA[Rachel Stewart: Why doesn't Dairy NZ work with environmental groups? https://t.co/n1Ut0FghBH via @nzherald]]></document>
		<document><![CDATA[@BrentfromNZ @74Running oooh you will crush that with @stevedore19 pacing you, he got me to run a 45 second PB last year]]></document>
		<document><![CDATA[@BrentfromNZ @stevedore19 @74Running oooosh good on you! What is your current PB? Hope you've cut that hippy hair so you are more #Aero]]></document>
		<document><![CDATA[@stevedore19 @wgtnscottish that would be so good! I'm sure they will get some records this season, I'm thankful that they aren't on #Strava]]></document>
		<document><![CDATA[Wondering if I can get the G10 girls to run up several grades so @wgtnscottish has a decent SW team for #NZRR https://t.co/7nCzhnD760]]></document>
		<document><![CDATA[@peaches had a concert here and now we're all like #dicksdicksdicks https://t.co/JnwhF5Pw1J]]></document>
		<document><![CDATA[#BigBash watching increases your risk of death from a giant spider in the room while your partner ignores you by 1,000,000% #saynotocricket]]></document>
		<document><![CDATA[@paulpetch @gprnz YES! Can we go in a convoy? Can we all get Taylor Swift Air fresheners for the cars?]]></document>
		<document><![CDATA[Scratching my head wondering what I'm doing at work and sand is falling out #HolidayHangover]]></document>
		<document><![CDATA[@HelloMissPotter @vodafoneNZ #pray4MissPotter]]></document>
		<document><![CDATA[@paulpetch Yes, it's my favourite place! Family holiday spot, magical!]]></document>
		<document><![CDATA[The Year You Became A Runner - James Kuegler Coaching https://t.co/H33W6zvzQM]]></document>
		<document><![CDATA[@paulpetch that is sad! People not picking up their poo. Have you been to Manapouri?]]></document>
		<document><![CDATA[How to figure out when you need to be back at your desk #holidaymode https://t.co/OIfC9sMiqx]]></document>
		<document><![CDATA[Getting to know your groin- Pelvic injury #2 https://t.co/cmXBacbYm6 https://t.co/WLCqkS8vse]]></document>
		<document><![CDATA[New Zealand Red Cross - Syrian crisis appeal https://t.co/sdyqHPz9Re]]></document>
		<document><![CDATA[Triathlon cheat Amy Stretton suspended for two years https://t.co/3rPovyDykI]]></document>
		<document><![CDATA[Children who will lead troubled lives identified by test at age three https://t.co/YEZpVYST2q @PlunketNZ #RaiseABundle #1000Days]]></document>
		<document><![CDATA[@paulpetch They are PIES! Made in Roxburgh in Otago, you can buy them all over the S.I though. I grew up on those pastry delights.]]></document>
		<document><![CDATA[If u make your ☕ thru method 'o plunge
Make sure u rinse the pot
Or the coffee vessel will fill w' gunge
&amp; the kitc… https://t.co/q9uD42LyBR]]></document>
		<document><![CDATA[@paulpetch ooooh have you had a Jimmy's pie before?]]></document>
		<document><![CDATA[@TashTasticNZ I am ok I am just paranoid that I'm going to get another stress fracture! Off to the pool tonight to aqua jog and perve.]]></document>
		<document><![CDATA[@BrentfromNZ @TashTasticNZ Your hair started growing? *winky winky elbow elbow*]]></document>
		<document><![CDATA[@BrentfromNZ @TashTasticNZ write a book about it, people will buy it.]]></document>
		<document><![CDATA[A very nice Xmas Gift for the runner in your life https://t.co/46Sr60QBaB @wgtnscottish]]></document>
		<document><![CDATA[@TashTasticNZ how are your injuries going? I think I am getting worse! I even went Aqua jogging yesterday :(]]></document>
		<document><![CDATA[@TashTasticNZ It was on the radio yesterday and I thought ENOUGH ALREADY!]]></document>
		<document><![CDATA[Will 2017 be the year that everyone stops talking about coconut oil? We get it, you can put it on food AND on your face/ baby/ dog.]]></document>
		<document><![CDATA[@paulpetch when I first moved here I thought the same thing!]]></document>
		<document><![CDATA[@Food4Dogs it was a secret santa gift so I don't know!]]></document>
		<document><![CDATA[@olafquintessa I through Lego santa with a sack? That explains the square head]]></document>
		<document><![CDATA[What is this Xmas cookie cutter supposed to be?? We can't figure it out!! https://t.co/Tzl8f2Vxeh]]></document>
		<document><![CDATA[the tipping point at the work Xmas Function #betterworkstories https://t.co/mttl9spM4E]]></document>
		<document><![CDATA[@BrentfromNZ @paulpetch yeah I need to see this van, I just got a people mover! #WannabeSoccerMom]]></document>
		<document><![CDATA[The Christmas bake off in full swing #officelife #SmugMartin @PlunketNZ https://t.co/LObaUQfGx4]]></document>
		<document><![CDATA[@paulpetch Y U in Palmy? Y Paul freak out?]]></document>
		<document><![CDATA[Stay safe on the trails this summer! #MountainSafety @wgtnscottish @Trailrunmag https://t.co/uNQeXL960R]]></document>
		<document><![CDATA[First day of no running in 91 days!]]></document>
		<document><![CDATA[Men crying foul thinking they may be overlooked for jobs because of their gender. Wonder what that is like? https://t.co/7pDhASBJkW]]></document>
		<document><![CDATA[@ScruffyApple I'm a sucker for corn rows too]]></document>
		<document><![CDATA[Live results for the #SpecialOlympicsNZ Trans Tasman Event, our Wellington athletes are doing so well! https://t.co/9O7ahxEMzr]]></document>
		<document><![CDATA[For the love of Plunket https://t.co/gSbJBukzaR]]></document>
		<document><![CDATA[@lilsalexander it seems insensitive to boast about getting followers in the midst of a natural disaster, don't you think?]]></document>
		<document><![CDATA[@lilsalexander capitalizing on the natural disasters?]]></document>
		<document><![CDATA[Nicole's running turns to Gold: https://t.co/fm3mRanA1T]]></document>
		<document><![CDATA[Less doom, more kitties please https://t.co/fGlQNFRUfs]]></document>
		<document><![CDATA[@everydaymanager it is a good article, NZ doesn't really have a multicultural health system that works]]></document>
		<document><![CDATA[Evacuated from our building in the CBD. Can we go back to normal please?!]]></document>
		<document><![CDATA[Advice versus culture - the Pasifika mental health battle https://t.co/wN8A65TK0h @mentalhealthnz #Pasifika]]></document>
		<document><![CDATA[People panic buying water at @NewWorld_Thordn, should be panic buying fly spray you damn fools! #Locusts]]></document>
		<document><![CDATA[Because all that matters is what she looks like, not how well she does her job. #Sigh https://t.co/4G0NSwjhAl]]></document>
		<document><![CDATA[@Jetstar_NZ Hello! I need to cancel a flight, how can I do this? Can't do it thru your website and phone service can't recognise my voice]]></document>
		<document><![CDATA[Thinking of all Kiwis today, especially those who aren't able bodied and rely on public transport and smooth footpaths to get about]]></document>
		<document><![CDATA[@nzrunnerguy hope you are ok down there]]></document>
		<document><![CDATA[That was big #eqnz #wellington]]></document>
		<document><![CDATA[@HamishCarson's GF has sent every female in Wellington 16 emails to let us know she is here #strava #goodbyeCRs 😭 @HinanoAndrews]]></document>
		<document><![CDATA[What happens when your thighs rub together 16,320 times https://t.co/f8RiFU9CbO https://t.co/aIF6DzFeI0]]></document>
		<document><![CDATA[The best argument against democracy is a five-minute conversation with the average voter- Winston Churchill]]></document>
		<document><![CDATA[Ahhhhhh merica.]]></document>
		<document><![CDATA[@TitusRodriguez1 hey tito! I will send you a direct message]]></document>
		<document><![CDATA[This made me laugh, so good. bitches gotta eat: trick or treated. https://t.co/sP2L9sILSv]]></document>
		<document><![CDATA[@BrentfromNZ @74Running haha I'm not sure you could convince him to don a crop!]]></document>
		<document><![CDATA[Get $5 to #donate to your favorite nonprofit when you join @GoodWorld. Sign up here: https://t.co/PeQymuJwU4]]></document>
		<document><![CDATA[I love this from @Airbnb https://t.co/WC7GPDUKz3]]></document>
		<document><![CDATA[@NZRUN @nzherald Yup! At lest this one is accurate though, the @NZStuff article says that it was her first marathon...]]></document>
		<document><![CDATA[Auckland marathon newbie leads the pack to cross finish line first https://t.co/RYGdN92LOB via @nzherald #]]></document>
		<document><![CDATA[@wgtnscottish @AkMarathonNZ I was 5th!!]]></document>
		<document><![CDATA[@ITHeavyHitters my arms are twigs! I would be hopeless!]]></document>
		<document><![CDATA[@BrentfromNZ Brent this actually could be you]]></document>
		<document><![CDATA[IT'S RACE WEEK BITCHES! #aucklandmarathon]]></document>
		<document><![CDATA[@74Running @AkMarathonNZ ha! I'm leaving work soon to buy some new lippy for the occasion]]></document>
		<document><![CDATA[@wgtnscottish @taraweraultra tarawera is in the ten year plan 😉]]></document>
		<document><![CDATA[@Goodwillrunsnz @everydaymanager @wgtnscottish @TrailRunMag Once I make it to this page I will retire :)]]></document>
		<document><![CDATA[Its a trail takeover... https://t.co/S4mnjge4tv @wgtnscottish @TrailRunMag]]></document>
		<document><![CDATA[@paulpetch I wasn't going fast but ouch. The bruises are pretty bad and will ruin my @AkMarathonNZ photos 😭]]></document>
		<document><![CDATA[@paulpetch I have a big scratch up the back of my leg and a big lump on my arm 😫]]></document>
		<document><![CDATA[Ran backwards into a park bench trying to impress the new French girl on my run. So sore! 😳]]></document>
		<document><![CDATA[@Goodwillrunsnz @PlunketNZ oh wow! That is great James :)]]></document>
		<document><![CDATA[Help from the locals! Thank you @SprigandFern #RaiseaBundle https://t.co/lQAxAwOkOZ @PlunketNZ]]></document>
		<document><![CDATA[@ScruffyApple 'Exciting times!' x infinity because nobody really knows what to say]]></document>
		<document><![CDATA[Spot the Mander at the Waterfront 5km https://t.co/bcuulTUrPj @wgtnscottish #RunWellington]]></document>
		<document><![CDATA[@BrentfromNZ yeah I'll go at 12.30 for half an hour, you?]]></document>
		<document><![CDATA[This week is Mental Health Awareness week, support the work of @mentalhealthnz and make a donation https://t.co/DSaOvOXGVm #MHAWNZ]]></document>
	</documents>
</author>