<author lang="en">
	<documents>
		<document><![CDATA[#KingsRoad #Chelsea https://t.co/es7AHTgWyj]]></document>
		<document><![CDATA[A thousand moments that I had just
taken for granted - mostly because I had assumed there would be a thousand more. https://t.co/bhCL1CBKJr]]></document>
		<document><![CDATA[Happy Friday ☕️📰 https://t.co/8KswWd6EIw]]></document>
		<document><![CDATA[Such a lovely warm welcome from @tweatingPoolie https://t.co/QuFgdhpgbq]]></document>
		<document><![CDATA[Rainbow 🌈 vibes on a dull day 🍂 https://t.co/iZ54EhKB16]]></document>
		<document><![CDATA[#breakfast #coffee @Nespresso @NutellaGlobal #croissants #delicious ☕️🥐😋 https://t.co/DaGVRfBay8]]></document>
		<document><![CDATA[#major #Airbrush #10YearsYounger https://t.co/RAGtcZW4wT]]></document>
		<document><![CDATA[@iloveellesse @feliciano_lopez looks airbrushed to within an inch of his life]]></document>
		<document><![CDATA[I've taken action to #BanFrackingNow in Scotland. You can too: https://t.co/erTEtDQwgd]]></document>
		<document><![CDATA[Ask your MP to help ban the UK ivory trade https://t.co/nqrIMcU3Xt]]></document>
		<document><![CDATA[It is time for high street brands to #EndtheCageAge for hens! Take action &gt;&gt; https://t.co/blHYgY60Eg #cagefree]]></document>
		<document><![CDATA[There is no dishonor in losing the race. There is only dishonor in not racing because you are afraid to lose. https://t.co/7xOrIgI9D8]]></document>
		<document><![CDATA[TAKE ACTION: Prominent Hollywood Trainer Fails Animals via @PETA https://t.co/kuauQsUYZP]]></document>
		<document><![CDATA[To find peace, you have to be willing to lose your connection with the people, places and things that create all th… https://t.co/tZtfixHSaX]]></document>
		<document><![CDATA[#sunset #evening #walk #beautiful #rural #france last day of January https://t.co/UM9j4FtpuP]]></document>
		<document><![CDATA[Win a Rowse Snap &amp; Squeeze on-the-go morning hamper
 https://t.co/hysFhxYB5O]]></document>
		<document><![CDATA[Throwback to summer 2015 https://t.co/mzk7IiftfU]]></document>
		<document><![CDATA[@RafaelNadal thank you for being such an awesome human being! Cannot wait to see what you'll achieve in 2017 🎾💚]]></document>
		<document><![CDATA[Reminiscing about the time I met the amazing @samsmithworld whilst listening to all his exceptional music 🎶 such a… https://t.co/lvm1npDFXg]]></document>
		<document><![CDATA[@MyRoyalUK pray 🙏🏻 I win this amazing competition ✈️🛳⚓️🗽🏖🏝 #ExtraordinaryExplorer https://t.co/2TvNW11pdU]]></document>
		<document><![CDATA[Google Pixel (128GB) International Giveaway @androidauth #giveaway https://t.co/41iy8YZMUi]]></document>
		<document><![CDATA[If your path is more difficult,
it is because of your higher calling.

🗽 https://t.co/Dllj4PeZHL]]></document>
		<document><![CDATA[Ask your MP to attend the Parliamentary meeting on 7th Feb. to support a #FurFreeBritain: https://t.co/KTluA7SPRR via @HSIUKOrg]]></document>
		<document><![CDATA[The answers  you seek
never come when the mind is busy,
they come when the mind is still.

thoughts. https://t.co/vXizXbHgfU]]></document>
		<document><![CDATA[🇺🇸🗽Give me your tired, you poor,
You huddled masses yearning 2 breathe free...🇺🇸🗽 https://t.co/q1MykXC8TW]]></document>
		<document><![CDATA[Looking forward to seeing @andy_murray back in action soon... #murray #2017 #WorldNumberOne 🇬🇧🌏1️⃣ #fresh https://t.co/NmoIuu70WU]]></document>
		<document><![CDATA[Roger Federer reflects on his awkward match point | Australian Open 2017 https://t.co/o4AsVDYmEu]]></document>
		<document><![CDATA[Rafael Nadal congratulates Roger Federer on his win | Australian Open 2017 https://t.co/tGt2xg4jAV]]></document>
		<document><![CDATA[Your 2017 Champion, Roger Federer | Australian Open 2017 https://t.co/OWpYh67tFi]]></document>
		<document><![CDATA[Roger Federer press conference (Final) | Australian Open 2017 https://t.co/ke5ORcdepJ]]></document>
		<document><![CDATA[Roger Federer post final interview | Australian Open 2017 https://t.co/XyTrLdVdbK]]></document>
		<document><![CDATA[Long may they reign... #King &amp; #Queen of #tennis 🤴🏻👸🏾👑🎾🇦🇺🏆1️⃣8️⃣+2️⃣3️⃣=4️⃣1️⃣🏆#Serena #Roger Year of the G.O.A.T🐐.… https://t.co/9bfE34W9J1]]></document>
		<document><![CDATA[News just in! Chinese New Year changed to Year of the goat 🐐 🇨🇭#Federer @rogerfederer 🏆🇦🇺🎾1️⃣8️⃣ https://t.co/mIsbM0eecI]]></document>
		<document><![CDATA[Please can't you just share the trophy 🏆 #FEDAL new doubles team maybe 🤔🤔🤔🤔 then they can share trophies 🏆 @RafaelNadal @rogerfederer]]></document>
		<document><![CDATA[My heart breaks 💔for Nadal 🇪🇸]]></document>
		<document><![CDATA[Time to put the old goat 🐐 out to pasture in the Swiss alps 🇨🇭🏆🎾1️⃣8️⃣Year of the Rooster 🐓🐓🐓working out well for @rogerfederer #AusOpen]]></document>
		<document><![CDATA[This is insane!!!!!!!!]]></document>
		<document><![CDATA[#Nadal closing in on his second #AusOpen title]]></document>
		<document><![CDATA[That about sums it up @espn https://t.co/WHYpUgiZQw]]></document>
		<document><![CDATA[@danwootton more like Federer or Nadal - who cares about CBB #AusOpen 🏆🇦🇺🎾🤔🇪🇸🐮🎾🇨🇭🐐]]></document>
		<document><![CDATA[@andy_murray You haven't tweeted since @Wimbledon 🤔🕊📝📲Come on Muzza 🎾🤔 you must be watching #Fedal #AusOpen final 🏆🎾🇦🇺🐮🇪🇸🎾🐐🇨🇭]]></document>
		<document><![CDATA[@AaronUFC97 I want Nadal to win! But I love them both! Nadal now up 4-1 in second set! May the best man win 🇦🇺🏆🎾🍾🥂🇪🇸🇨🇭]]></document>
		<document><![CDATA[@AaronUFC97 thanks for the shoutout]]></document>
		<document><![CDATA[@AaronUFC97 he's just won first set against Nadal 🙈🙉🇦🇺🏆🎾 I know what you mean about not watching! I get so stressed watching Murray sometime]]></document>
		<document><![CDATA[This almost doesn't seem real #FEDAL FINAL #AusOpen 🇦🇺🏆🎾]]></document>
		<document><![CDATA[Obsessed with this damn @gucci t shirt #Gucci #fashion @style https://t.co/7Zb82ejbmC]]></document>
		<document><![CDATA[Australian Open Priceless Moments, presented by Mastercard | Day 13 | Au... https://t.co/tQgvsaVdQo]]></document>
		<document><![CDATA[Venus Williams press conference (Final) | Australian Open 2017 https://t.co/CdHZrL7FQ5]]></document>
		<document><![CDATA[Venus Williams gracious in defeat | Australian Open 2017 https://t.co/L8aRz2SBWQ]]></document>
		<document><![CDATA[That was day thirteen | Australian Open 2017 https://t.co/Xe9dUECDIn]]></document>
		<document><![CDATA[Venus v Serena: How history was made | Australian Open 2017 https://t.co/37ICtQ1oed]]></document>
		<document><![CDATA[The Greatest Match: Federer v Nadal, Wimbledon 2008 https://t.co/zZNP1bjYDi]]></document>
		<document><![CDATA[Serena Williams press conference (Final) | Australian Open 2017 https://t.co/pPhus59KSd]]></document>
		<document><![CDATA[The road to the men's final | Australian Open 2017 https://t.co/Kq4HDuNG0f]]></document>
		<document><![CDATA[Mischa Zverev &amp; Family In ATP World Tour Uncovered https://t.co/d4gVvZaKxH]]></document>
		<document><![CDATA[Friday night fizz 🍾🥂 #pink #bubbles cremant de Bordeaux https://t.co/h9r0nB8WAf]]></document>
		<document><![CDATA[Gasoline Poured Into Burrows of Wildlife in Texas: Speak Out Now! https://t.co/pk2JnT2wvL via @PETA]]></document>
		<document><![CDATA[Tonight in UK 📺🇬🇧 we have a contest for which pop star will represent the UK in the #Eurovision Song Contest! 😂🤣😂… https://t.co/AEAcFPqMQ8]]></document>
		<document><![CDATA[Rafael Nadal v Grigor Dimitrov match highlights (SF) | Australian Open 2017 https://t.co/kVKT60nZz3]]></document>
		<document><![CDATA[Such a high level of tennis #Nadal #Dimitrov #Semifinal #ausopen 🐨🇦🇺🙈🤔🎾🏆]]></document>
		<document><![CDATA[Year of the Rooster starts tomorrow 🐓🐓🐓🐓🐓 https://t.co/JNV1K7bFuu]]></document>
		<document><![CDATA[Happy Chinese New Year #Rooster https://t.co/TPv7nAJpRJ]]></document>
		<document><![CDATA[Ask Carrefour, Lidl and Aldi to stop selling eggs from caged hens in all Europe https://t.co/SwWsuwy0V1… 🍳🐓🐔🐣🐤🐥]]></document>
		<document><![CDATA[Win a Rowse Snap &amp; Squeeze on-the-go morning hamper
 https://t.co/hysFhxYB5O]]></document>
		<document><![CDATA[Obsessed with @Nespresso ☕️ https://t.co/xAl932ytsq]]></document>
		<document><![CDATA[Boiled eggs 🍳 on barley toast with rock sea salt &amp; pepper #delicious 😋 #brunch https://t.co/O6dQh3RUWE]]></document>
		<document><![CDATA[Take me back to #Toronto 🇨🇦 https://t.co/35qbYvdVCE]]></document>
		<document><![CDATA[@MyRoyalUK hope I'm considered for the #ExtraordinaryExplorer intern-SHIP 🛳🚢⚓️✈️🗽🌆🏝🏖⛩🗾 #travel #ibiza #Bahamas… https://t.co/1W3L4jfwve]]></document>
		<document><![CDATA[Roger Federer press conference (SF) | Australian Open 2017 https://t.co/AGsaPXnqTi]]></document>
		<document><![CDATA[Stan Wawrinka press conference (SF) | Australian Open 2017 https://t.co/Cot9w15inB]]></document>
		<document><![CDATA[Beautiful cold sunny ☀️ day https://t.co/mTSP5PNG8J]]></document>
		<document><![CDATA[Document reveals Coca-Cola opposes bottle return scheme https://t.co/7nvNz7l5SJ]]></document>
		<document><![CDATA[Only £19.99 for a year of @EurosportUKTV instead of £59.99 #bargain https://t.co/ejNB3dZBAZ]]></document>
		<document><![CDATA[Watching Stan Vs Fed #AusOpen #Semifinal #nespresso 🙈🇨🇭🎾🇦🇺🔨🤔☕️💻📱 https://t.co/yQiiMTsPaB]]></document>
		<document><![CDATA[Croatian Calamity. Mayor Gone. Freezing Conditions. https://t.co/GjtP7AxeX9 via @network4animals]]></document>
		<document><![CDATA[Text to my sister 🎾📱🇦🇺🏆 #AusOpen #WTF #Stanimal back in action https://t.co/kwH27CDqCQ]]></document>
		<document><![CDATA['Ladies &amp; gentleman Wawrinka is now receiving an off Court medical time out' #AusOpen]]></document>
		<document><![CDATA[Poor Stan has gone off in tears 😭 with the trainer!!!! Hope he's ok!!!!!]]></document>
		<document><![CDATA[Is this match dead in the water or can Stan make a comeback and take a set or 2 or maybe even 3? Seems unlikely- straight sets win for Fed?]]></document>
		<document><![CDATA[Fed up a set &amp; 5-2 against Stan! Fed makes other top 10 players L👀K like they're beginners 🙈 #MasterAtWork Stan not looking like the 'MAN'🎾]]></document>
		<document><![CDATA[Get rid of anything
that isn't useful,
beautiful or joyful. https://t.co/8VftNSbU9d]]></document>
		<document><![CDATA[Win a 7 day trip to Morocco for 2 - Enter our competition | Rickshaw Travel https://t.co/ZFeoQNg6MA]]></document>
		<document><![CDATA[#Wimbledon #throwback 2008🎾Last time Roger, Serena, Rafa &amp; Venus were all in the semis of a Grand Slam #AusOpen… https://t.co/1qJtmyaQji]]></document>
		<document><![CDATA[Help us end the export of captive-bred African lion parts in South Africa today! Act now https://t.co/s90CDvD8Zo via @HSIGlobal]]></document>
		<document><![CDATA[That winning feeling #Nadal #AusOpen 🎾🇦🇺🏆🤔 https://t.co/dieKNYkuGb]]></document>
		<document><![CDATA[You're invited! Join ZAFUL and Get $10-worth coupon and EXCLUSIVE 15% OFF! https://t.co/biYvCsEjqL https://t.co/9mBiFpZgae]]></document>
		<document><![CDATA[i feel so bad for Raonic - Rafa is like a machine - flying through the match like a man on a mission]]></document>
		<document><![CDATA[Raonic will be hugely disappointed he didn't capitalise on the 6 set points he had in set 2! Rafa going strong in 3rd &amp; 'likely' final set]]></document>
		<document><![CDATA[@CNTraveler absolutely stunning photo]]></document>
		<document><![CDATA[Venus Williams press conference (QF) | Australian Open 2017 https://t.co/ij6gJ9Ci6b]]></document>
		<document><![CDATA[Jo-Wilfried Tsonga press conference (QF) | Australian Open 2017 https://t.co/vMCA839L41]]></document>
		<document><![CDATA[Andy Roddick press conference - International Tennis Hall of Fame  | Aus... https://t.co/fp8uRuabo9]]></document>
		<document><![CDATA[Roger Federer on court interview (QF) | Australian Open 2017 https://t.co/UE6jmJfEu6]]></document>
		<document><![CDATA[Mischa Zverev press conference (QF) | Australian Open 2017 https://t.co/PxVDbFXpEt]]></document>
		<document><![CDATA[Andy Roddick: Hall of Fame inductee | Australian Open 2017 https://t.co/JGdzXnkTua]]></document>
		<document><![CDATA[Roger Federer press conference (QF) | Australian Open 2017 https://t.co/4qDJRQEUgv]]></document>
		<document><![CDATA["It's always special to play Roger" - Stan Wawrinka looks ahead to SF | ... https://t.co/CY1On66OYv]]></document>
		<document><![CDATA[Stunning #Chanel #HauteCouture https://t.co/Aqxexllqa9]]></document>
		<document><![CDATA[Join me and urge members of the European Parliament Agriculture Committee to #EndTheCageAge for farmed #rabbits… https://t.co/S0iljhZUkg]]></document>
		<document><![CDATA[Urgent Update: Humiliated Dubrovnik Mayor Leaves Dogs In Cold. https://t.co/6ZQFq6XD2U via @network4animals]]></document>
	</documents>
</author>