<author lang="en">
	<documents>
		<document><![CDATA[@RuthCarlos78 hope it's a great transition AND hope you have air con too!]]></document>
		<document><![CDATA[@wpskc did he do it correctly?!]]></document>
		<document><![CDATA[If you use @netregistry and expect no problems you need your head read.]]></document>
		<document><![CDATA[@wpskc he said it was "a bit hard". But then he also thinks putting plates away is hard...]]></document>
		<document><![CDATA[@krgcouncil thank you for that. Can I find out what the by law is please.]]></document>
		<document><![CDATA[#9WWOS #ausvsa du Plessis defence sounds similar to Lance Armstrong's, "they're all doing it."]]></document>
		<document><![CDATA[@teknetia prob not but all three possibly introduced by males.]]></document>
		<document><![CDATA[@teknetia same with boats and "Mother Nature"]]></document>
		<document><![CDATA[@krgcouncil thank you]]></document>
		<document><![CDATA[@davrosz at least they get another 1 1/2days to sightsee Hobart.]]></document>
		<document><![CDATA[@auspost already did. You have done nothing to help the customer. It was wasted effort at our end lodging for such a poor return.]]></document>
		<document><![CDATA[@FlemishDog @auspost Auspost did not leave note for us. Just returned my item to sender. They still haven't worked out how to get it back.]]></document>
		<document><![CDATA[Allowing all children to be a normal kid should be the gold standard #4corners]]></document>
		<document><![CDATA[The term "elite media" (usually pronounced a-leet) makes politicians sound affected @TurnbullMalcolm]]></document>
		<document><![CDATA[Very helpful for most phobic situations https://t.co/6nJTb3HHwL]]></document>
		<document><![CDATA[Welcome back to International One Day cricket #ausvsa]]></document>
		<document><![CDATA[@ShitJokes remove the but. It'll work better.]]></document>
		<document><![CDATA[Great imagery https://t.co/SeMDQ94Urr]]></document>
		<document><![CDATA[For those who believe Trump's speech was good - a speechwriter wrote well but every time Trump wandered off script he rambled badly]]></document>
		<document><![CDATA[Fascinating to see media bending over backwards for Trump in Aust. You wrote him off because he is unsuitable. Stick to principles]]></document>
		<document><![CDATA[Well this speech now feels weird and wrong]]></document>
		<document><![CDATA[Americans hoping a little of the racist, misogynistic, tanned magic will wash off into their poor lives...]]></document>
		<document><![CDATA[Now let's talk about the FBI thing. What was that all about?]]></document>
		<document><![CDATA[The thought of Trump "taking back the system" sounds similar to foxes and chicken houses]]></document>
		<document><![CDATA["Certified Organic Garlic" is just $59.95/kg at Hornsby.]]></document>
		<document><![CDATA[@auspost got tracking number from third party. It is EL70000994]]></document>
		<document><![CDATA[@auspost there is no tracking number because you sent it back to Melbourne. It was at Wahroonga PO. We have a box but NO card was used!!!!!]]></document>
		<document><![CDATA[@auspost 3/3 how will you help??]]></document>
		<document><![CDATA[@auspost a third party without delivering it to me or the courtesy of letting me know via ANY METHOD. Now I am expected to pay AGAIN!!!]]></document>
		<document><![CDATA[@auspost normal delivery includes note if something can't be delivered correct? You have posted MY STUFF with my address back to cont...]]></document>
		<document><![CDATA[CFMEU treating fines as business expense @TurnbullMalcolm Sounds like banks, miners, retailers etc Maybe fines is problem.]]></document>
		<document><![CDATA[@coreyann Nantucket? Write a limerick!]]></document>
		<document><![CDATA[Love the silence of great comedy. And then you burst out laughing. #Rosehaven has nailed it.]]></document>
		<document><![CDATA[The scariest thing this electoral cycle is learning we live in a post-fact world. People clearly more interested in "I believe..." #debate]]></document>
		<document><![CDATA[@latikambourke it's weird hearing people profess love of country yet aren't willing to pay for it]]></document>
		<document><![CDATA[Who is this "She" Trump keeps referring to? #debate]]></document>
		<document><![CDATA["Extreme vetting" is where the Republicans messed up #debate]]></document>
		<document><![CDATA[Trump's sniffing constantly. Or is it a Democrat sound effect? #debate]]></document>
		<document><![CDATA[I'm male and I never want to be involved in locker room talk #debate]]></document>
		<document><![CDATA[@ato_gov_au phone call purporting to be from you now. Asking for my full name and DOB. This is stupid practice. You're calling me!!!!!!]]></document>
		<document><![CDATA[@SydneyAirport int g54 but I walked all over the concourse and felt legibility was fair to very poor. Talk to London Undergrd post bombings!]]></document>
		<document><![CDATA[@roulla by spending that $5 you paid for all the R&amp;D on the gaytime donut.]]></document>
		<document><![CDATA[@SydneyAirport the legibility of all PA announcements falls below standard practice. What happens in emergency situ?]]></document>
		<document><![CDATA[@StevenAutoTweet factory signing!]]></document>
		<document><![CDATA[There should be no political donations. Then Australians could trust political outcomes #qanda]]></document>
		<document><![CDATA[But politicians SHOULD be on the workers side #qanda]]></document>
		<document><![CDATA[How many times will #4Corners make us angry this year? Maybe research needed on all private health industry!]]></document>
		<document><![CDATA[It appears no Australian media coverage of #Paralympics (bar #7olympics ) is happening. @smh is totally absent. Why?]]></document>
		<document><![CDATA[Incidentally #7olympics has broadcast the whole time with far better commentary. Thanks @lawrencemooney]]></document>
		<document><![CDATA[#ParalympicsOpeningCeremony is already a million times better than the Olympics. Surely this is the premier sporting achievement.]]></document>
		<document><![CDATA[Are Christmas shoppers really asking for this at this time of year? #commercialismgonemad https://t.co/A6Ds16cbJu]]></document>
		<document><![CDATA[@tomglasson I did the exact $50 refill yesterday and my wife paid! It's who you know not how you play...]]></document>
		<document><![CDATA[@jongresham I think I'd prefer something gentle. Perhaps a single lap of the pool!]]></document>
		<document><![CDATA[#Rio2016 music is soporific #WordOfTheDay]]></document>
		<document><![CDATA[Why are the youth the only ones invited? Why not an aged care games on the #Olympic dime?!]]></document>
		<document><![CDATA[Thomas Bach has all the warmth of a warden #Olympics2016]]></document>
		<document><![CDATA[Cheapest "journalist's" question to anyone - "How do you feel?" @7olympics]]></document>
		<document><![CDATA[NSW police seem to be ticket inspectors at Cityrail stations now. Where did the other staff go!?]]></document>
		<document><![CDATA[You've got to admit this climate denier has done his un-factual work #qanda]]></document>
		<document><![CDATA[Tonight's #qanda is like a Climate Change Ashes]]></document>
		<document><![CDATA[Cause and effect. With climate change CSIRO will grow faster #QandA]]></document>
		<document><![CDATA[What do climate change deniers stand to gain?! Better real estate?? #qanda]]></document>
		<document><![CDATA[One Nation~Science must prove itself with better facts eh!? #qanda]]></document>
		<document><![CDATA[These are not the stats you are seeking One Nation #qanda]]></document>
		<document><![CDATA[Transparency in democracy IS democracy #qanda]]></document>
		<document><![CDATA[1200 beautiful souls!? Is that easier to say of the dead? #qanda]]></document>
		<document><![CDATA[So if you swam the 100m fly final you were a 50% chance of getting silver or better #Rio2016 @7olympics]]></document>
		<document><![CDATA[Wow, there's some historic revision...  https://t.co/f39xIMeISr]]></document>
		<document><![CDATA[Here's an idea @7olympics When they line up for a race instead of ignoring the field events cross back to them or show another ad...]]></document>
		<document><![CDATA[@7olympics Your Saturday ads package is enthralling. Will you be showing any Olympic action for more than 1 minute!???]]></document>
		<document><![CDATA[Wow. Just horrendous abuse of resources.  https://t.co/TzNMOokU7U]]></document>
		<document><![CDATA[@QandA this is dark, bleak and horrific. Australia's guilt becomes evident. How very dare we!]]></document>
		<document><![CDATA[There seems to be an economic theory that if you sack workers the company turns around. But if everyone does it the economy dies.]]></document>
		<document><![CDATA[@WillMcAvoyACN if it was a TV drama it would've been cancelled long ago.]]></document>
		<document><![CDATA[Have we changed much? https://t.co/WVppzFaUJa]]></document>
		<document><![CDATA[I want to know why we can't/ don't know more about this. Transparency is everything. https://t.co/hS37xWX0c1]]></document>
		<document><![CDATA[Why not get rid of it anyway? If she gets in she might as well work at forming up the inadequate language. https://t.co/gyf82YYSPa]]></document>
		<document><![CDATA[What happens when men are left in control of cameras https://t.co/FHkw5S4X9j]]></document>
		<document><![CDATA[Oh dear. What a rather tangled web. And not just the Internet... https://t.co/VXSKef6SSH]]></document>
		<document><![CDATA[@LCarrollHarris @jongresham corporates shouldn't even be near detention facilities.]]></document>
		<document><![CDATA[He saved up and bought cap, goggles and earphones #winning #ohtobeateenageragain https://t.co/26PLl9YiMI]]></document>
		<document><![CDATA[@BIAUS all these Elephants in the room need to stop applying excuses #nojoketoseehere]]></document>
		<document><![CDATA[How can anyone physically stand in support behind a peddler of hate, racism and violence #Trump]]></document>
		<document><![CDATA[My goodness hasn't LinkedIn become incredibly bossy. Are workplaces this bad?!]]></document>
		<document><![CDATA[Yes, yes, yes... To the list! https://t.co/CVDe1L6UPy]]></document>
		<document><![CDATA[@7olympics what is the exact reason swimmers are asked the most inane, and non-relevant, questions?]]></document>
		<document><![CDATA["Just joking" isn't a valid explanation when the consequences of the joke leave the victim fearing for life etc #airportbombjoke]]></document>
		<document><![CDATA[@7olympics please, for the love of eyesight, focus the camera.]]></document>
		<document><![CDATA[@7olympics well done to the Australian WOMEN who won the gold in Rugby Sevens.]]></document>
		<document><![CDATA[Anyone actually read @7olympics Twitter feed? Looks like a spambot. Might be the same bot doing the TV programming.]]></document>
		<document><![CDATA[@JaneCaro is the answer trickle down economics!? I'd prefer something that gushes...]]></document>
		<document><![CDATA[@4corners Labour doesn't have to win any elections Mr Abetz but you do need the help of your Electorate Masters!]]></document>
		<document><![CDATA[@4corners Party politics seems aimed at power retention and not the nucleus of long term planning.]]></document>
		<document><![CDATA[@4corners lobbyists should be culled. Electorate IS the brief not business.]]></document>
		<document><![CDATA[@BIAUS big business needs to consider people before profits and that must include banks. Weight needs to be pulled at top. The poor can't.]]></document>
		<document><![CDATA[@7olympics interrupts this ad block to bring you a taste of live sport before heading back to the studio for an out-of-date update.]]></document>
		<document><![CDATA[12 month trial?! https://t.co/GVHFFyis6L]]></document>
		<document><![CDATA[Unbelievably bad interviewing technique on @7olympics]]></document>
		<document><![CDATA[This evening at Bondi, Sydney https://t.co/m8fzMmQSH8]]></document>
		<document><![CDATA[@7olympics tell your "journalists" to report facts and not fatuous and fawning favouritism #4womeninrelaynot2]]></document>
	</documents>
</author>