<author lang="en">
	<documents>
		<document><![CDATA[Rain on the way? I dunno. Maybe? If only there was some way to tell. https://t.co/cKJEpwynXm]]></document>
		<document><![CDATA[Thank dog. https://t.co/ReT5FywNAx]]></document>
		<document><![CDATA[That snout https://t.co/8Tne8ZEFe6]]></document>
		<document><![CDATA[@WellingtonZoo Hello. My little niece is curious to know if the animals in the zoo get Christmas presents?]]></document>
		<document><![CDATA[Ick. 7s. The weekend when traditionally I avoid the city. #whywellington]]></document>
		<document><![CDATA[@TracyJNeal I hope he is providing snuggles, licks &amp; adoring gazes today.]]></document>
		<document><![CDATA[@TracyJNeal @radionz HOW COME EVERYONE HAS OFFICE PETS BUT ME???]]></document>
		<document><![CDATA[@SusieDoom @CIPYDPodcast I would like to give particular attention to Waffles' invisibly whipping tail, neatly placed paws &amp; nervous ears &lt;3]]></document>
		<document><![CDATA[Stand down. It was episode 277.]]></document>
		<document><![CDATA[Argh can anyone remind me which ep of @HelenAndOlly has @romanmars questions about the BBC's emergency button for if the queen dies?]]></document>
		<document><![CDATA[@jenthinksharder @chrissobrookso @matthutton_nz This is why They have entrusted you with enforcing the licencing rules, clearly.]]></document>
		<document><![CDATA[@ALostKiwi Further evidence: https://t.co/CYC4GEqaEZ]]></document>
		<document><![CDATA[@matthutton_nz @jenthinksharder But I made it back in time to rush on stage &amp; "be a sailing ship". So, all's well that ends well.]]></document>
		<document><![CDATA[@matthutton_nz @jenthinksharder Jen was SO ANGRY. She made me go into town to find a plain white tshirt in 15 mins before being on stage.]]></document>
		<document><![CDATA[I dreamt I was late to call time for a show &amp;wearing the wrong clothes &amp; @jenthinksharder said she was going to take away my improv licence.]]></document>
		<document><![CDATA[Oh, HELL yes. https://t.co/fXCJLYTt8K]]></document>
		<document><![CDATA[@cshopnz I'm running about 10/15 mins early. Would that work for you?]]></document>
		<document><![CDATA[@antsgardiner Oh no. Oh, Cashew.]]></document>
		<document><![CDATA[@roowoo @ALostKiwi Any time between 3 &amp; 4 at Goldings would be perfect for me. (There, I managed a statement. Yippee!)]]></document>
		<document><![CDATA[@roowoo @ALostKiwi Hi, I'm Mary. My arrival anywhere is heralded by an endless stream of questions.]]></document>
		<document><![CDATA[@roowoo @ALostKiwi 5? 5:30? 6? Preferred locations? Rogue &amp; Vagabond? That new one down the alleyway opposite Glover Park? Goldings? Other?]]></document>
		<document><![CDATA[@cshopnz Yes please!]]></document>
		<document><![CDATA[@ALostKiwi @roowoo Excellent. Lunch, afternoon or evening?]]></document>
		<document><![CDATA[@roowoo @ALostKiwi Historians, assemble! Let us beverage together. Friday or Saturday? Or Monday or Tuesday?]]></document>
		<document><![CDATA[@roowoo Argh, how appalling 🙀 I mean, thanks for thinking of me 😂]]></document>
		<document><![CDATA[@wcl_library This is great. Is it a weekly/monthly blog? Any particular theme, or is it to highlight Māori library materials in general?]]></document>
		<document><![CDATA["They look right up at you and gaze into your eyes when you make smooching noises at them 😍" #ducklings #ducklingupdate]]></document>
		<document><![CDATA[They are reluctant to stay in the nest: "One tucked up under my armpit instead. I also got them to eat by feeding t… https://t.co/Gw6McKdjsR]]></document>
		<document><![CDATA[@nesianmenace I had a French assistant teacher who advised us to speak French with an Allo Allo accent as an improvement to our Kiwi ones.]]></document>
		<document><![CDATA[And now she's nesting them!!! Best use of a lanyard EVER. https://t.co/gjSCtBQ77a]]></document>
		<document><![CDATA[@Wheronui1 "A revolution without ducklings is a revolution not worth having."]]></document>
		<document><![CDATA[It used to be 22 sheep per person, people. These are unprecedented numbers. #wakeupsheeple #yourcountryneedsyou]]></document>
		<document><![CDATA[RED ALERT. NZ sheep numbers dwindling. Human:sheep ratio jokes in peril. National identity in crisis. THIS IS NOT A… https://t.co/s3yfvuwZZ1]]></document>
		<document><![CDATA[And yet I've already been told I won't be allowed to bring my greyhound to work &amp; he doesn't even exist! https://t.co/9cUGLBOdzV]]></document>
		<document><![CDATA[My sister has ducklings at work today!!! A colleague rescued them &amp; they can't be left alone. #fluff https://t.co/ioHvLdw0OD]]></document>
		<document><![CDATA[Watching her declutter someone's house is like crack to me.]]></document>
		<document><![CDATA[Watching KonMari say goodbye to clothes, patting them gently like dead kittens.]]></document>
		<document><![CDATA[@MetService Fascinating. Thanks!]]></document>
		<document><![CDATA[@MetService Oh, but since I've got you on the line, what is with the laser New Plymouth is zapping the Sth Island w… https://t.co/2e4xHl7Cgi]]></document>
		<document><![CDATA[@MetService I'm pretty sure my internal temperature gauge is more accurate than your new-fangled science machines 😜]]></document>
		<document><![CDATA[It's hot &amp; still. Where were you on that one, Metservice?]]></document>
		<document><![CDATA[I just saw torrential rain runoff racing down a gutter &amp; being blown *back up* the hill by the wind. #whyWellington]]></document>
		<document><![CDATA[#dogspotting #shitzu https://t.co/QYstwqqM79]]></document>
		<document><![CDATA[Obama spending last days in office throwing monumental shade https://t.co/tbdu0cPLWn]]></document>
		<document><![CDATA[@shaxhuxmo Yes, and?]]></document>
		<document><![CDATA[@roowoo Happy birthday! May your day be filled with cats &amp; kittens &amp; cake &amp; nice things. https://t.co/6bhoaGS9OQ]]></document>
		<document><![CDATA[@tommymillions00 Any word on what happened to the traffic light that's pinged over at your intersection? #weatherbomb]]></document>
		<document><![CDATA[Bit o' damage in the garden overnight. #weatherbomb https://t.co/LFxcgqdRcG]]></document>
		<document><![CDATA[My adult sister just ended a text conversation with me by saying, "Anyway, try googling 'fart tshirts'. It's good stuff."]]></document>
		<document><![CDATA[@mintyhiggins @PeopleofNZ Pupperoni is the spitting image of my invisible greyhound, Douglas. We should meet up at the imaginary dog park.]]></document>
		<document><![CDATA[@cshopnz Yes please!]]></document>
		<document><![CDATA[@PeopleofNZ Sup? Need anything chewed? Drooled on? No? Shame. https://t.co/jk2Ff7DR1E]]></document>
		<document><![CDATA[It's remarkable how often I find myself thinking of Sam Beckett.]]></document>
		<document><![CDATA[@librarykris (2/2) with 30 mins of prep to do in the 5 mins before your "be asleep" deadline.]]></document>
		<document><![CDATA[@librarykris No screen time before or in bed - paper books only. And start "going to bed" ahead of time or you end up (1/2)]]></document>
		<document><![CDATA[@jenthinksharder In re Deep Space Naenae, have you seen this? It's comedy gold &amp; on point. https://t.co/P4yAzfPGMI]]></document>
		<document><![CDATA[@MPI_NZ Lol. As should we all.]]></document>
		<document><![CDATA[@nomadicrevery With a little help from Robins, today I bested one of NZ's governmental departments https://t.co/1aSVihvNlL]]></document>
		<document><![CDATA[@MPI_NZ I give you guys a fun new Partridge reference &amp; you turn around &amp; be spoilsports 😋]]></document>
		<document><![CDATA[@MPI_NZ No worries ;) With luck there'll be a chocolate oranges embargo or something soon &amp; you'll have that reference ready to roll.]]></document>
		<document><![CDATA[@MPI_NZ Good news/bad news, a la Alan Partridge https://t.co/F9dVTeYw6j]]></document>
		<document><![CDATA[@MPI_NZ Still. Good news about the chocolate oranges.]]></document>
		<document><![CDATA[To quote Edwina Monsoon: buggery bollocks. "Summer weather 'bomb' moves in" https://t.co/YgDvl0kGGu]]></document>
		<document><![CDATA[@irihapeta I love how she's got up on the table to sulk at a higher elevation.]]></document>
		<document><![CDATA[Oh shit. There's been someone sitting in the corner of my office when I thought it was empty. WHAT HAVE I BEEN SAYING ALOUD????]]></document>
		<document><![CDATA[The kennels my sister's dogs stay at share photos of what the clients are up to. Evidently Phoenix (centre) spent h… https://t.co/0WNxJiG8dR]]></document>
		<document><![CDATA[@annarenz I ended up having some honey roasted peanuts and they've helped. With everything. As they always do.]]></document>
		<document><![CDATA[@librarykris #yesplease]]></document>
		<document><![CDATA[Wobble? Or blood sugar? #eqnz]]></document>
		<document><![CDATA[@EJandJRtweets Pints in the sun after work. Mate: Nice pineapple juice. Me: It's ginger beer, 4.9%. Both: *intro from Jackie Wilson Says*]]></document>
		<document><![CDATA[Yes. Wellington. Two months of this. This is what we want. #whywellington https://t.co/EUhbppnjEm]]></document>
		<document><![CDATA[I just got *extremely* busted gazing yearningly at a guy's dog. He was like a tiny Chewbacca in the wind!]]></document>
		<document><![CDATA[@cshopnz Inside word: Caitlin Doughty will be on RNZ at 2pm Sunday talking about her book &amp; funeral stuff, in case you are interested :)]]></document>
		<document><![CDATA[Sounds shit-hot. https://t.co/yp7KnNNy8V]]></document>
		<document><![CDATA[@Herbertimo Travel &amp; living costs are covered for these roles if you're open to travel: https://t.co/3GyyEBEFCp @VSAvolunteer]]></document>
		<document><![CDATA[@lyndonhood Fingers crossed I am moth-less, I'll let you know when the crabapples start to turn red 👍]]></document>
		<document><![CDATA[@lyndonhood Ooo. I had not factored codling moths into my gardening. I shall pursue them.]]></document>
		<document><![CDATA[@lyndonhood At the weekend I observed the crabapples present at our place. Would you be interested in them again this year?]]></document>
		<document><![CDATA[Wheeeee! (Love the photo, lol @citizen_parable) Best wishes, Rotrs - we are bound to take gold! #RNZrotn https://t.co/Gm9ld8ZleA]]></document>
		<document><![CDATA[2 men own same amount as poorest 30% of Kiwis; 1% own 20% of wealth, while 90% of population owns less than 1/2:… https://t.co/YF5PvXntha]]></document>
		<document><![CDATA[@MerriamWebster Do you have any info on which pronunciation came 1st, buoy (boy) or buoy (boo-ey)? I've found supposition but no hard facts.]]></document>
		<document><![CDATA[@RossMidd Mate, you must've been beside yourself when you realised John &amp; Elis were tied on 372.5. Astonishing scenes. #PCD #winnerplayson]]></document>
		<document><![CDATA[@cshopnz To quote Gina, I shocked cat emoji!!]]></document>
		<document><![CDATA[@cshopnz Holy smokestacks!!! I just watched that Brooklyn 99 &amp; O.O!!!!]]></document>
		<document><![CDATA[Watch out for this tricky one (more here: https://t.co/mMLt8XEBar) https://t.co/hg0xGHMKnV]]></document>
		<document><![CDATA[Our audience researcher just dropped this on my desk and ran away https://t.co/wu9cZSo9tG]]></document>
		<document><![CDATA[I know my orthodontist only refers to the injuries I inflict on him as "bites" if I've clamped my jaw down on his hand deliberately.]]></document>
		<document><![CDATA[Does it count as a bite if she was actively putting her hand in their mouths to get swabs &amp; cut her finger on a too… https://t.co/G3V37bLuVO]]></document>
		<document><![CDATA[@serenity22 Oh, right. Something I had not known. Imma go ahead &amp; delete my earlier tweet, but thanks for informing me :)]]></document>
		<document><![CDATA[Tweats with tea at 8:30am. I am living the dream. https://t.co/dbqaHwXih0]]></document>
		<document><![CDATA[@ALostKiwi I also noticed the distinguished grey 😍]]></document>
		<document><![CDATA[@librarykris Truly, the cup is half empty but feels half full #UTIpessimism]]></document>
		<document><![CDATA[@librarykris Let's have them banned. Surely a petition would work? I bet we'd get thousands of signatures like THAT *snaps fingers*]]></document>
		<document><![CDATA[@librarykris Ahhh. So the only saving is in the time you don't spend going to the GP. #swings #roundabouts #expensiveplaygroundequipment]]></document>
		<document><![CDATA[@librarykris Oh good. I'm a martyr to them &amp; fucking hate them. Haven't been to FP about them but strikes me as within their wheelhouse.]]></document>
		<document><![CDATA[@librarykris (As far as I know, for anti-bios you have to have a prescription that has to have a doc's signature.)]]></document>
		<document><![CDATA[@librarykris Solidarity fist bump on both the UTI &amp; the expensive-woman thing. Family Planning an option? Drop-in clinic, no aptmt, $27.]]></document>
		<document><![CDATA[Had a colleague down in Dunedin who signed off with this &amp; once received a reply beginning, "Dear Naku..." https://t.co/WlJ1cK2TYj]]></document>
		<document><![CDATA[I found @WhittakersNZ Tweats in Chaffers New World &amp; bought some. Now to eek out the time till I eventually snap &amp; eat them all at my desk.]]></document>
		<document><![CDATA[@cshopnz Thanks! I'll keep my beady eyes peeled next time I'm in that area.]]></document>
	</documents>
</author>