<author lang="en">
	<documents>
		<document><![CDATA[Euro banknote counterfeiting remains low in second half of 2016 https://t.co/CikqFvFDTZ]]></document>
		<document><![CDATA[@MeliaHtlResorts getting a bounce from your customer service email, is there another address?]]></document>
		<document><![CDATA[@ColmODonoghue thought D Ryan was badly missed yesterday]]></document>
		<document><![CDATA[@gavinmortimer7 i think there maybe a suprise on the cards....]]></document>
		<document><![CDATA[@IrishRugby no sound on presser on the website...]]></document>
		<document><![CDATA[@MOReganIT @IrishTimes at this stage he objects to everything shoudl be with AAA etc.]]></document>
		<document><![CDATA[@DCCTraffic absolute disgrace that this is happening during Sat daytime! Traffic blocked in all directions...]]></document>
		<document><![CDATA[I #ScrumTogether with @DoveMen to win #IREvFRA RBS 6 Nations tickets. Pick your match by 8pm &amp; you could too
https://t.co/GGoOUOaOxe]]></document>
		<document><![CDATA[@todayfm at this rate the only programme worth listening to is breakfast....]]></document>
		<document><![CDATA[@todayfm @RadioTodayIE Anton's coming back???]]></document>
		<document><![CDATA[@RuaidhriOC very easy to resolve that problem surely...]]></document>
		<document><![CDATA[@stevemanning15 @killianbyrne @damien_omeara agreed but think he'll be there before end of campaign, delighted for Conway.]]></document>
		<document><![CDATA[@JLyall93 @TheLooseH where has all the punctuation gone ;) '''']]></document>
		<document><![CDATA[@PatKennyNT cyclists with white lights on rear need to be told it shoudl be red!]]></document>
		<document><![CDATA[Good mention here for @AerLingus https://t.co/lbVeUI0ql9]]></document>
		<document><![CDATA[@Carpervert probably just fell off!]]></document>
		<document><![CDATA[@Carpervert remember restoring a Minor with my Dad and somebody had actually isoponed the tin into the chassis leg!]]></document>
		<document><![CDATA[@LeinsterLeo you'll like this! https://t.co/iwHxD6WLww]]></document>
		<document><![CDATA[Coins for charity https://t.co/fobd5NV7Sz]]></document>
		<document><![CDATA[Swiss Buck The Trend, Embrace Their Cash https://t.co/wcLwRdUMhI]]></document>
		<document><![CDATA[@patmoroney enjoy the trip home, hope all well.]]></document>
		<document><![CDATA[@kenfoxe now that's an email signature!]]></document>
		<document><![CDATA[Less than Half of U.S. Mass Transit Riders Pay Electronically, According to New ACI Worldwide... | Business Wire https://t.co/2vPhh7hKxi]]></document>
		<document><![CDATA[#TeamSBS https://t.co/uByHgsqr7g]]></document>
		<document><![CDATA[@WillGreenwood @SaintsRugby @DylanHartley @EnglandRugby no excuse whatever the shirt....]]></document>
		<document><![CDATA[Well done @leinsterrugby great win on the road!]]></document>
		<document><![CDATA[@PeterMcGuireIE @AodhanORiordain politician and teacher....heaven forbid we aim to gauge teachers' performance on results. #realworld]]></document>
		<document><![CDATA[@gavreilly and @VirginMediaIE customers as well.]]></document>
		<document><![CDATA[@TheLooseH and the hassle to source tickets....]]></document>
		<document><![CDATA[@TheAAie @ConorAAIreland @TodaySOR won't be good for my blood pressure!]]></document>
		<document><![CDATA[@CiaranCuffe @TodaySOR @TheAAie @lorcanoc making it harder to do business in the capital...unless you're on a bike!]]></document>
		<document><![CDATA[@greenparty_ie @CiaranCuffe @TodaySOR more nonsense....ignore advise from AA &amp; public consultation process &amp; plow on regardless.]]></document>
		<document><![CDATA[@philipoconnor @YCMIUnewstalk Oh how we laughed....]]></document>
		<document><![CDATA[@killianbyrne yep but I maybe biased #tighthead]]></document>
		<document><![CDATA[@tomwookieford i can't even work out how to log in...:)]]></document>
		<document><![CDATA[Looking forward to seeing you there... https://t.co/McUM2iWEev]]></document>
		<document><![CDATA[@Carpervert do you think the bags are out?]]></document>
		<document><![CDATA[@HawaiiFive0CBS @SkyIreland when is tis season of H50 returning?]]></document>
		<document><![CDATA[@MiSheridan @toyotaireland that's going to really last in the car park wars :)]]></document>
		<document><![CDATA[I joined the #TeamOfUs at the Ireland v New Zealand  game with the @VodafoneIreland Fan Pic https://t.co/FmbsbT2L5G]]></document>
		<document><![CDATA[@Murray_Kinsella proof if nothing else of the poor officiating yesterday!]]></document>
		<document><![CDATA[@IndoRugby well said Franno! Hope @brettgosper reads it....]]></document>
		<document><![CDATA[Enough said... https://t.co/SeRFhRJOuL]]></document>
		<document><![CDATA[@Cumoski just need @WorldRugby to sort out it's elite ref panel now!]]></document>
		<document><![CDATA[@NewstalkFM @AngeCMJ what could possibly go wrong.....]]></document>
		<document><![CDATA[@mauricegueret i think he should go first :)]]></document>
		<document><![CDATA[@JustinDeeganEsq @AVIVAStadium especially as I'm sitting at the end of an aisle!]]></document>
		<document><![CDATA[@frbryanshortall from Billy?]]></document>
		<document><![CDATA[Nigel Owens calls for less resorting to TV Match Officials https://t.co/4mXXoAtUF8 via @IrishTimesSport]]></document>
		<document><![CDATA[@shanebyrneoffic gets a mention as well! https://t.co/slNLAYCELP]]></document>
		<document><![CDATA[@gavreilly betcha it's a 6310i #BatteryLife]]></document>
		<document><![CDATA[@a_towey you'll like this! Hope all well. https://t.co/okvKuRFGbg]]></document>
		<document><![CDATA[I joined the #TeamOfUs at the Ireland v Canada with the @VodafoneIreland Fan Pic https://t.co/TKGlo8x59e]]></document>
		<document><![CDATA[@dementedmole thought Luke looked shariper when he came on....]]></document>
		<document><![CDATA[@completecar along with the pointless nct and ins disc.....N plates!]]></document>
		<document><![CDATA[@killianbyrne @AVIVAStadium not much warmer in 519!]]></document>
		<document><![CDATA[I've voted for #Heaslip in the IRPA Try of the Year award 2016 https://t.co/p2KsW8BHy0]]></document>
		<document><![CDATA[@patphelan and the world continues to turn...]]></document>
		<document><![CDATA[I've voted for #Heaslip in the IRPA Try of the Year award 2016
https://t.co/p2KsW8BHy0]]></document>
		<document><![CDATA[@BreakfastNT don't mean to sound harsh but seriously it needs more than a new producer!]]></document>
		<document><![CDATA[@AodhanORiordain @NewsNeil13 I'm being misty eyed by the potential €2 million tax break for the state-funded library for her papers!]]></document>
		<document><![CDATA[@AodhanORiordain pity u can't say that about Irish Labour!]]></document>
		<document><![CDATA[@KarlBrophy it's on you tube in full HD glory!]]></document>
		<document><![CDATA[@aisling7 @MiriamCol fair enough I'm watching it again on you tube 😁]]></document>
		<document><![CDATA[@aisling7 @MiriamCol was only on Eir and BT but check you tube it's on in HD!]]></document>
		<document><![CDATA[@philipoconnor @olivercallan says he doesn"t know garda's salary. FFS he 's only out of govt!]]></document>
		<document><![CDATA[@JohnPaulYates yes it is and hope so!]]></document>
		<document><![CDATA[@JohnPaulYates it's in in an hour so I guess not :) Two weeks time though here...]]></document>
		<document><![CDATA[@completecar have to say these cameras make me nervous, drivers stop looking around and behind them.]]></document>
		<document><![CDATA[Ireland experiments ditching 1 and 2 cent coins https://t.co/MKNy9urtTx]]></document>
		<document><![CDATA[I've voted for #Heaslip in the IRPA Try of the Year award 2016
https://t.co/p2KsW8BHy0]]></document>
		<document><![CDATA[@JohnBurnsST Newstalk always pointing it out as well!]]></document>
		<document><![CDATA[@BreakfastNT thought this was a news programme, seriously guys sort it out, it's not a patch on Ivan &amp; Chris!]]></document>
		<document><![CDATA[Cash Use High Despite Increased Adoption of Digital Payments https://t.co/1pnt9sKsRF]]></document>
		<document><![CDATA[@karlhenrypt @SEAT_cars_IRL @lo_calkitchen or advertising as we used go call it!!]]></document>
		<document><![CDATA[@SousterRacing @andymcgeady why?]]></document>
		<document><![CDATA[@ecunninghamcars Saw it last week I was underwhelmed,some price hike, looks like the Irish choice will be the 1.8d!]]></document>
		<document><![CDATA[Honest, fearless, loyal and funny: for Foley it was never about 'me', always about 'us' https://t.co/8xGZHygn9S]]></document>
		<document><![CDATA[@TheLooseH  will be waiting for the reviews :)]]></document>
		<document><![CDATA[Ready to go! @leinsterrugby @lifestylesports #Leinsterblue 🏉💪 https://t.co/lH2F1xk1OH]]></document>
		<document><![CDATA[@Meadejonathan and Jim as biased as ever!]]></document>
		<document><![CDATA[@audiireland @AudiLimerick Ouch my eyes...check the spelling guys...]]></document>
		<document><![CDATA[@RuaidhriOC #soundbites]]></document>
		<document><![CDATA[@RossOCK EastcStand....memories....]]></document>
		<document><![CDATA[@gavreilly @DOVEBRICK @FineGael ha that's everyone's problem 😊]]></document>
		<document><![CDATA[@SportsJOEdotie type it's Falvey!]]></document>
		<document><![CDATA[@CWeston_Indo @DeputyMcGrathTD @Independent_ie great piece Charlie, well said.]]></document>
		<document><![CDATA[@neilmbriscoe @conorjtwomey @F1 it'll be a model of a jag next :)]]></document>
		<document><![CDATA[@WalesOnline @simonrug she should visit the West of Ireland!]]></document>
		<document><![CDATA[@financialgaine @sundaybusiness well you're just full of good news this Sunday morning 😀]]></document>
		<document><![CDATA[@andymcgeady @LeinsterLeo @sineaddesmond explains why he kept calling "green".]]></document>
		<document><![CDATA[@completecar @neilmbriscoe thanks guys looks great.]]></document>
		<document><![CDATA[@neilmbriscoe @completecar any sign of the Q5 yet?]]></document>
		<document><![CDATA[@IrishAero @AerLingus just sit near the front in case they run out :)]]></document>
		<document><![CDATA[@killianbyrne yep should be avoiding!]]></document>
		<document><![CDATA[@killianbyrne Agree,too much emphasis on contact &amp; less time in the weights room! Look how much lighter the ABs seems to be since world cup.]]></document>
		<document><![CDATA[@cccars Guys have you seen this? https://t.co/P5OC6tml3x]]></document>
		<document><![CDATA[@killianbyrne @Aldi_Ireland Ha was just thinking that myself last night!]]></document>
		<document><![CDATA[@StevenSchirripa thanks for the followback Steven, luv Blue Bloods!!]]></document>
		<document><![CDATA[@JustinDeeganEsq not at all judging by some tweets!]]></document>
	</documents>
</author>