<author lang="en">
	<documents>
		<document><![CDATA[@dannykellywords Erm. Could I have that please?]]></document>
		<document><![CDATA[@simonday24 Yussuf of course was later on in life to go from the talk of the town to the whisper of the village.]]></document>
		<document><![CDATA[@anthonyfjoshua @EddieHearn Workin d corners again bruv 😂😂]]></document>
		<document><![CDATA[@mstewart_23 @IrvineWelsh America's lapdog. Oh please mr. America sir let our people in. No credibility as a upstanding country In the world]]></document>
		<document><![CDATA[Just completed a 12.00 km run - Yeah  https://t.co/kElRBqX42z #Runkeeper]]></document>
		<document><![CDATA[@CrazyinRussia @eireyiddo Dickheads]]></document>
		<document><![CDATA[More from Adeybayor: https://t.co/wzAkoJqfGz]]></document>
		<document><![CDATA[Just completed a 8.00 km run - Aiight https://t.co/AeooKWQ1iv #Runkeeper]]></document>
		<document><![CDATA[Small Faces - All or Nothing 1966 https://t.co/axr87NdzFN]]></document>
		<document><![CDATA[BLUR THE UNIVERSAL LIVE AT MTV https://t.co/QdkFiAuZTV]]></document>
		<document><![CDATA[The Charlatans Live at Glasgow Barrowlands December 1997 (HQ Audio Only) https://t.co/6duvylgBgO  pure class]]></document>
		<document><![CDATA[Just completed a 8.00 km run with @Runkeeper. Check it out! https://t.co/wO8VBgyvDC #Runkeeper]]></document>
		<document><![CDATA[Just completed a 8.01 km run - Choose life https://t.co/mv850YT9Xy #Runkeeper]]></document>
		<document><![CDATA[@eireyiddo Suppose Hes got ppvs to sell for his sons upcoming shit fught against some unknown on utv 😂😂]]></document>
		<document><![CDATA[@FMLocalHistory @dubcilib @OldDublinTown @PhotosOfDublin Clonliffd house across d road?]]></document>
		<document><![CDATA[@StanCollymore Gettin yer brows done even back then stan? #aheadofthegame]]></document>
		<document><![CDATA[@eireyiddo @thejohnkelly Cock n balls story]]></document>
		<document><![CDATA[@eireyiddo @thejohnkelly 😂😂comin up from d mean streets of santry close]]></document>
		<document><![CDATA[hurry up back champ! https://t.co/DgxU2GaIwt via @YouTube]]></document>
		<document><![CDATA[@eireyiddo I've a bit of Luther Vandross for ye as well.]]></document>
		<document><![CDATA[@eireyiddo yep, proper earth, wind, n fire goin on.]]></document>
		<document><![CDATA[@eireyiddo He was lookin to pop out during run.]]></document>
		<document><![CDATA[Just completed a 8.03 km run - Barry white https://t.co/3y8W4D6wc3 #Runkeeper]]></document>
		<document><![CDATA[@NickMiller79 Prove me wrong boys. Prove. Me. Wrong.]]></document>
		<document><![CDATA[@eireyiddo Sure was blue movies vol:48 found in the wires?]]></document>
		<document><![CDATA[Spiritualized-Ladies And Gentlemen We Are Floating In Space https://t.co/3hG02L4Kru]]></document>
		<document><![CDATA[@SecondCaptains It all goes to hell in a handcart when Mcdevitt flies the coop. Therell b peep show style headcams next.]]></document>
		<document><![CDATA[@eireyiddo 😂😂😂 drop in the ocean for the long faced irony riddled neigh neigh.]]></document>
		<document><![CDATA[@eireyiddo @Crap90sFootball FUCKIN OAF]]></document>
		<document><![CDATA[@SecondCaptains @RichieSadlier Another one of those, Awkward Family Photos.]]></document>
		<document><![CDATA[England:we dont want to play with you anymore Europe...but we DO want your ball, thanks. 🙄🙄🙄🙄🙄🙄]]></document>
		<document><![CDATA[@phlaimeaux @whelanslive Shhh dont kill the magic.]]></document>
		<document><![CDATA[@eireyiddo pot in d back of the car 'la!]]></document>
		<document><![CDATA[@eireyiddo the lad shud have lerrim in. New years eve ffs. 😡]]></document>
		<document><![CDATA[@eireyiddo to this very day. Gets fed through a tube through his earlobe the poor bastard. Gets almights kicks up the arse at night as well.]]></document>
		<document><![CDATA[@eireyiddo Thats exactly how I see it.]]></document>
		<document><![CDATA[@BBCArchive @OldDublinTown Lent to him by Saville no doubt.]]></document>
		<document><![CDATA[Tossers https://t.co/xEWRcunRZw]]></document>
		<document><![CDATA[Something's gotten hold of my heart-CHOON https://t.co/jLWeBBqjKz]]></document>
		<document><![CDATA[Just completed a 8.00 km run - Yeah https://t.co/lQC2VxbRi9 #Runkeeper]]></document>
		<document><![CDATA[@DamoBuckley1 I can see a face on one of them. The last photo. 😵]]></document>
		<document><![CDATA[@eireyiddo She didn't make them so, ye know, don't blame the messenger.]]></document>
		<document><![CDATA[@eireyiddo 😅Yeah thats right. I was given an ONION ball by THE MEKONG 20 years ago. Still fresh in the memory the first bite......🤢]]></document>
		<document><![CDATA[This speech smacks of, "I want a new girlfriend but I'll be keeping you on the side luv, thanks."]]></document>
		<document><![CDATA[@eireyiddo I GOT THE BALL 😂😂 https://t.co/RT4jNsfOeJ]]></document>
		<document><![CDATA[@NoelRock @IrishSunOnline Thats because Ticketmaster ate complicit in what is going in. Cowboys one and all.]]></document>
		<document><![CDATA[@Pitty103 Theyll announce sunday gig.]]></document>
		<document><![CDATA[@eireyiddo @pganderson @U2 WONT SOMEONE THINK OF THE CHILDREN!?!?!]]></document>
		<document><![CDATA[😡😡😡😡im virtually pissed off https://t.co/GEebHWd1UA]]></document>
		<document><![CDATA[Berlin in July 1945 (HD 1080p color footage) eerie https://t.co/bAvkMV1dXT]]></document>
		<document><![CDATA[Berlin 1900 in colour https://t.co/tL8p8a0ngF]]></document>
		<document><![CDATA[@achrisevans Any more tfi this year christy?]]></document>
		<document><![CDATA[Just completed a 10.01 km run - Oooosh 🏃 https://t.co/HWDacYLGnZ #Runkeeper]]></document>
		<document><![CDATA[@SleevesElliott And if the player has a few bad games fans get on his back. Loyalty is a 2 way street surely.]]></document>
		<document><![CDATA[@JohnnyTheNic @F365 "Wiki says he got 73 caps for his country. OK, not actually his country, but his dad’s. But eve… https://t.co/nFZKLePizj]]></document>
		<document><![CDATA[@JohnnyTheNic @F365 Pure class. Although you left out the fact he walked down to London from Glasgow unaided at the age of 10.]]></document>
		<document><![CDATA[@Gbuckley30 To a warm and peaceful place...
I can rest my weary face!!]]></document>
		<document><![CDATA[@Gbuckley30 ....money dont make my world to round.....im reachin out to a higher ground!]]></document>
		<document><![CDATA[@PhotosOfDublin Now, a Burger King. ❌❌]]></document>
		<document><![CDATA[Vince DiCola - War (Rocky IV Enhanced Film Version) https://t.co/rEUqffoMjE]]></document>
		<document><![CDATA[@BerrinsMe Giving the legs a rest tomorrow. Off back out sunday morn. #greyhound]]></document>
		<document><![CDATA[Just completed a 8.00 km run - Eye of the fockin tiger https://t.co/e2hqV3tX4j #Runkeeper]]></document>
		<document><![CDATA[Actually, maybe this will show him in a better light. https://t.co/P8ettNNXvq]]></document>
		<document><![CDATA[Graham Taylor, R.I.P. Have a watch of this when you get a free hour. 
https://t.co/IN89mXhxUh]]></document>
		<document><![CDATA[@eireyiddo he's lost it!]]></document>
		<document><![CDATA[@SleevesElliott 😂😂 off the pitch.]]></document>
		<document><![CDATA[@SleevesElliott Phenomenal stats.]]></document>
		<document><![CDATA[Just completed a 8.00 km run - #windysheppardhenderson https://t.co/YTIpaYUk61 #Runkeeper]]></document>
		<document><![CDATA[@eireyiddo thotal shexhy fhootbhall]]></document>
		<document><![CDATA[@PaulKimmage is this guy for real? Didnt answer one question. https://t.co/kIfFNKUtoX]]></document>
		<document><![CDATA[@danroan @Marcotti @arcswiss @BBCSport Moving your hands around all over the place wont get away from the fact that… https://t.co/SO2lxVBpMq]]></document>
		<document><![CDATA[@eireyiddo The young fella that came on at he end looked like hed jus been born.]]></document>
		<document><![CDATA[Just completed a 8.01 km run - #januaryfitnesswanker https://t.co/TLoWp3fz51 #Runkeeper]]></document>
		<document><![CDATA[Great right back. One of the best in the 90s. https://t.co/sxQ6xX6kPG]]></document>
		<document><![CDATA[@eireyiddo Love it. Then he's back up for more after it.]]></document>
		<document><![CDATA[@eireyiddo 😂😂 sweet jesus of merciful divine christ]]></document>
		<document><![CDATA[@eddo75 Congratulations. You've won the Internet.]]></document>
		<document><![CDATA[The Wire - Cole's wake https://t.co/K5fCvc0zKq]]></document>
		<document><![CDATA[The Sopranos Season 2 finale (including titles) https://t.co/EoRGYXMlXi]]></document>
		<document><![CDATA[Neil Young - Like A Hurricane (Best Ever Version) https://t.co/9LYl3bJeqv]]></document>
		<document><![CDATA[@neworder Crowd full of idiots. Dublin is what you be wantin.]]></document>
		<document><![CDATA[@RichieSadlier Pure class, very funny, wont see their like again.]]></document>
		<document><![CDATA[@eireyiddo @BlossomsBand @RadioX Blown 🌹 for me.]]></document>
		<document><![CDATA[Good save by Vito 'button man' Mannone.]]></document>
		<document><![CDATA[Starship - We Built This City @eireyiddo  https://t.co/4g8xKUKYjK]]></document>
		<document><![CDATA[@eireyiddo Oulent beat HUGH FORKINS for a natty set of curtains back in d day. 😎]]></document>
		<document><![CDATA[@eireyiddo Think thats connoly station in the background so to the left now is an iceland and a supervalu.]]></document>
		<document><![CDATA[U2 - Until The End Of The World &amp; New Year's Day (ZOO TV Live From Sydne... https://t.co/N1LM2fzPJy]]></document>
		<document><![CDATA[U2 - HD New Year's Day Live at Red Rocks 1983 https://t.co/vgcCgZ5mnH]]></document>
		<document><![CDATA[Danny dyer on alan carr just then. 😂😂😂]]></document>
		<document><![CDATA[This Morning in 97 seconds 😂😂😂 https://t.co/pw9tjREHHt]]></document>
		<document><![CDATA[I got 19 of 20 right, can you do better ? https://t.co/QrhZC8EXne #itsgoneviral fuck u ricky otto 😡😡]]></document>
		<document><![CDATA[Andy Lee on the Den - Second Captains Live https://t.co/XmBxfZDmHW]]></document>
		<document><![CDATA[Second Captains Live: Barry McGuigan weigh-in on the Late Late Show @eireyiddo 😂😂😂 https://t.co/iziBJQJ8UA]]></document>
		<document><![CDATA[@thejohnkelly @eireyiddo @Daily_Record Nah. Another scare story like the bendy banana brexit one. Fuck em.]]></document>
		<document><![CDATA[@thejohnkelly @eireyiddo @Daily_Record Sont mind the daily record lads. Scottish Lion still adorns the  bountiful b… https://t.co/RYIVytPrxy]]></document>
		<document><![CDATA[@thejohnkelly @eireyiddo @Daily_Record Thats most unparliamentary language councillor! 😂😂]]></document>
		<document><![CDATA[@eireyiddo Caffreys dont have a clue mate]]></document>
		<document><![CDATA[It's all happening tonight! @eireyiddo https://t.co/4iV2PwjY5Y]]></document>
		<document><![CDATA[@stiffinho Whats gone on?]]></document>
	</documents>
</author>