<author lang="en">
	<documents>
		<document><![CDATA[@katterpatter @HaggisTours @PromoteShetland @galadougie1 Thanks Katrina! Been amazing so far ☺]]></document>
		<document><![CDATA[@galadougie1 @PromoteShetland @NLFerries @HaggisTours @VisitScotland @HighExTours Ooops #UpHellyAa - stupid predictive text!]]></document>
		<document><![CDATA[@Kimkjaerside @PromoteShetland @NLFerries @HaggisTours Thanks Kim! You would love it :-)]]></document>
		<document><![CDATA[Cannae think why this bus would be 'out of service' 🚌 Is something going on in Lerwick today...? 😝 #UpHella… https://t.co/jQtIQc99wl]]></document>
		<document><![CDATA[@galadougie1 Where are ye Jarl Dougie?]]></document>
		<document><![CDATA[@downiefish @NLFerries @HaggisTours @PromoteShetland @galadougie1 @HighExTours Thank yooooou 🔥]]></document>
		<document><![CDATA[Viking selfie with the main man himself, the Guizer Jarl 📷 He has served a 15 year apprenticeship for the privilege… https://t.co/buvOH3YHOV]]></document>
		<document><![CDATA[@mariechacoulon @GlendaR_PR @MelsNextChapter Thank yooooou! It's just kicking off now 😬]]></document>
		<document><![CDATA[@lacosmopolilla @MelsNextChapter @whiskyandtartan I'm not sure! Hopefully we can catch up later ☺]]></document>
		<document><![CDATA[Morning @MelsNextChapter @lacosmopolilla @whiskyandtartan What's your plans today? Are you going to the Firey Sessions at 3pm?]]></document>
		<document><![CDATA[THE BIG DAY IS HERE. It begins at circa. 9am when I'll be enjoying my first pint with these guys - The Jarl Squad 🍻… https://t.co/kI7KrVcAPf]]></document>
		<document><![CDATA[Good evening from fairy-lit Lerwick 🌟 It's the night before the reason we're all here. Up Helly Aa is coming 🔥… https://t.co/8ua36Qqu8f]]></document>
		<document><![CDATA[The stuff magic Mondays are made off 
❤️💙💚💛 I'm a lucky lass! https://t.co/CRB2CUHdnm]]></document>
		<document><![CDATA[@HighExTours Why thank you 💪 😉]]></document>
		<document><![CDATA[I would rather be on a beach in the Scottish Isles, than anywhere else in the world 💙 🌍 #UpHellyAa #Shetland 🔥 https://t.co/5NscdB7bLA]]></document>
		<document><![CDATA[@DMWScotland Spot on Dawn 👌 That's Scotland all over!]]></document>
		<document><![CDATA[@NLFerries @FrankiesFish 😂 This is brilliant! Love how much the island gets into the spirit of things 🔥. @PromoteShetland @HaggisTours]]></document>
		<document><![CDATA[Best fish 'n' chips ever! 😋 Tastes even better when it's cold and wet outside 👌 ☔ #foodporn https://t.co/oXcQzlwWNB]]></document>
		<document><![CDATA[@DRnaturegirl OUCHY! 😨 I can totally understand how this could happen. I tried to capture a wee video but my hands were trembling 😂 ❄]]></document>
		<document><![CDATA[@FCSCShetland @PromoteShetland Maybe in a few months 😉]]></document>
		<document><![CDATA[@Madaboutravel @HaggisTours @andycowan2013 @NLFerries @PromoteShetland @HighExTours @UpHellyAa Thanks Pat! Loving it so far 😄]]></document>
		<document><![CDATA[Here I am being savaged by icy winds &amp; diagonal rain at Eshaness Cliffs ☔ This coastline is a geologists dream! 🌊… https://t.co/ZppLQ6M6o4]]></document>
		<document><![CDATA[Say hello to Meal Beach 😍 Yes, this is January in Scotland. Loving my Up Helly Aa adventure with @HaggisTours 🔥… https://t.co/RPKb7tk73t]]></document>
		<document><![CDATA[It's only our first day on Shetland, and I'm having the BEST time already 😄 Roll on the main event on Tues 🔥… https://t.co/hssKEENaGI]]></document>
		<document><![CDATA[@DigitalSpirit1 @PromoteShetland @HaggisTours @HighExTours @B0MBSKARE HILARIOUS! 😂 #ManDown]]></document>
		<document><![CDATA[@DigitalSpirit1 @PromoteShetland @HaggisTours @HighExTours 😂 I've got a tube of Barocca and a few packs of paracetamol. Bracing myself! 🙏]]></document>
		<document><![CDATA[@TomWeirBalmaha The Glen Orchy guest house ☺]]></document>
		<document><![CDATA[@TomWeirBalmaha @HaggisTours @NLFerries @PromoteShetland @HighExTours @UpHellyAa Thank you. It's my first time! 👌]]></document>
		<document><![CDATA[@NLFerries Thanks so much! I'll be sharing as many updates as the Shetland Internet will allow 😃 🔥]]></document>
		<document><![CDATA[Follow my Up Hella Aa and Shetland experience through Instagram stories on the Haggis Adventures account 🔥 📷… https://t.co/t27hwjY5HU]]></document>
		<document><![CDATA[@laretour @HaggisTours @NLFerries @PromoteShetland @HighExTours I know!!! We're heading for the ferry. So excited 😄]]></document>
		<document><![CDATA[And so the adventure begins... I'm heading to Shetland for the first time since May 2014 for #UpHellyAa with… https://t.co/QYFrqzCHH6]]></document>
		<document><![CDATA[@PaganMinister I'll definitely be writing out it Patricia, and will tag you for sure 👍 ☺]]></document>
		<document><![CDATA[@PaganMinister Thank you! 🔥🔥🔥]]></document>
		<document><![CDATA[@PaganMinister It's been on mine for ages. So happy to finally be going 😄]]></document>
		<document><![CDATA[@whiskyandtartan @galadougie1 Nope, first time for me. Will be Dougie's 10th 👌]]></document>
		<document><![CDATA[@peerieannie Thanks so much! It's going to be one of my best experiences to date, I can feel it 😯 🔥]]></document>
		<document><![CDATA[@galadougie1 @manxboy Nice one, thanks!]]></document>
		<document><![CDATA[@whiskyandtartan Yey! 😄 Oh you're asking me! @galadougie1 - where will we be at?]]></document>
		<document><![CDATA[@VisitScotland Thanks very much ☺ 🔥]]></document>
		<document><![CDATA[@NLFerries Thanks so much! I'll be posted updates from the ferry trip and the festival on the @HaggisTours Twitter and instagram account 📷]]></document>
		<document><![CDATA[@HighExTours Thank yooooou! Today can't go quick enough 💃 🎉]]></document>
		<document><![CDATA[@manxboy Cool! I'm not sure where I'm staying actually. @galadougie1 - what's the name of our hotel?]]></document>
		<document><![CDATA[@SSC_Marketing @HaggisTours @HighExTours @UpHellyAa @NLFerries @PromoteShetland @VisitScotland @galadougie1 Thanks Denise. I'm sure I will 😀]]></document>
		<document><![CDATA[So this is happening soon. As in I-leave-on-Saturday-morning soon 😯 Must contain excitement. Naaaa! 🎉 🔥 #UpHellyAa… https://t.co/tJNx9ufrm6]]></document>
		<document><![CDATA[@VisitScotland @thelistmagazine @drygate 😄 🎶 💃 It's involuntary isn't it?]]></document>
		<document><![CDATA[A toe-tapping tune from Mànran about Ian Hamilton &amp; co. pinching the Stone of Destiny 🎶 @thelistmagazine… https://t.co/VYwJcDntEy]]></document>
		<document><![CDATA[@VisitScotland @drygate Thank you! 😄]]></document>
		<document><![CDATA[Hello Glasgow! ☀ This afternoon I'm off to the launch of The List's Guide to Scotland's Festivals 2017 at @drygate… https://t.co/xHFTGsmbFf]]></document>
		<document><![CDATA[Still love this 💙 📝 Happy Birthday Rabbie 🎂 #BurnsNight2017 #Scotland https://t.co/9MVgefrn3r]]></document>
		<document><![CDATA[@SolwayTours @laretour @TheCastleHunter @ScotsMagazine @scotlanders I'm coming this time! 🚌 😄]]></document>
		<document><![CDATA[The countdown is ON! ⌚ Can't wait to arrive in lovely Lerwick on Saturday to start my #UpHellaAa adventure with… https://t.co/kHl34PK8F8]]></document>
		<document><![CDATA[@galadougie1 When I said this time next week, I obvs meant this time on SATURDAY 😳 😂 I cannae wait! 🎉]]></document>
		<document><![CDATA[@paolabrett Oh I love the section through Stockbridge, so pretty! Walking under the Dean Bridge is cool 😍]]></document>
		<document><![CDATA[@_smidge @VisitScotland @ExploreArgyll @arrochar_uk I've heard the Cobbler is a good walk. I would've been fierd in that mist!]]></document>
		<document><![CDATA[@FunkyEllas @VisitScotland @edinburgh @STVEdinburgh @TheScotsman COOL! I never even knew those existed. Walked up/down there many times!]]></document>
		<document><![CDATA[@_smidge @VisitScotland @ExploreArgyll @arrochar_uk WOW. What a view! Good job :-) Which Munros are they?]]></document>
		<document><![CDATA[Some more snaps from my Water of Leith wanderings yesterday. So lucky to have paths like this through the city!… https://t.co/wMcKeLAJ8k]]></document>
		<document><![CDATA[@Chromeboy1884 @WOLCT It's lovely eh? Doesn't feel like it's a walk in the city!]]></document>
		<document><![CDATA[@MelsNextChapter @HaggisTours @UpHellyAa EXACTLY! Ha ha. Not to mention all the chargers and electrical devices...]]></document>
		<document><![CDATA[Today's 11 mile Sunday stroll was along the Water of Leith. Such a pretty urban walk, even on a dreich day!… https://t.co/O0TliXkhKT]]></document>
		<document><![CDATA[@MelsNextChapter @HaggisTours Woo hoooooo! 💃I have no idea what to pack 🙈 I suspect it'll be a last minute effort...]]></document>
		<document><![CDATA[This time next week I'll be on route Dunnottar Castle with @HaggisTours before our ferry to Shetland for Up Helly A… https://t.co/DSnvcaMs4c]]></document>
		<document><![CDATA[@SpectacularEdin That's Castle Stalker is it not???]]></document>
		<document><![CDATA[2016 POST - Ben A'an: The Top of the Walks &gt; https://t.co/p6lkhzNafz &lt; Find out why I loved it so much #Scotland… https://t.co/QWrk3L8a5r]]></document>
		<document><![CDATA[@kevoneil @29studios Quite the contrast to the arctic wind here in Scotland then? :-)]]></document>
		<document><![CDATA[@celticwdlust... If you're heading to Mill anyway, get the ferry over from Tobermory 👍 The scenery is beautiful!]]></document>
		<document><![CDATA[@celticwdlust You can either take the Coran ferry from the mainland (nr Fort William) over to the peninsula or...]]></document>
		<document><![CDATA[Check this out. Ardnamurchan Lighthouse - the most westerly point on the UK mainland. I visited in August last year… https://t.co/PMz2KWVmmp]]></document>
		<document><![CDATA[@FunkyEllas Sounds like a plan, thanks! The way we went wasn't the prettiest in parts. I love all the wee colourful fishing villages :-)]]></document>
		<document><![CDATA[@GeoMcC1978 @D_F_Lyons @AnCridhe We've actually looked into this George, and might book up for October.]]></document>
		<document><![CDATA[@BeverlyRayG Nice one! I love all the cute wee towns and villages in Fife :-)]]></document>
		<document><![CDATA[@Kimkjaerside Thanks Kim! I hope you and your wee family had a lovely Christmas and New Year]]></document>
		<document><![CDATA[@jester_mouse I can't wait to go back and do more, as some of the route we did wasn't overly scenic. Still a good walk though!]]></document>
		<document><![CDATA[First walk of 2017 DONE! Fife Coastal Path - Kirkcaldy &gt; Kinghorn &gt; Burntisland &gt; Aberdour. 15+ miles the whole day… https://t.co/BIiFWoENyP]]></document>
		<document><![CDATA[@D_F_Lyons Thanks for all of this. I'm taking screen shots as I'll never remember it all! 😄]]></document>
		<document><![CDATA[@Lucinda_Dixon @Madaboutravel Lovely photos! 😍 The islands are the best place in the world 🌍]]></document>
		<document><![CDATA[@D_F_Lyons It'll be towards the end of September, probably 5 or 6 days at the most. Thanks so much! Looking at the Coll Bunkhouse 😃]]></document>
		<document><![CDATA[@D_F_Lyons @TheHebrides @CalMacFerries @VisitScotland ... I'll pester you for some tips when I get booked up. Thanks 😄]]></document>
		<document><![CDATA[@D_F_Lyons @TheHebrides @CalMacFerries @VisitScotland Thanks for that burst of excitement. I was swaying towards Coll actually...]]></document>
		<document><![CDATA[Currently researching my next Hebridean adventure! Need tips on Tiree &amp; Coll - where is the better base for 4/5 day… https://t.co/sn7ua4Y7FR]]></document>
		<document><![CDATA[@galadougie1 Same Dougie, you're the Up Helly Aa King! Can't wait 😄]]></document>
		<document><![CDATA[@ScotAdventures @embracescotland @MoraySpeyside Aw so colourful 😍 Have a nice time!]]></document>
		<document><![CDATA[@HaggisTours Thank you 😬]]></document>
		<document><![CDATA[@davidjbrodie @whiskyandtartan Thanks David 👍]]></document>
		<document><![CDATA[@whiskyandtartan @davidjbrodie Hopefully bump into you amidst the madness 🔥]]></document>
		<document><![CDATA[@FunkyEllas I know eh, what a start to the year🔥😄 I'll be taking loads of photos, it's just the island wifi I'm sceptical about 🙈]]></document>
		<document><![CDATA[@MelsNextChapter @LagavulinWhisky @harrisdistiller Aw that's fab too! 👌]]></document>
		<document><![CDATA[@MelsNextChapter @LagavulinWhisky Brilliant eh? Locals on Islay who said funding for community projects was lacking so this is great 👍]]></document>
		<document><![CDATA[This is fantastic ❤️ Good for you @LagavulinWhisky, and happy 200th birthday 🎂 #Islay #whisky https://t.co/T370PzwEXA]]></document>
		<document><![CDATA[@b3thany Ooooh I know! It's a great way to start another year of adventures 🔥 Woo hoo! 😄]]></document>
		<document><![CDATA[@LifeofGibbers @HaggisTours Thank yooooou! It's going to be an amazing few days 🎉 😄]]></document>
		<document><![CDATA[@TheEdinburgers @HaggisTours @NLFerries @PromoteShetland @bbcshetland @shetlandtimes @UpHellyAa Thanks so much! I can't wait 😄]]></document>
		<document><![CDATA[@RobinW59 What a wonderful place to grow up. I've only visited once before for the day. Aaaw, that's some birthday celebration! 🎉 🔥]]></document>
		<document><![CDATA[@davidjbrodie Oh that would be cool! Let me know if you're going @whiskyandtartan 👍 😄]]></document>
		<document><![CDATA[@Kimkjaerside @HaggisTours Thanks Kim! I'm super-excited 😬 I'll be sharing lots of photos, and I'll let you know how I get on!]]></document>
		<document><![CDATA[@RobinW59 I do feel very lucky to be going Robin 😄 it's been on my wish list for aaaages!]]></document>
		<document><![CDATA[EXCITING NEWS: In 4 weeks I'm off on a unique adventure to Up Helly Aa on Shetland with @HaggisTours 🔥 🚌 Details co… https://t.co/HFPsvO5GIy]]></document>
		<document><![CDATA[@HighExTours We sure are 😍 The islands are my favourite place in the world 🌍]]></document>
		<document><![CDATA[@mezzocheryl @N_T_S Oh wonderful! I did one of their cruises a few years ago. It was the best week. Very jealous you're going this year! ☺]]></document>
	</documents>
</author>