<author lang="en">
	<documents>
		<document><![CDATA[If you really want to help #Refugees... #RefugeesWelcome #AmericaFirst #MAGA https://t.co/eFza90uZzN]]></document>
		<document><![CDATA[Trump Listens to Obama-Clinton on Immigration https://t.co/6K7DonBYXT
#MAGA #AmericaFirst #LiberalsUnite #Trump #BuildTheWall]]></document>
		<document><![CDATA[#MAGA #NotMyBeer #AmericaFirst #NotMySuperBowl https://t.co/24CxganHFW]]></document>
		<document><![CDATA[#SuperBowl #SuperBowl2017 #BoycottBudweiser #KingofBadBeers #MAGA #BoycottSuperBowl #NotMySuperBowl #AmericaFirst https://t.co/mC0rtJ5XWp]]></document>
		<document><![CDATA[CDC needs to find a cure for the #TrumpDerangementSyndrome that has afflicted so many of these unfortunate liberals… https://t.co/x9FTWUSXSv]]></document>
		<document><![CDATA[@jessebwatters what flavor?, lol]]></document>
		<document><![CDATA[@Evan_McMullin We are sincerely disappointed in you. If you had your way in November, the Judge Gorsuch nomination would've never happened.]]></document>
		<document><![CDATA[@POTUS44  #BlameItOnTheBlackMan #whiteprivilege #HillaryClinton #MAGA #AmericaFirst https://t.co/0JfGUFwsB0]]></document>
		<document><![CDATA[@CarmineZozzora This is brilliant! All refugees with questionable background will be granted access to celebrity compounds. #RefugeesWelcome]]></document>
		<document><![CDATA[@SadiqKhan @standardnews Will you confess that you are part of the #Hijrah to destroy western civilization from within?]]></document>
		<document><![CDATA[@glennbeck You're welcome! #SCOTUS #MAGA #AmericaFirst]]></document>
		<document><![CDATA[#InvestigateObama #InvestigateSoros #Sedition #MuslimBrotherhood #AmericaFirst #MAGA https://t.co/CX1zkwR2hj]]></document>
		<document><![CDATA[@billpostmus If the #Dems keep up their obstruction, protests, and grandstanding. Trump states will #DumpTheDems. #SuperMajority2018 #MAGA]]></document>
		<document><![CDATA[@vivelafra @bb8_wins @POTUS Obama is not only a #TerroristSympathizer he is a #Terrorist.]]></document>
		<document><![CDATA[#StagedProtest #TellEmYoureAMuslim #WakeUpAmerica #FakeTears #MAGA https://t.co/DGxZFMTDeF]]></document>
		<document><![CDATA[#MAGA #ExtremeVetting #WakeUpAmerica https://t.co/dghsgiZnOc]]></document>
		<document><![CDATA[@Ima_J_walker Saw on @weatherchannel that Miami will be underwater by 2060. They used to say NYC was going to be under by 2015. #ClimateHoax]]></document>
		<document><![CDATA[@FoxNews What if a state decided to refuse to enforce federal hate crime laws? Would that be acceptable to the liberal hypocrites? #MAGA]]></document>
		<document><![CDATA[Rep. John Lewis and Chief of Staff Under Ethics Investigation https://t.co/WoFmEEBb4c #JohnLewis #MAGA #AmericaFirst]]></document>
		<document><![CDATA[@FBI @DHSgov #GinnyMcQueenIsATerrorist #AmericaFirst #MAGA https://t.co/vl2huEEJDH]]></document>
		<document><![CDATA[Is Islam a Religion of Peace? https://t.co/H8HO4Ok01d #AmericaFirst #POTUSTrump #MAGA #SCOTUS #TrumpBan #WakeUpAmerica]]></document>
		<document><![CDATA[@JalenElrod That doesn't matter. Looking forward to the results of the investigation.]]></document>
		<document><![CDATA[#ConfirmGorsuch #MAGA #AmericaFirst #DumpTheDems https://t.co/bAA6sMdLDx]]></document>
		<document><![CDATA[@JalenElrod Of course your can when you subtract the votes that were illegally cast for Democrats. #VoterFraud]]></document>
		<document><![CDATA[@JalenElrod @The_Trump_Train Except that it doesn't. Being the one sworn into the office is where the mandate comes from.]]></document>
		<document><![CDATA[#StandWithIsrael #LondonMayorsAntisemitism https://t.co/vhsLbKJyiD]]></document>
		<document><![CDATA[#ConfirmGorsuch #SCOTUS #MAGA https://t.co/LGK6fuqUkr]]></document>
		<document><![CDATA[Confirm Judge Gorsuch to the Supreme Court Now https://t.co/P7lCVkoPBv #SCOTUS #ConfirmGorsuch]]></document>
		<document><![CDATA[Confirm Judge Gorsuch to the Supreme Court Now https://t.co/P7lCVkoPBv #ConfirmJudgeGorsuch #MAGA #AmericaFirst]]></document>
		<document><![CDATA[@larryelder The protests only help efforts to #DumpTheDems2018 and ensure #TrumpPence2020. #MAGA #AmericaFirst]]></document>
		<document><![CDATA[@greta I wish you could remind journalists they have a sacred duty to perform for the nation &amp; their personal politics shouldn't interfere.]]></document>
		<document><![CDATA[#Clinton #WakeUpAmerica #TheBachelor #DeadlineDay #StandUpToTrump #ReasonsToLoveMeIn4Words #MAGA #AmericaFirst https://t.co/v03sXwMoFJ]]></document>
		<document><![CDATA[#MuslimBan #AmericaFirst #LiberalismIsADisease #MAGA #OccupyAirports #DumpTheDems https://t.co/8RWVjmyThu]]></document>
		<document><![CDATA[#ObamaLegacy #NoBanNoWall #sagawards #DishonestMedia https://t.co/7YHbqtknos]]></document>
		<document><![CDATA[@townhallcom WRONG! https://t.co/9IMrHJ2k4b]]></document>
		<document><![CDATA[@oreillyfactor @krauthammer @seanhannity @TuckerCarlson This is a realistic explanation of the rush of the Immigrat… https://t.co/EmqWjqrTFU]]></document>
		<document><![CDATA[@seanhannity Yates should be thankful @POTUS is not the monster the #DishonestMedia paints him as, otherwise she'd have met a #FiringSquad]]></document>
		<document><![CDATA[@ABC Censoring the free speech of an Iraqi refugee is much more offensive than requiring their documentation be dou… https://t.co/McSbnUrUoQ]]></document>
		<document><![CDATA[@theblaze There is no such thing as a "transgender" boy. A new organization should formed called the "Transgender Scouts." #Sanity #WakeUp]]></document>
		<document><![CDATA[@RichardGrenell @ChalkArtist She should be grateful that @POTUS is not the monster the #DishonestMedia has made him out to be. #FiringSquad]]></document>
		<document><![CDATA[@DailyCaller You're damn right. A threat to global conspiracy of the new world order. #WeThePeople are fighting back. #EndTheNWO]]></document>
		<document><![CDATA[@FoxNews @MarkJHetfield That is what #SafeZones are for. #RefugeesWelcome]]></document>
		<document><![CDATA[@Mike_Beacham @FoxNews Have security empty her desk and escort her out for not doing her job. #AG #Corruption #MAGA #AmericaFirst]]></document>
		<document><![CDATA[@SecretService #LockThemUp https://t.co/BYW5xLgleI]]></document>
		<document><![CDATA[#WakeUpAmerica #DomesticTerrorists #MAGA #BePrepared #DefendYourselves https://t.co/dlUQNvWy1M]]></document>
		<document><![CDATA[@FoxNews @krauthammer I used to think Charles was such a smart man. What has happened?]]></document>
		<document><![CDATA[@immigrant4trump He was probably crying because he was afraid the terrorists were going to kill him if he wasn't a good little puppet. #MAGA]]></document>
		<document><![CDATA[@scrowder First the liberals removed "father" to weaken societal norms, now they want to remove "mother." #Mother #Father #Normal #MAGA]]></document>
		<document><![CDATA[@DanaPerino @TheFive If everyone was paying attention, @POTUS gave months of warning this EO was coming during the campaign. #MAGA #Rallies]]></document>
		<document><![CDATA[Liberals are such disgusting excuses for human being. #DumpTheDems #MAGA #AmericaFirst https://t.co/X2oAseXqBp]]></document>
		<document><![CDATA[#WakeUpAmerica #ThisIsTerrorism #TheseAreDemocrats  #DefendYourselves #MAGA #AmericaFirst #DumpTheDems https://t.co/y7woC87UdY]]></document>
		<document><![CDATA[Time to move @amazon to the ash heap. #MAGA #AmericaFirst #ScrewAmazon #BoycottAmazon https://t.co/5Q1lrHIlT4]]></document>
		<document><![CDATA[@POTUS was right again! #VoterFraud is real. #MAGA #AmericaFirst https://t.co/SatUCjkTrs]]></document>
		<document><![CDATA[#DishonestMedia #MuslimBan #MAGA #AmericaFirst https://t.co/fcyDNCXclz]]></document>
		<document><![CDATA[#terroristsupporter is the one suing @POTUS. #MAGA #LockThemUp https://t.co/wmhzzTbC5m]]></document>
		<document><![CDATA[Media and liberals are so #fake. #FauxOutrage #factsmatter #truth #MAGA #MuslimBan #NoBanNoWall https://t.co/pi9A0q6Qv4]]></document>
		<document><![CDATA[@SergeHalytsky @gimblemusk The queen needs to lead a crusade to liberate her people from the Muslim invasion.]]></document>
		<document><![CDATA[#NoBanNoWall #RESISTANCE #sagawards #GFY #MAGA #AmericaFirst https://t.co/YzmlcLD1k8]]></document>
		<document><![CDATA[#WakeUpAmerica #MissUniverse #sagawards #AmericaFirst https://t.co/xmBvQLHkX8]]></document>
		<document><![CDATA[@chuckwoolery #DumpTheDem2018]]></document>
		<document><![CDATA[@BennettJonah @DailyCaller UN also says Israel doesn't have the right to build homes on Israeli land, therefore UN has ZERO credibility.]]></document>
		<document><![CDATA[@DailyCaller Rubio, McCain &amp; Graham are all members of a circle jerk.]]></document>
		<document><![CDATA[#WakeUpAmerica #RoyalRumble #ProBowl #sagawards #AmericaFirst #MAGA https://t.co/aBPRj9fTxB]]></document>
		<document><![CDATA[@CayenneKayan @SteveH4321 @randyprine No, everywhere within USA. #2A is for ALL Americans.]]></document>
		<document><![CDATA[@VivaLaAmes Maybe Santa brought them. #VaginasForChristmas]]></document>
		<document><![CDATA[@CayenneKayan @SteveH4321 @randyprine I think judges should be wearing AR-15s in support of #2A rights. #MAGA]]></document>
		<document><![CDATA[PETITION To President Donald J. Trump, Attorney General Jeff Sessions To Investigate/Prosecute George Soros, Et. Al. https://t.co/bIr16DTMsm]]></document>
		<document><![CDATA[#sagawards #MissUniverse #WakeUpAmerica #MuslimBan #laxprotest #NoBanNoWall #AmericaFirst #MAGA #WearTheCrown… https://t.co/rjr7zh1kOl]]></document>
		<document><![CDATA[@POTUS is trying to save the USA from this. Liberals want to bring it here. #MissUniverse #sagawards… https://t.co/kaVaEwAxpA]]></document>
		<document><![CDATA[#WakeUpAmerica #FlintWaterCrisis #MuslimBan #MAGA #AmericaFirst https://t.co/ahD7jqZw66]]></document>
		<document><![CDATA[#WakeUpAmerica #ThankYouPOTUSTrump #MAGA #AmericaFirst #sagawards #MissUniverse https://t.co/6PMfmI57dN]]></document>
		<document><![CDATA[@DRUDGE_REPORT Make it stop. It's causing #climatechange.]]></document>
		<document><![CDATA[@SavageNation @YahooNews Yes, police will now be allowed to enforce laws again. #LawAndOrder #MakeAmericaSafeAgain #MAGA #ThinBlueLine]]></document>
		<document><![CDATA[#WakeUpAmerica #sagawards #MissUniverse #MAGA #AmericaFirst https://t.co/jfDE2o8LeN]]></document>
		<document><![CDATA[@brithume @nytimes That's why they're considered #fakenews. Sadly, many have given up journalistic integrity. #WakeUpAmerica #responsibility]]></document>
		<document><![CDATA[The left needs to be declared a hate group. #StopFundingHate #MAGA #AmericaFirst https://t.co/NlTBu9Kh4N]]></document>
		<document><![CDATA[@_carliecarion_ @Taronyoung @SuperGirlTheCW It doesn't, except a lady posted an innocent comment about a TV show &amp; she was attacked by many.]]></document>
		<document><![CDATA[@KHOLMESlive @NBCLA #LAXPD chief needs to be fired for allowing traffic to be blocked. #noexcuses #LawAndOrder #AmericaFirst #MAGA]]></document>
		<document><![CDATA[@thehill Maybe if an "undocumented drunk driver" ran into @NYCMayor he would feel differently. #AmericaFirst #MAGA #drunkdriving]]></document>
		<document><![CDATA[DO NOT BRING THIS TO THE USA. #sagawards #MuslimBan #RoyalRumble #NoBanNoWall #MAGA #AmericaFirst #WomensMarch… https://t.co/svPq6FPM5U]]></document>
		<document><![CDATA[@_carliecarion_ @Taronyoung @SuperGirlTheCW I wish all the gay/lesbian people on this thread would tone down their hate of normal people.]]></document>
		<document><![CDATA[@Breaking911 More baristas that don't have a grasp of the English language? What could go wrong?]]></document>
		<document><![CDATA[@JalenElrod It was given that title by the liberals going hysterical.]]></document>
		<document><![CDATA[#MuslimBan #MissUniverse #sagawards #OccupyAirports #WakeUpAmerica #NoBanNoWall #TrumpDerangementSyndrome… https://t.co/1Nerb89MFb]]></document>
		<document><![CDATA[@POTUS is trying to make illegal trafficking more difficult and liberals are trying to stop his efforts.… https://t.co/tjrrD4un93]]></document>
		<document><![CDATA[#MuslimBan #sagawards #AmericaFirst https://t.co/P95frJ8ADT]]></document>
		<document><![CDATA[#MuslimBan #deleteuber #sagawards #OccupyAirports #NoBanNoWall https://t.co/e1CVHfe5bJ]]></document>
		<document><![CDATA[#WakeUpAmerica #MuslimBan #sagawards #OccupyAirports https://t.co/29kerZ8KzF]]></document>
		<document><![CDATA[NOW THIS IS WORTH PROTESTING OVER. #WakeUpAmerica #MAGA #AmericaFirst #MuslimBan #sagawards https://t.co/OQmvRVVpZB]]></document>
		<document><![CDATA[@kaitlancollins @DailyCaller If only a Muslim extremist could make their way into the #sagawards. Oh wait, they're banned entry. #hypocrisy]]></document>
		<document><![CDATA[@DavidLewis61 Hey assclown, read the article, have a friend explain the big words for you.]]></document>
		<document><![CDATA[@DavidLewis61 Which orders?]]></document>
		<document><![CDATA[@JalenElrod @washingtonpost bipartisan doesn't mean it was the right thing.]]></document>
		<document><![CDATA[@MeghanMcCain @Johnny_Joey  Meghan, your father and others help create, fund, &amp; train the groups that became ISIS. We know where you stand.]]></document>
		<document><![CDATA[@JalenElrod What are you pulling out your butt now?]]></document>
		<document><![CDATA[@JalenElrod You know what he did. The generals and intelligence community advised the opposite of what Obama ended up doing.]]></document>
		<document><![CDATA[@DailyCaller Koch is a real cock.]]></document>
		<document><![CDATA[@DavidLewis61 @stevestettner @stephenfhayes @wordpressdotcom The pause is a good thing, read the real order, don't rely on #DishonestMedia.]]></document>
		<document><![CDATA[@JalenElrod He ignored there knowledge and experience when advised how to handle Iraq, Iran, Afghanistan, GITMO.]]></document>
		<document><![CDATA[@JalenElrod The left is constantly calling Trump and supporters "nazis." So that is just fair play.]]></document>
	</documents>
</author>