<author lang="en">
	<documents>
		<document><![CDATA[@KatyMontgomerie 50% I guess but remember starting from a low base.]]></document>
		<document><![CDATA[Observation. One added spin off from BA that I had not considered. My areola's are bigger. 😊]]></document>
		<document><![CDATA[I could get used to lounging around. But one thing I won't get used to; peeing in different directions, like one of… https://t.co/AeS0ZT9cIm]]></document>
		<document><![CDATA[@HollyPublic hope things pick up Holly X]]></document>
		<document><![CDATA[@HollyPublic i use the word fine. This means I am shit but I don't want to talk about it. X]]></document>
		<document><![CDATA[Spies came out of the water]]></document>
		<document><![CDATA[This evening dilation is a killer :-(]]></document>
		<document><![CDATA[@jessicatee84 Netflix, i get - playstation, not sure about that one. x]]></document>
		<document><![CDATA[@TraceyJustRocks yes. Loved that too. X]]></document>
		<document><![CDATA[@TraceyJustRocks oh, I have the box set lol. Freshly opened x]]></document>
		<document><![CDATA[@TraceyJustRocks well season 2 starts tomorrow. 😊]]></document>
		<document><![CDATA[Well today's 1st full day at home as been all about routine, rest and season one of #goodnight sweetheart https://t.co/ASlqZ1jGAo]]></document>
		<document><![CDATA[@TraceyJustRocks it is tracey thanks. All about routine and rest. X]]></document>
		<document><![CDATA[My sixty-seventh blog, the final chapter.
https://t.co/23UqsnLIi6]]></document>
		<document><![CDATA[Privileged to have spent 8 days in the care of the wonderful team at the Nuffield hospital Brighton. Home time now. https://t.co/jSErmmWXBn]]></document>
		<document><![CDATA[OMG. I have just seen my tits with no bandages for the first time. Ooooo yeah 🙃]]></document>
		<document><![CDATA[@hannahearl311 yes, Tuesday. Thank you x]]></document>
		<document><![CDATA[@RachaelUnedited I will be up for it for sure x]]></document>
		<document><![CDATA[@RachaelUnedited last day. Home tomorrow. All fine here thanks Rachael. X]]></document>
		<document><![CDATA[@herbert_farrah my workout has included three shuffles to the coffee machine and 2 dilation. Knackered already. 😉]]></document>
		<document><![CDATA[@TheBinaryGirl @Jennybabe41 Well the 1st couple of cups were ok after that...... You are right though we done good Christine :)]]></document>
		<document><![CDATA[#VeronicasGRS I am exhausted. physically and emotionally. In a good place right now. Night all x]]></document>
		<document><![CDATA[@TheBinaryGirl @Jennybabe41 The fed me next to nothing for 6 days. Consume &amp; jelly made me retch after 1.5 days. Still blooming wonderful.]]></document>
		<document><![CDATA[#VeronicasGRS elation, exhaustion and the sudden realisation that in 1 hour it's round 2 https://t.co/jGIO6JkHXB]]></document>
		<document><![CDATA[I know there is some shitty stuff going on but I just want to say "oh my god, real good" https://t.co/yGy2fTvEPf]]></document>
		<document><![CDATA[@TraceyJustRocks it's says I'm already there. Was looking for a beach but settled for the coffee machine x]]></document>
		<document><![CDATA[@rvedotrc as you already knew it is/was amazing.]]></document>
		<document><![CDATA[#VeronicasGRS Well that was the most amazing few hours in my life. I am complete. #happytears https://t.co/tURm05iQ9H]]></document>
		<document><![CDATA[#VeronicasGRS Mother Teresa is just about to arrive. X]]></document>
		<document><![CDATA[@Transsomething go if an hour either way was the reason for me I would of have spun cart wheels]]></document>
		<document><![CDATA[@Transsomething well you are on a countdown. Therein lies your answer. 😉]]></document>
		<document><![CDATA[Bless you and and thank you. You know it xxx https://t.co/IuHKid1Ssd]]></document>
		<document><![CDATA[@MsKateNewsome @SylvieHL yes i am all good. Indeed big morning tomorrow. Feeling emotional x Take care of yourself Kate xx]]></document>
		<document><![CDATA[@lisasevern my god, if hearing what Trump does is not bad enough, its reading his supporters comments. I made the mistake and scrolled :(]]></document>
		<document><![CDATA[@Veronica_Mead and the next 
https://t.co/5jNHPKsvO0]]></document>
		<document><![CDATA[#VeronicasGRS Two songs for tomorrow when my inner beauty is opened https://t.co/Jov3ljxTv3]]></document>
		<document><![CDATA[@TraceyJustRocks there will actually be tears I can assure you. xxx]]></document>
		<document><![CDATA[@ErisInseln haha. Scrambled egg. But now w I want cauliflower cheese. X]]></document>
		<document><![CDATA[@TraceyJustRocks you know it girl friend. X]]></document>
		<document><![CDATA[#VeronicasGRS all so civilised for supper. X https://t.co/0rD9nDmV2u]]></document>
		<document><![CDATA[@ChloeDelores111 @wwfcofficial its official. My catheter bag has burst! #COYS x]]></document>
		<document><![CDATA[@ChloeDelores111 @wwfcofficial Well i cant wet my knickers can i ;)]]></document>
		<document><![CDATA[@ChloeDelores111 @wwfcofficial I know, what a thriller! Almost filled my catheter ;)]]></document>
		<document><![CDATA[Blimey, my team are down "at the Lane". Great news for @wwfcofficial the beauty of the cup can never die. x]]></document>
		<document><![CDATA[Worlds most extraordinary homes on @BBCTwo OMG - i now know where i am to retire to.]]></document>
		<document><![CDATA[@KaraLG84 well there you go. You answered your own question 😉]]></document>
		<document><![CDATA[@Veronica_Mead ..... through (it was needed) and did my makeup. The view as well was nice. https://t.co/SwQkmmuLtr]]></document>
		<document><![CDATA[#VeronicasGRS well the first chair sit is done. Did not manage the 30 mins. But I did last 67 mins 😊even had my wash, brushed my hair.....]]></document>
		<document><![CDATA[@rvedotrc they plan to wash and change me at the same time aparently. X]]></document>
		<document><![CDATA[@rvedotrc think it's going to happen soon ish. X]]></document>
		<document><![CDATA[@claie_t that's weird I know everything about the gent. But it's gender? Not important 😉]]></document>
		<document><![CDATA[@claie_t we are to marry next year ;)]]></document>
		<document><![CDATA[@claie_t yep this was my view until yesterday. X https://t.co/8j74cCVlDO]]></document>
		<document><![CDATA[@claie_t yesterday for the firsts time. I will be getting in a chair shortly. Scared.]]></document>
		<document><![CDATA[@claie_t that was my logic.....]]></document>
		<document><![CDATA[@claie_t I saw on the news - grim. Think its now time to switch to radio news....]]></document>
		<document><![CDATA[@Veronica_Mead although picking crumbs of toast out from my bra? Well its an excuse I suppose to have a little feel around.]]></document>
		<document><![CDATA[@hidingintrees yes, I did just see our unelected PM holding hands with that bafoon from the USA on the tv, so I now have doubts again.]]></document>
		<document><![CDATA[#VeronicasGRS #DAY4 I will never tire of this pampering. https://t.co/LvpvPnmL3p]]></document>
		<document><![CDATA[whenever #JohnHurt featured in a movie I always knew it would stay in my memories. A fantastic actor. RIP. https://t.co/AWflzJLnzC]]></document>
		<document><![CDATA[#4dayslater feels awfully quiet here in hospital. Is there a post apocalyptic Britain out there?]]></document>
		<document><![CDATA[@TraceyDontRock So post your selfie.... and carry on xx]]></document>
		<document><![CDATA[@TraceyDontRock Remember #TraceyFirst One set back does not constitute a failure. xxx]]></document>
		<document><![CDATA[#UCantTouchThis - @BBCRadio2 Thats about right for me now. Seriious Jocking boy x]]></document>
		<document><![CDATA[@hannahearl311 @DavinaM1612 I feel better too. War paint helps I guess lol x]]></document>
		<document><![CDATA[@DavinaM1612 nothing like a tuneful fart Davina x]]></document>
		<document><![CDATA[#VeronicasGRS Day3 starts. Maybe I can sit up a little today and start to reply to messages. X https://t.co/jcaRW4kYI0]]></document>
		<document><![CDATA[#VeronicasGRS Toast has arrived I think I've died and gone to heaven]]></document>
		<document><![CDATA[@hannahearl311 shocking photo baby girl]]></document>
		<document><![CDATA[#VeronicasGRS I never thought I would get such pleasure from a fart]]></document>
		<document><![CDATA[#VeronicasGRS honeymoon over stomach cramps begin]]></document>
		<document><![CDATA[@TGAnnaWade you heard it. Completely random that was. 🙃]]></document>
		<document><![CDATA[#VeronicasGRS Laters people. Signing off for a while. https://t.co/2jjI6YZ8rK]]></document>
		<document><![CDATA[@TraceyJustRocks she is in the zone lol doing work emails and making telecoms]]></document>
		<document><![CDATA[@TraceyJustRocks just so you know. By the time I come back it will be about 4 ish guessing by the time schedule they gave me. X]]></document>
		<document><![CDATA[#VeronicasGRS Well Mr Thomas has been and gone. He took my autograph too.]]></document>
		<document><![CDATA[#VeronicasGRS Just met the anestatist. Mr McDonald. Who seems lovely and Mr Yelland who drew over my tits and got me to sign stuff.]]></document>
		<document><![CDATA[#VeronicasGRS you know what this means don't you? It means I am close and I am no longer full of shit 😱 https://t.co/RQTwFZj9tE]]></document>
		<document><![CDATA[#VeronicasGRS Oh god, there's a nurse with a probe. This is gonna be messy ..........]]></document>
		<document><![CDATA[@Rachel_words thank you 💋]]></document>
		<document><![CDATA[@Rachel_words Thank you Rachel, very kind. Not heard from you for ages girl-friend xx]]></document>
		<document><![CDATA[#VeronicasGRS welcome to the the waiting games. A bit like the hungers games with no bow and arrow and more sequels… https://t.co/Z9x0o0EjRb]]></document>
		<document><![CDATA[@rvedotrc his bloody fault i'm awake. He snores! Well that and the heat &amp; the Tog on this duvet!]]></document>
		<document><![CDATA[@rvedotrc yep, sleeping, pah! Not all its cracked up to be. x]]></document>
		<document><![CDATA[#VeronicasGRS Ok, so it looks like sleeping is an option i anm going to miss out on for the rest of the night........]]></document>
		<document><![CDATA[@rvedotrc I'll stop now, Simba has told me to put the phone down and cone to bed. He's so demanding! X]]></document>
		<document><![CDATA[#VeronicasGRS on the raz or bed. Let Simba decide........ https://t.co/jl3kmkr49c]]></document>
		<document><![CDATA[@rvedotrc that my hope for sure. X]]></document>
		<document><![CDATA[@rvedotrc I am so pigging tired. Had about 3 hours last night. In fact about 3 hours for the last 14 nights.]]></document>
		<document><![CDATA[#VeronicasGRS I seem to of blagged a last supper. https://t.co/AqT868Eolk]]></document>
		<document><![CDATA[@rachelsgrs well they left it tidy. Funny you should say, there is a load of empty beer bottles outside 19 ;)]]></document>
		<document><![CDATA[#VeronicasGRS Well, the day of independence beckons. https://t.co/gb28B3wtX9]]></document>
		<document><![CDATA[@TraceyJustRocks ok thanks. It's really foggy here now. No idea what road we were on 😱]]></document>
		<document><![CDATA[#VeronicasGRS Well that's hannah checked in to her hotel. Now enroute to hospital. It's all becoming real now. X]]></document>
		<document><![CDATA[#VeronicasGRS We are on our way https://t.co/wajiJ08C8j]]></document>
		<document><![CDATA[@TraceyJustRocks thank you Tracey. 💋]]></document>
		<document><![CDATA[@lisasevern hope all goes well Lisa x]]></document>
		<document><![CDATA[Thank you........
https://t.co/SRoOERvRkc]]></document>
		<document><![CDATA[#VeronicasGRS - Breakfast, lunch and dinner. Ooooo yeah, bring it on.#lowresidualdiet think I may have taken it a b… https://t.co/KP95xay3wy]]></document>
		<document><![CDATA[Any bits of this sound familiar? Hi, I'm transgender........
https://t.co/ufM2AIoTNq]]></document>
	</documents>
</author>