<author lang="en">
	<documents>
		<document><![CDATA[@HollyConway get to bed conway! #morningshow]]></document>
		<document><![CDATA[@karen_surman @AustralianOpen i almost want to turn it off lol #cantdeal]]></document>
		<document><![CDATA[@karen_surman @AustralianOpen as long as the ebs and flows stay true. Fed has got it]]></document>
		<document><![CDATA[@karen_surman @AustralianOpen can't deal....c'mon FED! well at least it was a fairly quick 4 sets.]]></document>
		<document><![CDATA[@karen_surman @AustralianOpen lol agreed!! ugh....why is fed missing these essy put aways!!]]></document>
		<document><![CDATA[WOW Well Thank you Virgin Radio! NO for those wondering I did not tweet myself! #happyfriday https://t.co/rylPQnct93]]></document>
		<document><![CDATA[YES IT IS HAPPENING!!! I'm gonna watch Fed vs Nadal LIVE. https://t.co/7NVfilN7j5]]></document>
		<document><![CDATA[Hanging a picture gives me anxiety?! I keep thinking I will hit an electrical wire or water pipe with the nail #BellLetsTalk #whatupwiththat]]></document>
		<document><![CDATA[@nathunter1035 after that speech I was so pumped to get in my jet and fight those aliens! #independenceday]]></document>
		<document><![CDATA[Trump Plagiarized BANE LOL #batman https://t.co/niOkEQQ4Hc]]></document>
		<document><![CDATA[@AustralianOpen 17 years ago today @rogerfederer debuts. Ranked 17. 17 titles and it's 2017. He's gonna win. #winning #goodomen]]></document>
		<document><![CDATA[@TELUSsupport sorry no for WIFI. the top floor of my house has a weak signal...]]></document>
		<document><![CDATA[@TELUSsupport Hi! can I book a service through you?]]></document>
		<document><![CDATA[A MUST WATCH! #bcfilm #scifi #seeingred #aliens #WeAreNotAlone https://t.co/8HLIodE5Dw]]></document>
		<document><![CDATA[celebrating with @greesepaul and #DJDru taphouse_pub HAPPY FREAKIN 2017!!!! @virginradiovan… https://t.co/utgFcm9BYk]]></document>
		<document><![CDATA[can anyone tell me what the weather is like around guilford town centre???]]></document>
		<document><![CDATA[SWEET Thanks Michelle! :) Merry Christmas and Happy New year to you and fam jam!! https://t.co/GRjHzMrZmh]]></document>
		<document><![CDATA[WTF....#heartattack ....2016...don't you dare.... https://t.co/EdzXBrp8xX]]></document>
		<document><![CDATA[@BigBrothersYVR Happy Holidays to you all as well! :)]]></document>
		<document><![CDATA[NYE Plans?? You should probably be @taphouse_pub #THEplace #bustamove #champagne]]></document>
		<document><![CDATA[@TELUSsupport my cable has dropped a silly amount of times in the last 3 days. have to re initialize all the time? help.]]></document>
		<document><![CDATA[I shouldn't have waited so long, manipedi @absolutespagroup was delightful! #walkingonclouds #christmastoes… https://t.co/csE4qI5qVO]]></document>
		<document><![CDATA[@bestbuycanada till 5 when we give away a $1K microsoft package enter! ALSO $3K shopping spree! #cambieand6th… https://t.co/IfgzsGU1v8]]></document>
		<document><![CDATA[Snow Tires :) Thank you @SignatureMazda]]></document>
		<document><![CDATA[@Raffi_RC will watch for more details! thx bro!]]></document>
		<document><![CDATA[It stopped raining! on location with @virginradiovancouver @BCAA #BCAAREWARDS for the Yaletown Grand opening! https://t.co/QODWQmwEit]]></document>
		<document><![CDATA[@Raffi_RC sorry, in Vancouver! #rafficoncert]]></document>
		<document><![CDATA[@Raffi_RC Hey Raffi My kids are wondering if you got any shows coming up next year??? Hope all is well!]]></document>
		<document><![CDATA[@deathtodesign @CountryLuvr78 LOL What's the issue?! #imdonehere]]></document>
		<document><![CDATA[@glovesaveluongo @cool2dude45 I agree with both of you!! haha]]></document>
		<document><![CDATA[you know tech? I have Android questions! #help]]></document>
		<document><![CDATA[hangin @McArthurGlenVan for black friday sales! PLUS enter to win a $10,000 shopping spree!!! https://t.co/CqTw27T4Wz]]></document>
		<document><![CDATA[Tis the Season! keep your eye out and donate to @SalArmyBC i see you Sally Anne! #christmasgiving #toymountain2016… https://t.co/lKkOR5JVCm]]></document>
		<document><![CDATA[now this is how one starts a weekend :) #testdrive #CX9 #signatureseries #leather #@signaturemazda #floatingheads… https://t.co/GtYNlIidSS]]></document>
		<document><![CDATA[WOW. PAW PATROL RIP-OFF #rocky  #evergreenline https://t.co/EK1lqGYXWp]]></document>
		<document><![CDATA[The new RE-DESIGNED CX-5! @SignatureMazda  @mazdacanada https://t.co/ODnQrV632t]]></document>
		<document><![CDATA[I can't believe someone in a place of government in 2016 on this planet has to say this. :( #murricaiseffed https://t.co/CIxhsnEohr]]></document>
		<document><![CDATA[The all-new 2017 #CX5 will be unveiled in 7 hours! Watch it live here! Get the details @SignatureMazda https://t.co/YorO0Pnkua]]></document>
		<document><![CDATA[Let's talk NYE! Where you spending yours? I'm @taphouse_pub with @DJDruu and crew! #NYE2017 The Countdown is ON #word]]></document>
		<document><![CDATA[The Reptile guys has to close!! Help him out! https://t.co/rqDPyjxRsG #donations]]></document>
		<document><![CDATA[Someone PLEASE tell me this isn't real....This is so scary! #day1intrumpsamerica https://t.co/gGr7j6eLhK]]></document>
		<document><![CDATA[Is this real? I have seen so many things like this recently....can't be real... https://t.co/2PpxbDeKFg]]></document>
		<document><![CDATA[@FunSizedJenn @rkohdesigns There is his twitter! haha I couldn't find it! Rich!]]></document>
		<document><![CDATA[Chance to win PLAYOFF @bclions_official tix right now at Granville and Georgia! #ITSTIME #makesomenoise… https://t.co/eGYO6chGIh]]></document>
		<document><![CDATA[Remember that movie "Canadian Bacon" #TrumpPresidency #newworld #protectthesyrup https://t.co/pl8GDO9y3a]]></document>
		<document><![CDATA[Me to America: Are we really F@%&amp;ING doing this? @HollyConway #drumpf]]></document>
		<document><![CDATA[For the win! RT @SignatureMazda Get your car serviced AND get caught up on your #Netflix shows?! #iPads in-store for your viewing pleasure!]]></document>
		<document><![CDATA[For some reason I want to listen to this today https://t.co/c82PZDncj7 #REM #endoftheworld]]></document>
		<document><![CDATA[so far on #thecommute I have only seen one other person wearing a poppy :( ...People must have… https://t.co/2AaCeACMLz]]></document>
		<document><![CDATA[smiles and sunshine to wake up to in ladner, Go through the tunnel, dark clouds &amp; sadness lol. #ladnerlife #southdeltarepresent]]></document>
		<document><![CDATA[@bunktuzzi44 looking forward to it bro! :)]]></document>
		<document><![CDATA[@ErinMeyer9 i'll watch out for you!]]></document>
		<document><![CDATA[I'LL BE THERE! #makesomenoise #playoffs bclions_official get your tickets now!! #itstime https://t.co/FaSGMe8WtF]]></document>
		<document><![CDATA[How awkward will it be when Hillary has to work in the oval office....because well...you know...that whole Bill thing....#USElections2016]]></document>
		<document><![CDATA[spendinh this afternoon at some BEAUTIFUL langley townhomes! Grand Opening #zetterplace… https://t.co/wQCfJlPMvA]]></document>
		<document><![CDATA[kitchen might still have donuts...Amy got my soup, Remo got my donut. #sharingiscaring]]></document>
		<document><![CDATA[@jameslabree @BCLions @TimHortons all Vancouver spots while tickets last!]]></document>
		<document><![CDATA[today get a pair of @bclions tickets to the #riders game by PAIRING your @timhortons lunch for one low price! #soup… https://t.co/c75qgykNHN]]></document>
		<document><![CDATA[Love it!! you both have some serious talent! Also Veronica that "Too good" cover was SLICK. https://t.co/f06qICLh7w]]></document>
		<document><![CDATA[Sports are going crazy...what a great time of year.]]></document>
		<document><![CDATA[@TransLink I must commend you all on your positive replies. You must deal with a lot of angry customers. #brightside]]></document>
		<document><![CDATA[@TransLink already did. Thank you.]]></document>
		<document><![CDATA[@TransLink ladner exchange it's okay it's 8 to 15 mins late EVERY DAY. just re-schedule it already. #falsehope #latetweetadaystartsnow.]]></document>
		<document><![CDATA[@KLatremouille will do! Thanks!]]></document>
		<document><![CDATA[#icalledit #oct23rd @PaulMcCallum4 you knew then didn't you!!? Welcome back to Pro Football and the @BCLions !… https://t.co/U8fiqotKjA]]></document>
		<document><![CDATA[@KLatremouille Thx for the follow Kelly! You play squash at the river club? debating on joining!]]></document>
		<document><![CDATA[@TransLink experience EVERY DAY haha. #payingcustomer already did. thank you. Happy Halloween!]]></document>
		<document><![CDATA[@TransLink perhaps they should adust schedules and not give false hope. EVERY DAY it's late by at least 5 mins. so change time of arrival?]]></document>
		<document><![CDATA[@TransLink EVERY SINGLE MORNING YOUR BUS IS LATE BY 5-15MINS. #601]]></document>
		<document><![CDATA[@patersonjeff @RJHenderson7 lol i was watching #q13fox and had to switch ASAP. #badform nice score jeff!]]></document>
		<document><![CDATA[@EddieGregory81 in 2039 the the Cleveland Brows win the the Superbowl #hearditherefirst]]></document>
		<document><![CDATA[Sevice day AKA test drive day! #options #cx9 #mx5 #zoomzoombaby #mondayfixer @signaturemazda https://t.co/B3AqphKzk9]]></document>
		<document><![CDATA[@PaulMcCallum4 Pro football comeback? You have lots of options! #SEAvsAZ]]></document>
		<document><![CDATA[@TransLink just pulled up. Thank you.]]></document>
		<document><![CDATA[@TransLink 10:10 bridgeport station #601?????]]></document>
		<document><![CDATA[sooo tired after my shift today..thank goodness @jonnystaub left his pillow here at reception!… https://t.co/uzwN58puhr]]></document>
		<document><![CDATA[#thecommute is he looking at me? did he see me take the pic? who is this #stormtrooper… https://t.co/CPokLFB64H]]></document>
		<document><![CDATA[Great night @pne_playland #frightnights with @virginradiovan listener Nara and her fam! :)… https://t.co/ZVMO9H6AHl]]></document>
		<document><![CDATA[@karen_surman why??? #bandwagoner who has only seen the post season and that guy do decent.]]></document>
		<document><![CDATA[@aqu1975 @TransLink haha yup!  #halloween not going as a driver just need those blue cargo pocket pants!]]></document>
		<document><![CDATA[@TransLink can I buy a pair of bus driver pants off you? how much?]]></document>
		<document><![CDATA[@TransLink I've noticed almost a lot of the 601's heading south are standing room only/full now will they be adding more? #newmall #thx]]></document>
		<document><![CDATA[@bchydro power out in Ladner! storms not here yet is it?  #BCStorm]]></document>
		<document><![CDATA[@patersonjeff @BlakePriceTSN get that kid on!]]></document>
		<document><![CDATA[On location prohockeylife_ all afternoon testing my slap shot! #pro#hockey #life… https://t.co/nfzWMkD8L2]]></document>
		<document><![CDATA[Booing an injured player OR throwing a full can of beer at a player? Which one is classier?  #baseball #bluejays #texas]]></document>
		<document><![CDATA[That's funny scotties #canadaline #murica https://t.co/VHPZB7Cl1R]]></document>
		<document><![CDATA[Our Plan worked remoonyourradio! #radiobrothers #samesame #notplanned #greatminds #radiolife… https://t.co/kV4zs01BwN]]></document>
		<document><![CDATA[@alexlovesburrs it's all the rain #seasonaldepression... If only the @Canucks played during the summer]]></document>
		<document><![CDATA[@mattsekeres Opened at 10am today.]]></document>
		<document><![CDATA[@mcletch @PaulChapman_ I gotta watch #tommyboy this weekend. Him running into the newly built fence at the start gets me everytime lol]]></document>
		<document><![CDATA[The @iHeartRadioCA APP Preview is out today!! Download the app now and get 200 + FREE FREE and FREE music channels to listen to! #free]]></document>
		<document><![CDATA[Welcome to the club Adam! #membersince2013 @mrspalliser can vouch for my membership https://t.co/ngNeteyaLE]]></document>
		<document><![CDATA[@glovesaveluongo totally not giving you a hard time brother haha just confused! Happy Friday Rosario!!! Happy Training Camp day!]]></document>
		<document><![CDATA[@glovesaveluongo @KevinCawthra  #impressed Money/material things mean nothing to u #loveit BUT u clearly love your phone a tonne!  #confused]]></document>
		<document><![CDATA[@glovesaveluongo So Bill Gates says here is a check for $1,000,000 just switch to samsung. you would say NO? don't buy it!]]></document>
		<document><![CDATA[@aussie_abroad15 I didn't even know about it! haha booo]]></document>
		<document><![CDATA[@Miss604 you gotta add @farmer_sharon https://t.co/Rt7KXNbBte … Or maybe not so more pumpkins for me! :)]]></document>
		<document><![CDATA[@Miss604 you gotta add https://t.co/Rt7KXNbBte Or maybe not so more pumpkins for me! :)]]></document>
		<document><![CDATA["After these messages, we'll be riiight back" did you sing it in the same tune I did? #WaybackWednesday]]></document>
	</documents>
</author>