<author lang="en">
	<documents>
		<document><![CDATA[I liked a @YouTube video https://t.co/VCZFydA5Km Ed Sheeran - Castle On The Hill [Official Video]]]></document>
		<document><![CDATA[I liked a @YouTube video https://t.co/CfCTplrfP2 Government admits Christchurch mental health clinic not ideal: RNZ Checkpoint]]></document>
		<document><![CDATA[I liked a @YouTube video https://t.co/BPNfEuRIbS Pike River survivor offers to enter mine saying he needs closure: RNZ Checkpoint]]></document>
		<document><![CDATA[I liked a @YouTube video from @planetshakers https://t.co/PjMFwOuY1d Planetshakers Online Church 10:00 am 22-Jan-2017]]></document>
		<document><![CDATA[I liked a @YouTube video https://t.co/ow150VGntr Troye Sivan - HEAVEN ft. Betty Who]]></document>
		<document><![CDATA[I liked a @YouTube video https://t.co/wNAAOGboTm "Greater" - ELEVATION WORSHIP]]></document>
		<document><![CDATA[I liked a @YouTube video https://t.co/2ikfIpII2V "Give My Life To You/Our King Has Come" - ELEVATION WORSHIP]]></document>
		<document><![CDATA[I liked a @YouTube video https://t.co/1sb9tOe5c9 Elevation Worship - Grace Like A Wave (Live)]]></document>
		<document><![CDATA[I liked a @YouTube video https://t.co/CyPrSZJymA Elevation Worship - O Come to the Altar (Live)]]></document>
		<document><![CDATA[I liked a @YouTube video https://t.co/RjirB4u0FX Elevation Worship - I Can't Believe (Live)]]></document>
		<document><![CDATA[I liked a @YouTube video https://t.co/qD3hcA5B2c Elevation Worship - Call Upon The Lord (Live)]]></document>
		<document><![CDATA[I liked a @YouTube video https://t.co/9yHpVMke7P Elevation Worship - Yahweh (Live)]]></document>
		<document><![CDATA[I liked a @YouTube video https://t.co/LVq962lqkA Elevation Worship - Resurrecting (Live)]]></document>
		<document><![CDATA[I liked a @YouTube video https://t.co/NQ2hvAj4i3 Elevation Worship - Here As In Heaven (Live)]]></document>
		<document><![CDATA[Just posted a photo @ Porirua, New Zealand https://t.co/k9wu1wCyx8]]></document>
		<document><![CDATA[Check out my ride on Strava: https://t.co/ko9f5tZUyi https://t.co/qiOXnGeihN]]></document>
		<document><![CDATA[Bomb low weather arrives in Wellington with 160kmh winds still on the way https://t.co/s4oLROyMKY]]></document>
		<document><![CDATA[I liked a @YouTube video https://t.co/6hOmnX7pGp Thinking Out Loud / I'm Not The Only One MASHUP (Sam Tsui &amp; Casey Breves)]]></document>
		<document><![CDATA[Psalms 119:1-2
   Blessed are those whose way is blameless, who walk in the law ... https://t.co/lL2nPIBDA6]]></document>
		<document><![CDATA[Luke 2:11
   For unto you is born this day in the city of David a Savior, who is... https://t.co/VU2i0nht0E]]></document>
		<document><![CDATA[Galatians 5:6
   For in Christ Jesus neither circumcision nor uncircumcision cou... https://t.co/n5seGIdows]]></document>
		<document><![CDATA[John 15:12
   "This is my commandment, that you love one another as I have loved... https://t.co/rUDTXmndtW]]></document>
		<document><![CDATA[Matthew 6:2
   "Thus, when you give to the needy, sound no trumpet before you, a... https://t.co/gdHoDzzMa2]]></document>
		<document><![CDATA[Galatians 6:1
   Brothers,if anyone is caught in any transgression, you who are spiritual should restore him #Bible https://t.co/n8o2ionDkr]]></document>
		<document><![CDATA[Matthew 9:13
   Go and learn what this means, 'I desire mercy, and not sacrifice... https://t.co/1hcCvutDjo]]></document>
		<document><![CDATA[Romans 16:17-18
   I appeal to you, brothers, to watch out for those who cause d... https://t.co/4qfnhOwEeo]]></document>
		<document><![CDATA[Ephesians 2:10
   For we are his workmanship, created in Christ Jesus for good w... https://t.co/3xCOURkGvW]]></document>
		<document><![CDATA[Hebrews 12:11
   For the moment all discipline seems painful rather than pleasan... https://t.co/xdquwX2Von]]></document>
		<document><![CDATA[Psalms 42:2
   My soul thirsts for God, for the living God. When shall I come an... https://t.co/j6gYn3jXES]]></document>
		<document><![CDATA[John 6:29
   Jesus answered them, "This is the work of God, that you believe in ... https://t.co/ki0CBWXexS]]></document>
		<document><![CDATA[Isaiah 7:14
   Therefore the Lord himself will give you a sign. Behold, the virg... https://t.co/4b3ll6CcbK]]></document>
		<document><![CDATA[Matthew 1:23
   "Behold, the virgin shall conceive and bear a son, and they shal... https://t.co/Qyzc3mfK6w]]></document>
		<document><![CDATA[Richie McCaw's mercy mission brings isolated Kaikoura residents Christmas gifts https://t.co/A5wan09LrM via @1NewsNZ]]></document>
		<document><![CDATA[Video: The largest cruise ship ever to visit our shores docks in Wellington https://t.co/iZoZXZtul3 via @1NewsNZ]]></document>
		<document><![CDATA[I liked a @YouTube video https://t.co/3dVJUyzTaq RNZ Checkpoint with John Campbell]]></document>
		<document><![CDATA[Isaiah 9:6
   For to us a child is born, to us a son is given; and the governmen... https://t.co/boOcMsiwmb]]></document>
		<document><![CDATA[E-prescribing set to make doctors' illegible handwriting a thing of the past https://t.co/KgaOz1UQHp via @1NewsNZ]]></document>
		<document><![CDATA[I liked a @YouTube video https://t.co/qBMg8pbWAU 25 Life Lessons I Learned In 25 Years]]></document>
		<document><![CDATA[I liked a @YouTube video https://t.co/7Ov6qQeOWO REVEALING MY NAKED MAGAZINE SHOOT &amp; DECEMBER FAVOURITES!]]></document>
		<document><![CDATA[I liked a @YouTube video https://t.co/S2PrytmEc0 [OFFICIAL VIDEO] God Rest Ye Merry Gentlemen - Pentatonix]]></document>
		<document><![CDATA[Micah 5:2
   But you, O Bethlehem Ephrathah, who are too little to be among the ... https://t.co/2W8k2YkRGu]]></document>
		<document><![CDATA[I liked a @YouTube video from @thecharlesgross https://t.co/ymNa2N92U9 GETTING SHADY AND PLANNING MY WEDDING]]></document>
		<document><![CDATA[I liked a @YouTube video https://t.co/Kmqjp0Ti6V SNOWBOARD &amp; JUJU ON THAT BEAT]]></document>
		<document><![CDATA[I liked a @YouTube video https://t.co/hIWUPj1ROC RNZ Checkpoint with John Campbell, Tuesday 20th December 2016]]></document>
		<document><![CDATA[I liked a @YouTube video https://t.co/BAyKZlM8s3 Auckland City Mission pleads for donations amid Xmas rush]]></document>
		<document><![CDATA[I liked a @YouTube video https://t.co/YbcjvLE88l Property owner criticises council's list for extra quake checks]]></document>
		<document><![CDATA[I liked a @YouTube video https://t.co/DFBKORN2Sy Checkpoint looks back on the stories from 2016 , part two]]></document>
		<document><![CDATA[I liked a @YouTube video https://t.co/rfIvuWL8vA Checkpoint looks back on the stories from 2016]]></document>
		<document><![CDATA[I liked a @YouTube video https://t.co/XserflXJ00 RNZ Checkpoint with John Campbell]]></document>
		<document><![CDATA[Save our clean, electric trains. Replacing them with old fashion polluting diesel ones is massive backward step.  https://t.co/TiAm6DHuxD]]></document>
		<document><![CDATA[Psalms 119:11
   I have stored up your word in my heart, that I might not sin ag... https://t.co/jtQRZZjfjE]]></document>
		<document><![CDATA[Isaiah 7:14
   Therefore the Lord himself will give you a sign. Behold, the virg... https://t.co/4b3ll6CcbK]]></document>
		<document><![CDATA[I liked a @YouTube video https://t.co/7WCnmxCRHO RNZ Checkpoint with John Campbell]]></document>
		<document><![CDATA[Galatians 6:8
   For the one who sows to his own flesh will from the flesh reap ... https://t.co/L70PPTWBhY]]></document>
		<document><![CDATA[Proverbs 18:2
   A fool takes no pleasure in understanding, but only in expressi... https://t.co/EpfrbIWx94]]></document>
		<document><![CDATA[I liked a @YouTube video https://t.co/O4FYEm6LDF The Chainsmokers - Closer (Lyric) ft. Halsey]]></document>
		<document><![CDATA[I liked a @YouTube video https://t.co/Ek85V3nzWE Shawn Mendes - Treat You Better]]></document>
		<document><![CDATA[I liked a @YouTube video from @charlieputh https://t.co/GuCZcJMHaD Charlie Puth - We Don't Talk Anymore (feat. Selena Gomez) [Official]]></document>
		<document><![CDATA[I liked a @YouTube video from @charlieputh https://t.co/Hu4lWxcHQk Charlie Puth - Dangerously [Official Video]]]></document>
		<document><![CDATA[Ranking the 24 best #Netflix original series https://t.co/SQ4iSfQwu4 via @UPROXX]]></document>
		<document><![CDATA[I liked a @YouTube video https://t.co/QutrhVZktZ NZ RailAction - 1000th Subscriber Special (HD)]]></document>
		<document><![CDATA[Hebrews 13:5
   Keep your life free from love of money, and be content with what... https://t.co/ATqN7Fz6Ke]]></document>
		<document><![CDATA[In their own words: 'Christmas will be hard' but, best gift you can give Kaikoura is to pay us a visit https://t.co/NpUMgGzzSG via @1NewsNZ]]></document>
		<document><![CDATA[I liked a @YouTube video https://t.co/aRl9PCGnxG RNZ Checkpoint with John Campbell]]></document>
		<document><![CDATA[Proverbs 18:21
   Death and life are in the power of the tongue, and those who l... https://t.co/lPxWg4CRxq]]></document>
		<document><![CDATA[I liked a @YouTube video https://t.co/2Z7hIwu6ij Finishing touches being put on $1 4b Auckland Waterview Connection tunnels]]></document>
		<document><![CDATA[I liked a @YouTube video https://t.co/AZlKF3MSV0 RNZ Checkpoint with John Campbell]]></document>
		<document><![CDATA[@ItsTroyYoung @__ChaseYoung You two are a beautiful couple! I wish you all the happiness in the world! :)]]></document>
		<document><![CDATA[Luke 18:27
   But he said, "What is impossible with men is possible with God."]]></document>
		<document><![CDATA[@nz_voter Yeah - especially given that we're 1 parking building down after the earthquake, eh? :(]]></document>
		<document><![CDATA[@nz_voter Only after he has entered it and left it.]]></document>
		<document><![CDATA[Amos 5:24
   But let justice roll down like waters, and righteousness like an ev... https://t.co/DT9OwcDNF9]]></document>
		<document><![CDATA[@jamespeshaw @SamSachdevaNZ @jmodoh @JennaRaeburn That'd be hot in Summer, wouldn't it?]]></document>
		<document><![CDATA[I liked a @YouTube video https://t.co/hWpPjU7yqR 100 LAYERS OF KISSES]]></document>
		<document><![CDATA[I liked a @YouTube video https://t.co/038aggNhbU We're Back On YouTube!]]></document>
		<document><![CDATA[I liked a @YouTube video from @tomdaley1994 https://t.co/Q1GcCGxICQ WE WERE LIBERATED!]]></document>
		<document><![CDATA[I liked a @YouTube video from @tomdaley1994 https://t.co/BKcW0e4VjF CENTRAL PARK NAPS ARE THE BEST!]]></document>
		<document><![CDATA[I liked a @YouTube video from @thecharlesgross https://t.co/Bm9wLxt9CT GOING ON A GAY HOOKUP!]]></document>
		<document><![CDATA[I liked a @YouTube video from @thecharlesgross https://t.co/CcLyhVw5eO WORST SEX EVER! | Grindr Storytime]]></document>
		<document><![CDATA[I liked a @YouTube video from @tydelevi https://t.co/HtJ3LM12bW Did I Come Out?]]></document>
		<document><![CDATA[I liked a @YouTube video from @tomdaley1994 https://t.co/qEBlrsvWaW Taking Lance out of his comfort zone!]]></document>
		<document><![CDATA[I liked a @YouTube video from @tomdaley1994 https://t.co/HpNVcaMSUD SEX AND THE CITY!...(with some LGBT history)]]></document>
		<document><![CDATA[I liked a @YouTube video https://t.co/bE7hrvRirc Bill English is New Zealand's new PM]]></document>
		<document><![CDATA[I liked a @YouTube video https://t.co/j7128Bt573 West Coast to Wellington - Pike River Protest]]></document>
		<document><![CDATA[I liked a @YouTube video https://t.co/oldTyIb0JS Paula Bennett in early lead for deputy role: RNZ Checkpoint]]></document>
		<document><![CDATA[I liked a @YouTube video https://t.co/cXncsQ6GQH WINZ paying $2,300 to house family in motel while they wait for state house]]></document>
		<document><![CDATA[I liked a @YouTube video https://t.co/bx6X8zgpW9 RNZ Checkpoint with John Campbell]]></document>
		<document><![CDATA[I liked a @YouTube video https://t.co/tswFI1bh3p Vicki McKay announces #eqnz]]></document>
		<document><![CDATA[Proverbs 16:25
   There is a way that seems right to a man, but its end is the w... https://t.co/EiWgFlRgca]]></document>
		<document><![CDATA[I liked a @YouTube video from @2cellos https://t.co/RcY3s52HwI 2CELLOS - Highway To Hell feat. Steve Vai [OFFICIAL VIDEO]]]></document>
		<document><![CDATA[I liked a @YouTube video from @travisbryantnyc https://t.co/852do0U4zn GIVING MY 'BOYFRIEND' HIS CHRISTMAS PRESENT]]></document>
		<document><![CDATA[I liked a @YouTube video https://t.co/tXz0mM42HW In Bed With Matt and Blue]]></document>
		<document><![CDATA[I liked a @YouTube video https://t.co/66YJCeOlaT WHEN GUYS ASK TOP OR BOTTOM]]></document>
		<document><![CDATA[I liked a @YouTube video https://t.co/4zdxgeyfQy MY COMING OUT STORY]]></document>
		<document><![CDATA[Stop @Statoil and @Chevron seismic blasting for oil in NZ's oceans https://t.co/zbjTcazhNd #ClimateAction via @GreenpeaceNZ]]></document>
		<document><![CDATA[New Zealand's new PM does u-turn on marriage equality https://t.co/O1vBwni88W]]></document>
		<document><![CDATA[I liked a @YouTube video from @slyth66 https://t.co/PhlOd0IUQa COMING OUT (Part 2) - When Did I Know I Was Gay?]]></document>
		<document><![CDATA[I liked a @YouTube video from @slyth66 https://t.co/wHYbWNx83p COMING OUT TO MY PARENTS &amp; THE INTERNET]]></document>
		<document><![CDATA[I liked a @YouTube video https://t.co/o6IoREYvNh King of Kings – Unwrapping Christmas – Ps John Cameron]]></document>
		<document><![CDATA[I liked a @YouTube video from @ashleymardell https://t.co/IVj8sp7ihe BINDING muh boobies. (featuring Nick Camryn!)]]></document>
	</documents>
</author>