<author lang="en">
	<documents>
		<document><![CDATA[I've had such a good day]]></document>
		<document><![CDATA[It's so shit having no one to talk to ngl]]></document>
		<document><![CDATA[Has shotts won the treble hmm naw, have I ehh aye, up yeez]]></document>
		<document><![CDATA[Is it the reebok or the nikes]]></document>
		<document><![CDATA[@Androoooo_x phone childline*]]></document>
		<document><![CDATA[If you get blocked it means you've won]]></document>
		<document><![CDATA[Canny wait for Malia ✈️]]></document>
		<document><![CDATA[A nutmegged Jamie wae a medicine ball]]></document>
		<document><![CDATA[Kyle bought me a Versace tshirt for ma birthday got to love ma best pal]]></document>
		<document><![CDATA[Who the fuck are shotts up eh burny]]></document>
		<document><![CDATA[Sleeping since half 5 yesterday night never had a better sleep]]></document>
		<document><![CDATA[@jacobskeldon dunno if I should say ta or be ashamed of that photo :/]]></document>
		<document><![CDATA[@Robynbishopx thanks x]]></document>
		<document><![CDATA[@davidhendry_4 so what you're trying to say is that you want to see me 👀]]></document>
		<document><![CDATA[@Grum1874 cheers mate, stay  protestant]]></document>
		<document><![CDATA[1-2-3 to the 4 snoop doggy dog and Dr Dre is at the door]]></document>
		<document><![CDATA[I've never met a lassie with good patter]]></document>
		<document><![CDATA[@Grum1874 nah there's now two n ones wearing a Pokemon top]]></document>
		<document><![CDATA[Nah there's a goth in the gym]]></document>
		<document><![CDATA[@roninwatt51 whits wae that patter]]></document>
		<document><![CDATA[@Grum1874 waiting on scran you?]]></document>
		<document><![CDATA[@Grum1874 you've got me there]]></document>
		<document><![CDATA[@Grum1874 you tweet some shite mate]]></document>
		<document><![CDATA[Got to be having a laugh https://t.co/Twe3TDfwr3]]></document>
		<document><![CDATA[@MeganCarmody12 tbh I don't  know myself 👀]]></document>
		<document><![CDATA[In R.E today the whole class heard what Aaron supposedly done on nye hahaha]]></document>
		<document><![CDATA["Here I go again on my own, going down the only road I've ever known".]]></document>
		<document><![CDATA[Always stay one up]]></document>
		<document><![CDATA["it's ok to cheat on ugly birds but when you're punching that's a big no no"]]></document>
		<document><![CDATA[Some folk do really just chat shite to cover up what they've done wrong]]></document>
		<document><![CDATA[2017 and my Granda is just get wifi]]></document>
		<document><![CDATA[@roninwatt51 luv the xxl t shirt https://t.co/C7KZAB9iIv]]></document>
		<document><![CDATA[Not having money is the worst thing ever]]></document>
		<document><![CDATA[@0141oanwan 18 in 1 year and 14 days]]></document>
		<document><![CDATA[@realjambolad74 @Grum1874 @KieranTant the Glasgow Celtic way]]></document>
		<document><![CDATA[@realjambolad74 @Grum1874 @KieranTant that's a wee bit gay but if that's what your into ......]]></document>
		<document><![CDATA[@realjambolad74 @Grum1874 @KieranTant fuck yer pope n yer hertz n wee jay]]></document>
		<document><![CDATA[Is it too early for Christmas songs?]]></document>
		<document><![CDATA[Watching the rangers game back and seeing how stupid Danny Wilson is and James Tavernier is for there 2 goals]]></document>
		<document><![CDATA[@davidhendry_4 don't then]]></document>
		<document><![CDATA[Some folk actually think you're glued up the back yer a slag end off]]></document>
		<document><![CDATA[Wee jays still alive fuck 2017]]></document>
		<document><![CDATA[No way did kyle just grab ma hand n started singing half way there hahaha]]></document>
		<document><![CDATA[Wee moncler jacket n Gucci cap no bad wee day]]></document>
		<document><![CDATA[Nothing better than having someone there for ye :))]]></document>
		<document><![CDATA[The only way 2017 can be better than 2016 is if Chris Sutton dies]]></document>
		<document><![CDATA[@Robynbishopx you're ugly as fuck so be great full]]></document>
		<document><![CDATA[@davidhendry_4 and you're gonna be with me :)]]></document>
		<document><![CDATA[Towel boy]]></document>
		<document><![CDATA[This time next week I'll be deed]]></document>
		<document><![CDATA[What a fucking embarrassment]]></document>
		<document><![CDATA[Ho ho ho it's magic you know wee jays a fucken spastic]]></document>
		<document><![CDATA[I hate people who think they know who I am and know everything about me]]></document>
		<document><![CDATA[@0141oanwan keep you're head up wee man]]></document>
		<document><![CDATA[Fat as fuck sir]]></document>
		<document><![CDATA[Happy Thursday]]></document>
		<document><![CDATA[Some people retweet so much shit]]></document>
		<document><![CDATA[Can Friday please hurry up so I get two weeks off]]></document>
		<document><![CDATA[Glad all over is number 1 in the charts "we've got 👏🏽 Joey Garner"]]></document>
		<document><![CDATA[Another terror attack, at least 9 dead and 50+ injured as a truck ploughs into a Christmas market in Berlin.]]></document>
		<document><![CDATA[I can't go to bed without having a cup of tea I'm such a weirdo]]></document>
		<document><![CDATA[2016 - The year Joe Garner gave me hope]]></document>
		<document><![CDATA[Who shagged aw the boys - Celtic boys]]></document>
		<document><![CDATA[A fucking hate when people try and help about something they have no clue in or try and be there for you it's so fucken annoying]]></document>
		<document><![CDATA[Anyone else want to get fucked naw]]></document>
		<document><![CDATA[@Grum1874 @LukeSinclair98 On the graft with one of the seven dwarfs from Snow White]]></document>
		<document><![CDATA[I swear I'm the just like the Grinch]]></document>
		<document><![CDATA[It's magic you know wee jay won't see 10 in a row]]></document>
		<document><![CDATA[I can't be the only one who thinks "love" is a load ae baws]]></document>
		<document><![CDATA[Who puts pineapple on pizza ew]]></document>
		<document><![CDATA[Chinese, bed n listening to Robbie Williams canny beat a quiet Friday]]></document>
		<document><![CDATA[@cxmmy__ I'm inti that]]></document>
		<document><![CDATA[I swear kyle likes every possible birds photo on Instagram man]]></document>
		<document><![CDATA[@davidhendry_4 you're a bastard man]]></document>
		<document><![CDATA[Imagine picking someone you don't know over blood, who says family is all you need load ae shit]]></document>
		<document><![CDATA[Do you like the Rangers? I like the Rangers]]></document>
		<document><![CDATA[Canny beat a wee bevy wae Funston]]></document>
		<document><![CDATA[Rangers are pish sir]]></document>
		<document><![CDATA[Chris Sutton no deed yet]]></document>
		<document><![CDATA[@davidhendry_4 thanks for letting us know]]></document>
		<document><![CDATA[Sick n tired]]></document>
		<document><![CDATA[Happy days, up eh bburn]]></document>
		<document><![CDATA[@Grum1874 sound san, ewan put scran on btw]]></document>
		<document><![CDATA[@Grum1874 I am indeed you coming up]]></document>
		<document><![CDATA[Canny beat a bit ae Robbie Williams]]></document>
		<document><![CDATA[It's a flying cdt project in the dicks gaff]]></document>
		<document><![CDATA[Years go by "friendships" never die]]></document>
		<document><![CDATA[Chocolate orange ice cream is pure shite]]></document>
		<document><![CDATA[#TheApprentice https://t.co/N72l6SXrll]]></document>
		<document><![CDATA[Tonight was too cold to be playing football likeee]]></document>
		<document><![CDATA[Ehhh whit canny believe there's no T next year :(]]></document>
		<document><![CDATA[Make yer own luck]]></document>
		<document><![CDATA[What's the story morning glory??]]></document>
		<document><![CDATA[I dinny like change, everything has to stay the same :/]]></document>
		<document><![CDATA[Never been so happy to see my house, bed time]]></document>
		<document><![CDATA[Just me that loves getting my hair cut]]></document>
		<document><![CDATA[Why do my pals have to be shite n no want to go out :/]]></document>
		<document><![CDATA[Bored shitless]]></document>
		<document><![CDATA[@0141oanwan "game got called of this morning"]]></document>
		<document><![CDATA[@0141oanwan it's been called off ya mongo]]></document>
	</documents>
</author>