<author lang="en">
	<documents>
		<document><![CDATA[Jesus is quality what a player!!]]></document>
		<document><![CDATA[@xemilyp terrible meme 0/10 would not recommend to a friend]]></document>
		<document><![CDATA[@amzzfoster can you DM me the vid of Corey😂😂]]></document>
		<document><![CDATA[@ShannonLouiseWx @EpicCoreyWynne it's alright it was fucking funny😂😂😂😂]]></document>
		<document><![CDATA[@ShannonLouiseWx yeah, he's @EpicCoreyWynne 😂😂😂 proper minging his arse was😂😂😂]]></document>
		<document><![CDATA[@GethinBarlow hope they at least get paid for it🙄]]></document>
		<document><![CDATA[@GethinBarlow minging isn't it😷 wouldn't like to meet anyone who's been on it😷😷]]></document>
		<document><![CDATA[@Dan_Whitfield1 @RossPazza13 @frazer_baker3 @amzzfoster @GethinBarlow @EpicCoreyWynne @AlexHalton absolutely wrecked😂😂😂 fuck me!]]></document>
		<document><![CDATA[@amzzfoster  @frazer_baker3 @Dan_Whitfield1 @RossPazza13 @GethinBarlow What a state Corey was😂😂😂]]></document>
		<document><![CDATA[Why can't we play like this every week??]]></document>
		<document><![CDATA[Fuck we're playing well tonight #MCFC]]></document>
		<document><![CDATA[@emilyjnes you can't STUMP the TRUMP]]></document>
		<document><![CDATA[This is why you should smack your kids https://t.co/Jbg4oyPI6U]]></document>
		<document><![CDATA[@Griffee1 quality news article😂😂😂😂 slow news day was it?? https://t.co/ICCPxi5vfk]]></document>
		<document><![CDATA[@jamesjones598 @EastenderReacts 😂😂😂 absolutely Phil mitchel'd]]></document>
		<document><![CDATA[Cannot wait to get our arse handed to us from spurs😋😋]]></document>
		<document><![CDATA[HAHHAHAHHA of fucking course lads like he's a fucking source😂 https://t.co/CrhMu4ixaT]]></document>
		<document><![CDATA[@frazer_baker3 Corey took a gamble...and apparently had a 1/6 chance of getting something half decent...]]></document>
		<document><![CDATA[@frazer_baker3 OI lad, have you heard?]]></document>
		<document><![CDATA[@emilyjnes idk but we can hope]]></document>
		<document><![CDATA[@emilyjnes yeah loads of people missed it!!]]></document>
		<document><![CDATA[@ohbianca1 it provided very secure closure to the series, for the time being anyway]]></document>
		<document><![CDATA[@emilyjnes @jampip was at the end of the episode, could be hinting at next series]]></document>
		<document><![CDATA[@ohbianca1 that's because it isn't... https://t.co/W5ICRNjdrM]]></document>
		<document><![CDATA[@slater1_chloe was perfection! One of the best episodes, it was so good and so clever and I'm so glad it's not the end!!]]></document>
		<document><![CDATA[YES, THIS HAS MADE MY YEAR!!! #SherlockFinale #Sherlock https://t.co/YPx62uzyzy]]></document>
		<document><![CDATA[@ItsEllieHere we will be waiting a lot longer but there will be another series! Glad that last episode gave us closure for the time being]]></document>
		<document><![CDATA[@ItsEllieHere the ending provided very strong closure but that isn't it, there's at least 1 more series]]></document>
		<document><![CDATA[@ItsEllieHere it's not the end, don't worry]]></document>
		<document><![CDATA[#Sherlock was unreal!! #SherlockFinale]]></document>
		<document><![CDATA[@thePokerWire @Dusk_Till_Dawn_ @PokerJooJoo that makes me feel physically ill]]></document>
		<document><![CDATA[@Anythingbatch @emilyjnes listen to mycroft, I'm 100% it's the dog]]></document>
		<document><![CDATA[@SamuelHBlack wow, they need to be sacked😂]]></document>
		<document><![CDATA[@AdamGeorgeh teasers are quality and easily the best but bountys are fucking grimmmm]]></document>
		<document><![CDATA[@AdamGeorgeh id rather chew on a tramps bollok than eat a bounty]]></document>
		<document><![CDATA[@theipaper 😂😂😂😂 slow news day??]]></document>
		<document><![CDATA[@FootyAccums red plates?!?!]]></document>
		<document><![CDATA[@AccaTrackerTM Got it today lads, cheers!! https://t.co/jkuMM1quHf]]></document>
		<document><![CDATA[@xemilyp max payout is £250,000 from sky, and sky bet wasn't even around in 2014 😂😂😂]]></document>
		<document><![CDATA[@xemilyp @TheOddsBible it's fake af]]></document>
		<document><![CDATA[@FootbaIINews_ @FootyHumour a fucking cunt, saved a click]]></document>
		<document><![CDATA[Still find it mad thinking my mum once went out with @AdamWoodyatt 😳😳]]></document>
		<document><![CDATA[@AccaTrackerTM yeah not a problem, cheers lads👍]]></document>
		<document><![CDATA[@AccaTrackerTM Man city retro long sleeve, present for my dad thanks to this offer!!]]></document>
		<document><![CDATA[@AccaTrackerTM yeah have done lads cheers]]></document>
		<document><![CDATA[@Coral Hey, I've created an account and bet a tenner, how do I get the code, thanks https://t.co/LvYd5VGOPi]]></document>
		<document><![CDATA[@FootyAccums created an account and put the tenner bet on, when do I receive the code??]]></document>
		<document><![CDATA[@AccaTrackerTM Created and account and bet a tenner, when do I get the code??]]></document>
		<document><![CDATA[The absolute state of Arsenal fan TV 😂😂😂😂]]></document>
		<document><![CDATA[@dickndom ties the whole prequels and sequels together]]></document>
		<document><![CDATA[@Kinkladze_  he's just a sick cunt]]></document>
		<document><![CDATA[@MILLIEMCBRIDExx all you're gonna miss is 87% possession and 15 shots on target, but Watford will counter attack and score, typical city]]></document>
		<document><![CDATA[Best purchase I've made all year https://t.co/JYvr5YrB1s]]></document>
		<document><![CDATA[@frazer_baker3 nearly 2 years ago xx]]></document>
		<document><![CDATA[@jaaydad he was decent at Barca but fuck me he has been shocking these past few games]]></document>
		<document><![CDATA[Rated Bravo when he first came to City but now starting to have doubts..]]></document>
		<document><![CDATA[One more Liverpool please🙏🙏]]></document>
		<document><![CDATA[@aaronst1997 Liverpool having a laugh or what]]></document>
		<document><![CDATA[JUST FUCK OFFFFF]]></document>
		<document><![CDATA[@aaronst1997 hope he terrorises the back 4]]></document>
		<document><![CDATA[@aaronst1997 I swear lad they better not let me down, haven't had a winner for weeks]]></document>
		<document><![CDATA[If Liverpool ruin my Acca I'm gonna be sick]]></document>
		<document><![CDATA[@xemilyp probably is the fucking fraud]]></document>
		<document><![CDATA[@xemilyp nice Rolex that like]]></document>
		<document><![CDATA[@FootyAccums Man City goal in first half off😢😢😢 https://t.co/1TV5w3j6f9]]></document>
		<document><![CDATA[WHAT A LOAD OF BOLLOKS]]></document>
		<document><![CDATA[@paddypower @TheNotoriousMMA love a bit of paddy clickbait👌]]></document>
		<document><![CDATA[@Dan_Whitfield1 @RossPazza13 fucking hell Ross smh]]></document>
		<document><![CDATA[City, please batter these Celtic scumbags]]></document>
		<document><![CDATA[@O2 Cardiff #JoinTheRebellion]]></document>
		<document><![CDATA[@WilliamKassouf sick af unlucky lad, still hit the money big time tho👍 #9highlikeaBoss #heartofalion]]></document>
		<document><![CDATA[@Rossmac212 @1cornishblue some blokes gonna come and lamp it in a minute]]></document>
		<document><![CDATA[@chloe_simpson_ 😂😂😂 what a throwback!!]]></document>
		<document><![CDATA[@marathonbet easily]]></document>
		<document><![CDATA[@AdamTheBlampied were you in Cardiff today, I'm sure I saw you]]></document>
		<document><![CDATA[@jamesjones598 @MeninistTweet honestly watched it about 20 times funniest shit I've ever seen😂😂😂😂😂]]></document>
		<document><![CDATA[@Gxndogan Christ some Sherlock Holmes shit that! Proper weird story this, cheers lad!]]></document>
		<document><![CDATA[@Gxndogan fucking weird bastard😂 how did the account get rumbled?!]]></document>
		<document><![CDATA[@Gxndogan still don't know what it's all about, what's happened?!]]></document>
		<document><![CDATA[@SkyBet the scorecards were 47-47, 47-47, 48-47 Woodley, that counts as a draw?!]]></document>
		<document><![CDATA[@SkyBet why haven't I been paid out?? https://t.co/MJQQoMNDAS]]></document>
		<document><![CDATA[From a PR stand point Trump is a fucking genius... https://t.co/scTa4UsVMe]]></document>
		<document><![CDATA[Anyone who votes Trump is a fucking idiot, simply because if Hilliary wins I get £150 from PaddyPower #USElections2016]]></document>
		<document><![CDATA[@lewisjennerrr fucking is when you beat Barca at home 3-1💜💜💜]]></document>
		<document><![CDATA[Rekon we're gonna get lethered again tonight😭]]></document>
		<document><![CDATA[@djwskyblu having a laugh aren't you😂😂😂😂😂]]></document>
		<document><![CDATA[City fans, we might be going through a rough period but it could be worse, could be a red]]></document>
		<document><![CDATA[Fucking unreal]]></document>
		<document><![CDATA[Ched Evans cleared!!!! #JusticeForChed]]></document>
		<document><![CDATA[@jonahtyne26 and a packet of Wotsits is my final offer]]></document>
		<document><![CDATA[@frazer_baker3 absolute Brickwall👌]]></document>
		<document><![CDATA[@EE I've got a £10 everything pack with 43 mins left but can't ring anyone coz it says I need to top up, help!]]></document>
		<document><![CDATA[I know it's ironic coming from a City fan but fuck me there's like no one in the stadium😶]]></document>
		<document><![CDATA[Come on city💜💜💜]]></document>
		<document><![CDATA[@TechnicianMusic worst feeling in the world isn't it, imagine if it was real money😔]]></document>
		<document><![CDATA[@_J4lex it's facking popcorn sassy]]></document>
		<document><![CDATA[Thank fuck I'm leaving in 6 hours, can't wait]]></document>
		<document><![CDATA[FUCK ME WHY ARE THERE SO MANY MOTHS IN MY ROOM???]]></document>
		<document><![CDATA[@BBCSporf @jamesjones598 @bongi10r how the fuck]]></document>
		<document><![CDATA[@ChedEvans09 only a quid, what do you rekon lad? https://t.co/HjKoFCgRp5]]></document>
	</documents>
</author>