<author lang="en">
	<documents>
		<document><![CDATA[@stormchas4 yeah.. I deleted it. Hard to say for sure I guess.]]></document>
		<document><![CDATA[@pozole I deleted it will wait for other confirmation if there is]]></document>
		<document><![CDATA[@stormchas4 even for him it's kind of hard to believe. but the business tycoon world doesn't do diplomacy like gov.]]></document>
		<document><![CDATA[@srmullens CC covers many things of course, but the chorus from CC folks has been a bit myopic. not his primary duty for one.]]></document>
		<document><![CDATA[@majackmom certainy possible he's more pro oil than many would like but that's a small aspect of job.]]></document>
		<document><![CDATA[@majackmom not sure I'm that bothere by the Russia ties.. think the award stuff was blown out of proportion at least.]]></document>
		<document><![CDATA[@shawnmilrad maybe they'll get a divorce.. we need more excitement!]]></document>
		<document><![CDATA[@shawnmilrad yeah that is a risk. but still.. the few folks who are actually worthy are a plus.]]></document>
		<document><![CDATA[Tillerson will probably be a good Secretary of State. Which will undoubtedly really piss off the one-issue people.]]></document>
		<document><![CDATA[@philliefan_99 I dunno. Also the tax day march. So I guess possibly three weekends in a row..]]></document>
		<document><![CDATA[So the scientist march is a week before the climate march? Know why but should be more spaced out.]]></document>
		<document><![CDATA[Speculative Twitter is the only Twitter.]]></document>
		<document><![CDATA[@JustinFleenor imagined radio traffic in my head. :p]]></document>
		<document><![CDATA[@davecwarren I dunno. It might blunt it. There is fortunately a lot to be outraged about. But I'm still not sold this generation is cut out.]]></document>
		<document><![CDATA[@Questsnow which school?]]></document>
		<document><![CDATA[The whale is loose.]]></document>
		<document><![CDATA[Draft notice to Iran: "Hey guys, us launching  war against you would be ridiculously poor judgment. Thanks."]]></document>
		<document><![CDATA[@pammiekate @davecwarren want to choose battles that can be won. this is a long road.. people are going to get tired.]]></document>
		<document><![CDATA[@amosmagliocco yeah it does. for now staying fired up is good. but gotta choose wisely.. it's going to be tiring.]]></document>
		<document><![CDATA[This explanation is getting old. https://t.co/AQcIHm4QTw https://t.co/843x8IMGN1]]></document>
		<document><![CDATA[@amosmagliocco Gorsuch or Trump? I'd hope so on the latter. :p]]></document>
		<document><![CDATA[@amosmagliocco also yes. what a mess they are. bleh.]]></document>
		<document><![CDATA[@amosmagliocco either way it seems it would be worth saving the extreme for the next one.]]></document>
		<document><![CDATA[@amosmagliocco yep. although it would be nice if they could come to some sort of deal about the next one.. although the GOP is on a high.]]></document>
		<document><![CDATA[@amosmagliocco yeah. I mean I'd have hoped for a centrist but that was a pipe dream based on what we've seen so far.]]></document>
		<document><![CDATA[@amosmagliocco US politics is not my thing so I may be offbase. I am just assuming he will get through one way or another.]]></document>
		<document><![CDATA[The comments. Sensibility has no place in #merica, y'all. https://t.co/875x37Vn3g]]></document>
		<document><![CDATA[@VORTEXJeff euro was quite different too compared to 12z.]]></document>
		<document><![CDATA[@VORTEXJeff #wedgefest cancel?]]></document>
		<document><![CDATA[@mattlanza appears to be overlowing at the moment.]]></document>
		<document><![CDATA[@angelafritz yes. I think you were OK since that day wasn't over yet.]]></document>
		<document><![CDATA[Today's my 11th anniversary of arriving in the swamp.]]></document>
		<document><![CDATA[@Kat_Cr yeah pretty much on all counts. save the extreme option for something else later.. especially if it might not work anyway.]]></document>
		<document><![CDATA[@WxDeFlitch yeah.. can't not come out there. :p wish it could be all spring.]]></document>
		<document><![CDATA[@chris624wx heh yeah was thinking about that too.. going to Ft Lauderdale that day. could be bumpy.]]></document>
		<document><![CDATA[@AaronWxDavis yeah maybe. he just seems driven by too many extreme forces. but yes this pick isn't terrible IMO. odd quote tho.]]></document>
		<document><![CDATA[@WxDeFlitch would be pretty early for that area but not impossible. can't wait.. need distraction. few more weeks..]]></document>
		<document><![CDATA[@Kat_Cr yeah--don't agree with everything I've heard but he seems like a good choice for what he is. but everyone likes to fight.]]></document>
		<document><![CDATA[@WxDeFlitch yeah interesting. skipped right by it earlier. this season is going to be a long one. :p]]></document>
		<document><![CDATA[@landon1988 that's my game. but a lot of people don't.]]></document>
		<document><![CDATA[This is fine. https://t.co/KXWlvcRxbH]]></document>
		<document><![CDATA[@islivingston update: found a tor sounding in VA at 1a on Feb 9.]]></document>
		<document><![CDATA[At least they can't blow up the world or anything. https://t.co/jqtHV44bXM]]></document>
		<document><![CDATA[@davecwarren I can see it from a 'momentum' angle but it's going to be a long and tiring fight.]]></document>
		<document><![CDATA[@alilmascara there's not a lot to gain either way except keeping people motivated.]]></document>
		<document><![CDATA[@alilmascara well I was also thinking potential for another SC choice under Trump. That could be the one they have to go nuclear.]]></document>
		<document><![CDATA[That's a beaut.  #lolgfs #predawnfebwedges https://t.co/ie0Q5f6gAY]]></document>
		<document><![CDATA[@whatisthisrds I hope. If Trump ends up successful it changes the whole dynamic I'm sure. Knew this nom would help there too.]]></document>
		<document><![CDATA[@epicciuto @paulythegun yeah sessions should not be AG. bleh. If they can't come to their senses on DeVos who knows what they can on.]]></document>
		<document><![CDATA[@paulythegun yeah there are all sorts of things to consider...]]></document>
		<document><![CDATA[@jimmyc42 that could be it. I mean there is some "positive" for keeping the #resistance stuff going strong.. but otherwise.. bleh.]]></document>
		<document><![CDATA[@paulythegun I guess.. this is not my area at all. Seems if they have to go big it would be better to wait for the next one.]]></document>
		<document><![CDATA[@whatisthisrds in theory. the republicans don't seem very honorable these days as a whole.]]></document>
		<document><![CDATA[@paulythegun yeah that's true.]]></document>
		<document><![CDATA[@shawnmilrad throwing oneself on a sword is admirable if it accomplishes something. this seems it would not.]]></document>
		<document><![CDATA[The last thing we need is a different story about everything bothering Pelosi.]]></document>
		<document><![CDATA[Dems need to play more long game. Value in shutting down Gorsuch same value that made Hillary president. Other battles to be fought.]]></document>
		<document><![CDATA[@FonHom @RyanMaue @paulythegun I mean the dems. It doesn't change the old makeup.. there might be another SC battle in the future.]]></document>
		<document><![CDATA[@RyanMaue @paulythegun no doubt that assumption on Hillary didn't help. My hot take is they should probably focus on other battles.]]></document>
		<document><![CDATA[@paulythegun I never really understood why Obama didn't just force it. or was there absolutely no way?]]></document>
		<document><![CDATA[@donkeydownburst he makes a great useful idiot. vomit inducing.]]></document>
		<document><![CDATA[Seems the prez and the religious right came to some sort of blood deal. Politics eh.]]></document>
		<document><![CDATA[@mracton I will not be watching.]]></document>
		<document><![CDATA[Obama was such a wimp. https://t.co/fVChrIxRDO]]></document>
		<document><![CDATA[@shawnmilrad Twitter has done great things for rampant paranoia.]]></document>
		<document><![CDATA[Quality journalism. Need more, agree with people in focus or not. If you don't agree, still need to understand. https://t.co/feijwUgeag]]></document>
		<document><![CDATA[@Indyweather24 lol. hoping we don't cross paths instead I think.]]></document>
		<document><![CDATA[@islivingston this is actually still doing OK I think. #shruggie. Feb wedgefest. https://t.co/iRtMCHL92g]]></document>
		<document><![CDATA[DC had 8 freezes in Jan. Ties for 3rd least in mo, with the Super Nino Jan of 1998. 500mb composite of yrs &lt; 10 vs… https://t.co/SqKEM7Y4hj]]></document>
		<document><![CDATA[DC finishes January 2017 with an average temperature of 42.1 degrees, or 6.1 degrees above normal for the month.]]></document>
		<document><![CDATA[January 2017 torchfest. https://t.co/B5l96FxVsI]]></document>
		<document><![CDATA[@islivingston also guess when I'll be in FL. thankfully it's the #lolgfs.]]></document>
		<document><![CDATA[Twitter! https://t.co/2IPz1wZlYk]]></document>
		<document><![CDATA[@AlexCKaufman @mattgaetz we do have to be most worried about these emboldened grandstanding weirdos.]]></document>
		<document><![CDATA[DC gained 32 min of evening light in Jan. First 5:30p or later sunset is tomorrow, with another 30 minutes gained in Feb. #springiscoming]]></document>
		<document><![CDATA[@shawnmilrad What are things that shouldn't be stated publicly for 500.]]></document>
		<document><![CDATA[@tambouret that's what I'm afraid of. ;)]]></document>
		<document><![CDATA[@derosa55_lynn @eddieamador they don't have to run it.]]></document>
		<document><![CDATA[Why are the networks going with a prime time viewing of a SCOTUS pick? Admin claims it's happy being its own media. Let them when needed.]]></document>
		<document><![CDATA[@Indyweather24 imagine Bentley would lose his shit. My first sign of bobcat.]]></document>
		<document><![CDATA[@puckwx pretty good if your first try.]]></document>
		<document><![CDATA[I'm definitely within bobcat range of the zoo. https://t.co/UYiQS3DaEb]]></document>
		<document><![CDATA[@landon1988 it sucks to wait but it's worth it. Someday I'll fly out and chase a great April setup or whatever...]]></document>
		<document><![CDATA[@landon1988 nothing like some eastern OK into AR #speedwedges]]></document>
		<document><![CDATA[@rms5539 I thought the potential driving hazard advisory was going bigly for a second.]]></document>
		<document><![CDATA[@Pchazz12 silly warm sector for that kind of trough. maybe we'll beat the last one on numbers. ;)]]></document>
		<document><![CDATA[@Pchazz12 that CAPE too tho. and Euro often runs low on that at range.]]></document>
		<document><![CDATA[Seems to be a growing signal for the potential of another significant severe weather event in about a week. https://t.co/AcghVyQIvi]]></document>
		<document><![CDATA[@JamieOber8590 @mapgirl18 actually a "Potential winter commuting hazard" statement. but that's a mouthful. I think it was partly cloudy.]]></document>
		<document><![CDATA[@paulythegun @terpiecat1 I'm not sure. I don't think we're a state but I don't want the whims of a radical congress to dictate our lives.]]></document>
		<document><![CDATA[@stormchasernick @mapgirl18 @JamieOber8590 those are fun.]]></document>
		<document><![CDATA[@terpiecat1 @jasoninthehouse no I don't think so. This guy knows best.]]></document>
		<document><![CDATA[@mapgirl18 @JamieOber8590 I didn't but after the big event yesterday I'm OK for a while.]]></document>
		<document><![CDATA[And this is the special relationship. https://t.co/TM2KemfbCj]]></document>
		<document><![CDATA[@daily_wx 2017 is going to have so many #wedges]]></document>
		<document><![CDATA[@bryanwx @RCPMWx @juliasilge lol I didn't look at the comments first go. #mistake]]></document>
		<document><![CDATA[@pazzo83 I have no clue. I'm actually fairly dumb on most US politics stuff. I've mostly only ever been interested in Presidential stuff.]]></document>
		<document><![CDATA[@sharkey we all need to think more about the flag. changing it will be tough.]]></document>
		<document><![CDATA[Next you're going to tell me the vote for statehood in DC was meaningless. https://t.co/1f1Dlwu54h]]></document>
		<document><![CDATA[@weatherczar yep. nothing so far has been unexpected. and I think they are much more within the law than some hope.]]></document>
	</documents>
</author>