<author lang="en">
	<documents>
		<document><![CDATA[Always good to do a blog post, just to remind myself that, Yes, I still can do typos in the first sentence]]></document>
		<document><![CDATA[@AGFchairman that as well.]]></document>
		<document><![CDATA[@dootsiez I watched the 1 set on TV, then after the 2nd I switched to my ipad. Had to do something to change the momentum!]]></document>
		<document><![CDATA[@argumentalist I am not going to keep going to Double Fantasy!]]></document>
		<document><![CDATA[@AGFchairman yes, that is a good comparison.]]></document>
		<document><![CDATA[@DamienCWalker 22 likes can't be wrong!!]]></document>
		<document><![CDATA[@lucykateclark @Paul_Karp look, I am getting far too much heat for this! It is prime-Dad joke material. Gold class!]]></document>
		<document><![CDATA[@MarkDiStef oh come on! I thought it was good!]]></document>
		<document><![CDATA[So much in denial he might as well be sailing in a felucca https://t.co/rjYjnT01bV]]></document>
		<document><![CDATA[Yeah why would you let the Australian public know https://t.co/jiblDMRI73]]></document>
		<document><![CDATA[Well let's just hope the assurances filter down through the well oiled system that is the US Govt at the moment... https://t.co/Q4l82OifeL]]></document>
		<document><![CDATA[Be fierce, furious, and fight! Join the Raccoons of the Resistance! | First Dog on the Moon https://t.co/awXGkbX41J]]></document>
		<document><![CDATA[Spiking prices are good news for the budget - but will they last (&amp; if only we had some sort of minerals tax...). M… https://t.co/gk8IFinjRN]]></document>
		<document><![CDATA[Revealed: how the Tax Commissioner was leant on to deliver high-end tax cuts https://t.co/FMZmL3OSWb via @smh]]></document>
		<document><![CDATA[Nice annotations by @gabriellechan "Reading between the lines: Tony Abbott's speech to the Young Liberals" https://t.co/JG61Ff5njp]]></document>
		<document><![CDATA[@AdeleLausberg yeah, just was out watering the garden. Not pleasant]]></document>
		<document><![CDATA[@bernietb the pivot will happen any day now]]></document>
		<document><![CDATA[It's neck and neck, but Canberra with the win. #itisabithotfor8pm https://t.co/ehOlBi5FzA]]></document>
		<document><![CDATA[@Kimbo_Ramplin and the follow-up subtweet https://t.co/Wg8hcaCpyg  @NeilMcMahon]]></document>
		<document><![CDATA[@SP_luke @DirtyDowling definately showing signs of promise for the future]]></document>
		<document><![CDATA[@NeilMcMahon it was a bit drunken aunt at a 21st]]></document>
		<document><![CDATA[One of these things is not like the other.. #ausvnz https://t.co/4nivvw2s3f]]></document>
		<document><![CDATA[@NeilMcMahon just realised that has Dolly as well]]></document>
		<document><![CDATA[@NeilMcMahon she introduced this - https://t.co/R91ArPApOE]]></document>
		<document><![CDATA[@NeilMcMahon no doubt they'll find some "balance" soon]]></document>
		<document><![CDATA[Lily Tomlin giving a great speech at the SAG Awards]]></document>
		<document><![CDATA[@jackson_mac yeah that was my first memory as well]]></document>
		<document><![CDATA[@NeilMcMahon you seeing Dolly Parton at the SAG Awards?]]></document>
		<document><![CDATA[@SamEBJones here's the updated one https://t.co/fJ0fkdDQAq]]></document>
		<document><![CDATA[Scott Morrison says Trump travel ban shows 'world is catching up' to Australia https://t.co/YEo9OwgO7H]]></document>
		<document><![CDATA[As a few have noted to me - LL Cool J's - G.O.A.T. in 2000 was probably when]]></document>
		<document><![CDATA[@gregreedee if you read the real early ones, they are amazingly cruel.]]></document>
		<document><![CDATA[@Watsonian_ chers - I remember Maurice Greene using it around that time as well, so that would fit]]></document>
		<document><![CDATA[@MicWink my earliest recollection was Maurice Greene getting a G.O.A.T. tattoo]]></document>
		<document><![CDATA[@illywhacker_ So my list is, Penny-farthing, a 1970s Dragster, a 10 speed my mate had in Year 7, a BMX and... yeah that'd be it.]]></document>
		<document><![CDATA[@Mrmsutton Peanuts comics are bitter, sad things about how life knocks you down repeatedly]]></document>
		<document><![CDATA[@illywhacker_ !!!! roflol]]></document>
		<document><![CDATA[Anyone know when GOAT went from meaning a loser in sports to meaning "Greatest of All-time"? https://t.co/LevukemN72]]></document>
		<document><![CDATA[@RyanBuckland7 if Number 1 gets done, does number 2 need to occur?]]></document>
		<document><![CDATA[#notTheOnion "Trump Hosts First Movie Screening in White House Theater - FINDING DORY" https://t.co/1Yt3a7HkIy via @thr]]></document>
		<document><![CDATA[@marcuskelson @NeilMcMahon @AttardMon 5th set is just about all you need.]]></document>
		<document><![CDATA[@NeilMcMahon @marcuskelson @AttardMon with the label for the black line! https://t.co/GLNjydnmXt]]></document>
		<document><![CDATA[@marcuskelson @NeilMcMahon @AttardMon and the slam career graph updated https://t.co/8u9MPsu2uO]]></document>
		<document><![CDATA[@NeilMcMahon @AttardMon The updated graph https://t.co/rDHmXRArzZ]]></document>
		<document><![CDATA[@NeilMcMahon @swearyanthony no way Serena retires until she has 25]]></document>
		<document><![CDATA[@NeilMcMahon @swearyanthony for the first time, you feel like Fed is seeing the end. But he loves the sport so much, so why not play on?]]></document>
		<document><![CDATA[@swearyanthony @NeilMcMahon my gut feeling is 2018 might be the farewell tour for both]]></document>
		<document><![CDATA[@swearyanthony @NeilMcMahon yeah Graf was amazing (and my fav) The Seles attack is always a bit of an asterisk - not her fault though]]></document>
		<document><![CDATA[@swearyanthony @NeilMcMahon only lost to him twice in slams iirc. Roddick was the big loser from having Federer around]]></document>
		<document><![CDATA[@NeilMcMahon @swearyanthony for me, the thing with Serena is, when was the last tournament she was not the favourite?]]></document>
		<document><![CDATA[@swearyanthony @NeilMcMahon  Nadal not so much - he's as close to equal with Fed as it gets, and I'd say they make each other better]]></document>
		<document><![CDATA["And for the public watching, it’s entirely reasonable to choose a favorite but to like the other guy as well." https://t.co/wQEcFQs8cv]]></document>
		<document><![CDATA[@swearyanthony @NeilMcMahon that the two came along at the same time is amazing]]></document>
		<document><![CDATA[And with that win, Federer rises to Number 10 in the world... #AusOpen]]></document>
		<document><![CDATA[@russellmahoney it is one of the best non-fiction books I've ever read.]]></document>
		<document><![CDATA[Ahh someone just read the NY Times editorial to the orange bloviator in chief https://t.co/fxNNm2ofss]]></document>
		<document><![CDATA[@russellmahoney have you read Richard Rhodes "Making of the Atomic Bomb"?]]></document>
		<document><![CDATA[@khalllaw yep, but Rafa's always been the kryptonite.]]></document>
		<document><![CDATA[@NeilMcMahon @Kimbo_Ramplin @AttardMon @DblRistretto @JenBrockie Dimitrov and Zverev the younger]]></document>
		<document><![CDATA[@cappertowers so they have an online thing like ABC?]]></document>
		<document><![CDATA[@upulie @DamienCWalker there's a queue folks, get in line!]]></document>
		<document><![CDATA[@Kimbo_Ramplin he ain't alone there!]]></document>
		<document><![CDATA[Rafa is a champion. Great speech  #AusOpen]]></document>
		<document><![CDATA[@lucasgarth @ChrisKaias get to the quarters and he's always a chance]]></document>
		<document><![CDATA[Federer might be the best, but tournaments without Rafa always feel empty. Great to have him back playing great #AusOpen]]></document>
		<document><![CDATA[@Kimbo_Ramplin @AttardMon @JenBrockie @NeilMcMahon yep, he's a champion at all times. One of the most gracious players ever]]></document>
		<document><![CDATA[FWIW given his draw and the time off, and because he had to beat Rafa, I think this is his best slam victory #AusOpen]]></document>
		<document><![CDATA[@Kimbo_Ramplin @AttardMon @JenBrockie @NeilMcMahon yeah, they might be mates, but this would hurt. Up a break in the 5th.]]></document>
		<document><![CDATA[@NeilMcMahon @JenBrockie @Kimbo_Ramplin @AttardMon rofl]]></document>
		<document><![CDATA[@Mikey_Balboa same. Utterly wrecked]]></document>
		<document><![CDATA[@Kimbo_Ramplin @NeilMcMahon @JenBrockie @AttardMon and Cripes, short price for the French]]></document>
		<document><![CDATA[@Kimbo_Ramplin @NeilMcMahon @JenBrockie @AttardMon they are both so good. Rafa threw the kitchen sink at him.]]></document>
		<document><![CDATA[@AJKennedy89 some asked earlier in the week! I reckon he's gone solo and just released Imagine!]]></document>
		<document><![CDATA[@JenBrockie @NeilMcMahon @Kimbo_Ramplin @AttardMon nerves, completely shredded]]></document>
		<document><![CDATA[What a classic. What two great players. Oh damn. Amazing #AusOpen]]></document>
		<document><![CDATA[Put down your glasses. Greatest of all-time #AusOpen]]></document>
		<document><![CDATA[@NeilMcMahon @AttardMon @Kimbo_Ramplin see you in a few hours! Can't see Fed winning, but then I picked him to lose in the 3rd round!]]></document>
		<document><![CDATA[@FJKeany thanks Frank!]]></document>
		<document><![CDATA[If? https://t.co/Sd8ttOx7rh]]></document>
		<document><![CDATA[@scott_thewspot @DamienCWalker rofl]]></document>
		<document><![CDATA[@DamienCWalker thanks!]]></document>
		<document><![CDATA[@DamienCWalker had a quick google - NY Times uses Williamses]]></document>
		<document><![CDATA[@DamienCWalker Yeah, it should be Williamses]]></document>
		<document><![CDATA[A break from economics today. Federer and Nadal - the last chance to see. #ausopen https://t.co/D7xHYlFyX4]]></document>
		<document><![CDATA[Profiles in cowardice https://t.co/EIU8sb0p8z]]></document>
		<document><![CDATA[Literally no one is saying it is https://t.co/Eoz2b4Mjnu]]></document>
		<document><![CDATA[@BenPhillips_ANU and then there was Sampras...]]></document>
		<document><![CDATA[@BenPhillips_ANU it was.]]></document>
		<document><![CDATA[@BenPhillips_ANU have you read his autobio?]]></document>
		<document><![CDATA[@Fleahbag @Kimbo_Ramplin she played in an era with bugger-all depth and where you'd win a slam playing 5 matches.]]></document>
		<document><![CDATA[@BenPhillips_ANU She was the best (but Serena is better)]]></document>
		<document><![CDATA[@Fleahbag @Kimbo_Ramplin look at the field in the 1971 Aus Open - comparable to now do you think? 
https://t.co/s80dGtLIdE]]></document>
		<document><![CDATA[@allsumnull but gosh what a slice backhand - also for the time and speed of courts it was a weapon - esp at Wimbledon]]></document>
		<document><![CDATA[@BenPhillips_ANU the absence of Seles for a number of years, and the longevity of Serena gives her the edge]]></document>
		<document><![CDATA[@NickWelch51 @Kimbo_Ramplin put it this way, I'd prefer the second show court to be the Evonne Goolagong Arena .]]></document>
		<document><![CDATA[@MrStevenRaeburn I think of late the quality of opposition has not been great - a pity Henin did stay longer]]></document>
		<document><![CDATA[@Kimbo_Ramplin not even in the discussion with Martina, Steffi, Evert, Serena, Seles IMO]]></document>
		<document><![CDATA[@arwon yeah, Serena got good, quickly]]></document>
		<document><![CDATA[@arwon no "about" it]]></document>
		<document><![CDATA[Speaking as a massive Steffi Graf fan, to argue Serena is not the greatest of all-time requires indulging in a lot of make believe #ausopen]]></document>
	</documents>
</author>