<author lang="en">
	<documents>
		<document><![CDATA[THE DIARY OF: ANWAR DASILVA (EP.1) | #DOAD: https://t.co/mE96EaUIVA via @YouTube]]></document>
		<document><![CDATA[I liked a @YouTube video from @nikkilimo https://t.co/cbNm3oYbGc CHEESEBURGER TOTS for SUPERBOWL! (vegan or nah) - #TastyTuesday]]></document>
		<document><![CDATA[I liked a @YouTube video https://t.co/CAstk4KP8i CHEESY BRUSSELS SPROUT TOTS | RECIPE?! EP #17 (hot for food)]]></document>
		<document><![CDATA[I liked a @YouTube video from @watchcut https://t.co/BNywDj98ek Parents Tell Their Kids Santa Isn't Real]]></document>
		<document><![CDATA[I liked a @YouTube video https://t.co/7udnf0iSkJ Fernando Daniel – Dancing on my own | Tira-Teimas | The Voice Portugal]]></document>
		<document><![CDATA[I liked a @YouTube video from @jackieaina https://t.co/3nL8cD0hft Top 10 Trends YouTube Has COMPLETELY Exploited]]></document>
		<document><![CDATA[I liked a @YouTube video https://t.co/wkSX49lf0t DON'T BECOME A YOUTUBE COUPLE]]></document>
		<document><![CDATA[I liked a @YouTube video https://t.co/khw21s2tqk What I eat in a day | Veggie | Jessica Clements]]></document>
		<document><![CDATA[I liked a @YouTube video from @zakhasleby https://t.co/RusiuGZdxV Reenacting Cute Couple Poses]]></document>
		<document><![CDATA[I liked a @YouTube video https://t.co/KZjWBbs77T home | A short film by Riyadh K]]></document>
		<document><![CDATA[I liked a @YouTube video https://t.co/DNOOKrvkoF EXCLUSIVE: Naya Rivera Talks 'Glee' Off-Set Makeouts and Lea Michele Drama in New]]></document>
		<document><![CDATA[I liked a @YouTube video https://t.co/XriASBs0gb HOW I CLEARED MY SKIN FOR GOOD]]></document>
		<document><![CDATA[I liked a @YouTube video https://t.co/6hicHNfRw2 Finishing with Sprinkle of Glitter]]></document>
		<document><![CDATA[I liked a @YouTube video https://t.co/1wIiKu3UBz My Sexuality]]></document>
		<document><![CDATA[I liked a @YouTube video from @iamleroysanchez https://t.co/ehoj9YFlYM BEYONCÉ - Sandcastles (Cover by Leroy Sanchez)]]></document>
		<document><![CDATA[NEW VIDEO FOR THE I AM PROJECT!!!! https://t.co/hrdZbnRops]]></document>
		<document><![CDATA[NEW VIDEO FOR THE I AM PROJECT!!! https://t.co/0Ze6rWXZVd]]></document>
		<document><![CDATA[I liked a @YouTube video https://t.co/MrrYrOG5oO What's The Hardest Part About Being Gay? | Mitch &amp; Greg #ProudToBe]]></document>
		<document><![CDATA[Please LIKE and SHARE!!!! https://t.co/aMSXPdzlVg]]></document>
		<document><![CDATA[I liked a @YouTube video https://t.co/UxIhLtcBq3 Why "I Don't Date Asians/Blacks" is Racist | Outtrage #17]]></document>
		<document><![CDATA[THE I AM PROJECT: JONATHAN | #THEIAMPROJECT: https://t.co/Ee3eXXvfZr via @YouTube]]></document>
		<document><![CDATA[I liked a @YouTube video https://t.co/PumehPfhJR First Lady Michelle Obama and Oprah Winfrey Hold a Conversation on the Next]]></document>
		<document><![CDATA[The first of 5 videos I'll be posting in the month of August for #theiamproject, features… https://t.co/GTMCOmnUFY]]></document>
		<document><![CDATA[THE I AM PROJECT: AUSTIN | #THEIAMPROJECT: https://t.co/U9B2HxNolz via @YouTube]]></document>
		<document><![CDATA[SAY YAAASSSS TO THE DRESS! https://t.co/QE3C4FfK93]]></document>
		<document><![CDATA[I liked a @YouTube video https://t.co/n4DOhO7Fmz [FRIENDbang with THIEN &amp; RACHEL]: Round Table Pizza and Afters Ice Cream]]></document>
		<document><![CDATA[I liked a @YouTube video from @lgbtys https://t.co/k5eEfSl4ps Shh! Silence Helps Homophobia - LGBT Youth Scotland]]></document>
		<document><![CDATA[If you know of anyone who would benefit from anything I said, please share this video. Keep the conversation going! https://t.co/qSapf356ic]]></document>
		<document><![CDATA[I liked a @YouTube video https://t.co/Uz4VLDzOzD My Sexuality, Coming Out]]></document>
		<document><![CDATA[I liked a @YouTube video https://t.co/J44DDGSAq0 I've been lying to you.]]></document>
		<document><![CDATA[I liked a @YouTube video https://t.co/mEYrmEs6MJ Nightly Routine | MATT AND BLUE]]></document>
		<document><![CDATA[I liked a @YouTube video from @toddyrockstar https://t.co/iNCjQDqUib Straight Outta Oz by Todrick Hall]]></document>
		<document><![CDATA[I liked a @YouTube video https://t.co/1lhvGMmHqu crying on my kitchen floor (again)]]></document>
		<document><![CDATA[I liked a @YouTube video from @jordandoww https://t.co/RNztGWONXv Coming Out: I am Gay, I am Human.]]></document>
		<document><![CDATA[Let's keep the conversation alive! https://t.co/HknRGvEHRp]]></document>
		<document><![CDATA[I liked a @YouTube video from @harto https://t.co/plUYOSRFo2 I'm Afraid of You]]></document>
		<document><![CDATA[a new sunday, a new vlog!! https://t.co/aZx3pLdlAp]]></document>
		<document><![CDATA[CHECK OUT MY NEW VLOG https://t.co/HemMfQJYgs]]></document>
		<document><![CDATA[I liked a @YouTube video from @formoriaho https://t.co/lQV9Das7jA Tamar Braxton's Interview on Steve Harvey Morning Show (Full Video)]]></document>
		<document><![CDATA[I liked a @YouTube video from @brandonskeie https://t.co/1R68BZ648y Brandon Skeie - So Bad (Official Music Video)]]></document>
		<document><![CDATA[ANOTHER SIT DOWN VIDEO!!! https://t.co/P50UZQ6UnI]]></document>
		<document><![CDATA[I liked a @YouTube video from @gracehelbig https://t.co/PkRJuTwivd MET GALA FASHION REVIEW // Grace Helbig]]></document>
		<document><![CDATA[THINGS ARE HAPPENING!! | #LIFEUPDATE: https://t.co/a88BTzjfjF via @YouTube]]></document>
		<document><![CDATA[I liked a @YouTube video https://t.co/Y8rFBC0Pd1 Fifth Harmony - Write On Me]]></document>
		<document><![CDATA[I liked a @YouTube video from @gracehelbig https://t.co/1wTO6FjTHA LEMONADE SPAGHETTI FOR BEYONCE // Grace Helbig]]></document>
		<document><![CDATA[I liked a @YouTube video from @jordanbach https://t.co/rlLZ5b8GqB The One Thing You May Be Doing That's Sabotaging Your Dreams |]]></document>
		<document><![CDATA[I liked a @YouTube video https://t.co/VaxwX1zq7Q Our Place]]></document>
		<document><![CDATA[I liked a @YouTube video https://t.co/tDrDz8K7MC WE'RE BACK! | Question &amp; Answer]]></document>
		<document><![CDATA[I liked a @YouTube video from @ceedotcee https://t.co/TRfDXakGrR What Did Jay-Z Do to Beyonce?! | #LEMONADE Visual Album | REVIEW]]></document>
		<document><![CDATA[I liked a @YouTube video https://t.co/Ws2OBF587A GAY COUPLE GIVE RELATIONSHIP ADVICE | OUR SWIRL LIFE E3]]></document>
		<document><![CDATA[I liked a @YouTube video https://t.co/R59i7qWT6S GAY COUPLE CONFESSION | OUR SWIRL LIFE E2]]></document>
		<document><![CDATA[I liked a @YouTube video https://t.co/M7gmMNW3fR GAYS EXPLAIN INTERRACIAL RELATIONSHIP | OUR SWIRL LIFE E1]]></document>
		<document><![CDATA[I liked a @YouTube video https://t.co/AEcnpCPVh8 coming out to my sister]]></document>
		<document><![CDATA[I liked a @YouTube video from @s_o_a_t_d https://t.co/V6WTI1YWWQ Coming Out To My Dad]]></document>
		<document><![CDATA[I liked a @YouTube video https://t.co/02HRKZ2vxO Coming Out As Bisexual (ft. Courtney Jai)]]></document>
		<document><![CDATA[I liked a @YouTube video https://t.co/ZsW0CTG2xf OMG CLASSIC - 90s! (Official Music Video)]]></document>
		<document><![CDATA[I liked a @YouTube video https://t.co/MTtpAYCj5g Troye Sivan - YOUTH]]></document>
		<document><![CDATA[HAPPY 130th BIRTHDAY, VANCOUVER!! 💋 @ Stanely Park Vancouver, Canada https://t.co/4TVI0a2AXa]]></document>
		<document><![CDATA[WATCH US PLAY BEAN BOOZLED https://t.co/hQ4kgaLmIC]]></document>
		<document><![CDATA[MORE FACTS ABOUT ME!! https://t.co/9OZ7rtOLeV]]></document>
		<document><![CDATA[I'm starting to have way too much fun talking to myself in my bedroom.. #anwarien #randomfactsaboutme https://t.co/lhfwvP5PGl]]></document>
		<document><![CDATA[25 random facts about me! https://t.co/SPA0ND7l6N]]></document>
		<document><![CDATA[I liked a @YouTube video https://t.co/bsTlTtvF4U Brandy - Beggin &amp; Pleading (Acapella Cover by GLAMOUR)]]></document>
		<document><![CDATA[I liked a @YouTube video from @anwarien https://t.co/6nMfochjHk ANWAR &amp; AUSTIN TRY ASIAN SNACKS | PART 2]]></document>
		<document><![CDATA[why have just one video of you eating things on the internet when you can have two?! (Link in… https://t.co/lpiJRkwMpg]]></document>
		<document><![CDATA[CANADIANS TRY ASIAN SNACKS AGAIN!!! https://t.co/6nMfochjHk]]></document>
		<document><![CDATA[ANWAR &amp; AUSTIN TRY ASIAN SNACKS | PART 2 https://t.co/XtzbIN5SHC]]></document>
		<document><![CDATA[I liked a @YouTube video https://t.co/41BrJw3y6w to be honest i'm tired of talking about it]]></document>
		<document><![CDATA[I liked a @YouTube video from @michaelreynesyt https://t.co/45f1EcdrFH My Mom's Gay Too!]]></document>
		<document><![CDATA[Coal Harbour Sea Wall in Vancouver!! https://t.co/g1HK0pZeiS]]></document>
		<document><![CDATA[I liked a @YouTube video from @j1mmyb0bba https://t.co/QlVNCVo3sH BAKING WITH JIM &amp; JAMIE OLIVER!]]></document>
		<document><![CDATA[I liked a @YouTube video https://t.co/1oWqL7LDBJ 24 HOURS IN PALM SPRINGS | 60 SECONDS]]></document>
		<document><![CDATA[I liked a @YouTube video https://t.co/veKUYcypxZ 18 THINGS I LEARNED AT 18]]></document>
		<document><![CDATA[well, i'm eating things online, so i guess i'm officially part of team internet! @ Vancouver,… https://t.co/qiONfDzutL]]></document>
		<document><![CDATA[CANADIANS TRY ASIAN SNACKS!! https://t.co/mVI15HFClo]]></document>
		<document><![CDATA[Find out a little more about me :) https://t.co/sHuZp1dFOE]]></document>
		<document><![CDATA[I liked a @YouTube video https://t.co/5NtWxvXAxu MAX - Gibberish (feat. Travie McCoy) - Patrick Stump remix]]></document>
		<document><![CDATA[I almost pee myself every time i watch this. worst best game EVER!!!! if you need a good laugh… https://t.co/55pVZzAGyR]]></document>
		<document><![CDATA[Watch me &amp; Michelle try not to puke! https://t.co/c26bBbefxI]]></document>
		<document><![CDATA[a man and his dream. #MLK @ MLK Fountain at Yerba Buena https://t.co/nmiDRr3RxN]]></document>
		<document><![CDATA[it all starts with a dream #MLK @ MLK Fountain at Yerba Buena https://t.co/HnoZVcU0py]]></document>
		<document><![CDATA[🔫 shots fired https://t.co/wjD14Roam9]]></document>
		<document><![CDATA[don't worry, be yoncé ✌🏾️ @ The San Francisco Bay https://t.co/LhYigmXROW]]></document>
		<document><![CDATA[some people dream of being president, other a pop superstar...my dream was putting this burger… https://t.co/uW5kkt1JiQ]]></document>
		<document><![CDATA[⚓️ #starbucks #coffee #fishermanswharf #SanFrancisco @ Starbucks https://t.co/qOO4mpVOao]]></document>
		<document><![CDATA[“I am very much in love with no one in particular.” -Ezra Miller @ Lombard Street https://t.co/kVTZqnzzMQ]]></document>
		<document><![CDATA[☕️ @ The Grove https://t.co/aE3SzTP9IZ]]></document>
		<document><![CDATA[I wish every morning started like this. @ The Grove https://t.co/90yBylFeQK]]></document>
		<document><![CDATA[1st San Francisco vlog up on my YouTube channel. Link in bio ✌🏾️ @ San Francisco, California https://t.co/epVvLyWDZB]]></document>
		<document><![CDATA[not all who wander are lost @ San Francisco, California https://t.co/s2eN1IK6Oa]]></document>
		<document><![CDATA[taxi service @ San Francisco International Airport (SFO) https://t.co/dD2xOa7N64]]></document>
		<document><![CDATA[“Never apologize for being sensitive or emotional. Let this be a sign that you’ve got a big… https://t.co/1xDEiYXi7F]]></document>
		<document><![CDATA[✌🏾️thanks for the birthday swag alexxmcfad https://t.co/TAcOBjR76Z]]></document>
		<document><![CDATA[1986 ✌🏾️ #2YearOldMe https://t.co/sp7VG4LTxi]]></document>
		<document><![CDATA[If I had to describe myself in one word it would be "doesn't know how to follow directions."… https://t.co/Dbh4S9pflp]]></document>
		<document><![CDATA[this is pretty great! https://t.co/iuBv1b1oa0]]></document>
		<document><![CDATA[The best part of being a kid is probably saying, fuck it. I'm going to be Spider-Man today.]]></document>
		<document><![CDATA[soooo, apparently Taylor Swift makes 1 million dollars a day. if I die tomorrow i would like to be reincarnated as her bank account.]]></document>
		<document><![CDATA[Why is it when you take a break from Facebook everyone assumes you're happy and in love ... Maybe I was in jail.]]></document>
		<document><![CDATA[@MichaelReynesYT I just did it 2 months ago. It was rough! I think I texted you during a couple of meltdowns lol]]></document>
	</documents>
</author>