<author lang="en">
	<documents>
		<document><![CDATA[@jen1nifer @GlobeOpinion @BostonGlobe thanks!]]></document>
		<document><![CDATA[You'd think even a cursory WH proofreading would have caught this mistake &amp; error calling Australian "president" in… https://t.co/pY0D9dkIx9]]></document>
		<document><![CDATA[Heartening story about flight attendant who spotted &amp; stopped human trafficking https://t.co/mYtCSjYcAh via @nbcnews]]></document>
		<document><![CDATA[This 22-year-old MIT senior is already an engineer at NASA. How she got there: https://t.co/oVqCwNq6NS # via @blackvoices]]></document>
		<document><![CDATA[US senator from Rhode Island-&gt; https://t.co/FYmQDIAari]]></document>
		<document><![CDATA[America flirts with authoritarianism: Trump's behavior reminds me of a long day I spent w/Hugo Chavez https://t.co/lNlmnh83O3 @GlobeOpinion]]></document>
		<document><![CDATA[Terrifying: falsification + confusion = classic tools of disinformation and effort to undermine facts https://t.co/AeTjNDh0Kf]]></document>
		<document><![CDATA[Congrats @ccaryl - look forward to reading more in @PostOpinions! https://t.co/h0wNn3FyeI]]></document>
		<document><![CDATA[FACTS MATTER. Read @BostonGlobe mission statement. You can subscribe to support real newsgathering and truth-telling https://t.co/DkBMYhoK6f]]></document>
		<document><![CDATA[Her elderly dad was strip-searched at airport after Trump ban. He's a naturalized American citizen, not Muslim, not… https://t.co/AjM95iaI0s]]></document>
		<document><![CDATA[I'm not caricaturing anyone. I was based in Latin America twice as a foreign correspondent &amp; actually met/profiled/… https://t.co/eNlV3VHcFA]]></document>
		<document><![CDATA[Absolutely. But my column isn't about Honduras or killing of journalists anywhere. @StateDept ofc @DRL_AS protests… https://t.co/6S2tZhjc86]]></document>
		<document><![CDATA[Conservative, liberal &amp; socialist EU politicians have united vs Trump's pick for US ambass to @EUCouncil, calling h… https://t.co/LoXnsfFqrw]]></document>
		<document><![CDATA[@ConorlConor No such "paymasters" exist. I'm not censored by @BostonGlobe @GlobeOpinion. Didn't mention Honduras cause I never met the guy!]]></document>
		<document><![CDATA[Kellyanne Conway claimed media didn't cover #BowlingGreen massacre...That's because it never happened https://t.co/jJsgTKZUc9 @pbump]]></document>
		<document><![CDATA[.@AP fact check: How Kellyanne Conway got 2 things wrong in less than a minute https://t.co/DW2f1w4Pxd via @BostonGlobe]]></document>
		<document><![CDATA[US imposes new Iran sanctions https://t.co/0LPJVXicfU via @BostonGlobe]]></document>
		<document><![CDATA[Free speech movement started @UCBerkeley; don't let it end there over Milo - by @UCILaw prof @davidakaye https://t.co/4SibOFm36V @GuardianUS]]></document>
		<document><![CDATA[My elderly mom was victim of unscrupulous broker who churned her retirement account &amp; lost her $. This hurts the mo… https://t.co/6LQaPlTSkG]]></document>
		<document><![CDATA[Good for @spurs coach Gregg Popovich to speak out about racism as an ongoing problem https://t.co/3VwdUxK7iC]]></document>
		<document><![CDATA[That quote in my @GlobeOpinion column is from @Yascha_Mounk, a @harvard @gmfus @NewAmerica fellow who studies far-r… https://t.co/AfWZeF8hqS]]></document>
		<document><![CDATA["It can't happen here" - Or could it? Trump, Chavez &amp; America's flirtation with authoritarianism https://t.co/lNlmnh83O3 My @GlobeOpinion]]></document>
		<document><![CDATA[In Donald Trump’s White House, Female Staffers Must ‘Dress Like Women’ https://t.co/7Wjsi4BxxI via @YahooNews]]></document>
		<document><![CDATA[Get real-this guy is two-time prime minister of NATO ally w/diplo passport, held in room for questioning because of… https://t.co/VZeoCHMpDe]]></document>
		<document><![CDATA[This is completely wrong @CBSNews &amp; @WhiteHouse. 1st woman dep director @CIA was AVRIL HAINES, previous Obama appoi… https://t.co/n348Kp3B99]]></document>
		<document><![CDATA[Agree entirely w/@GreatDismal. My column: ‘It Can’t Happen Here’ - or could it? America flirts with authoritarianis… https://t.co/xbdhfQlUeS]]></document>
		<document><![CDATA[Sound familiar? https://t.co/8c7xjwRL2Q]]></document>
		<document><![CDATA[Seems entirely plausible https://t.co/ee1wV9UDyS]]></document>
		<document><![CDATA[In surprise reversal, Trump Tells Israel to Hold Off on Building New Settlements, via @nytimes @peterbakernyt  https://t.co/cMkdLQHC9t]]></document>
		<document><![CDATA[‘It Can’t Happen Here’ — or could it? America flirts with authoritarianism. My new column https://t.co/lNlmngQspt @BostonGlobe @GlobeOpinion]]></document>
		<document><![CDATA[‘It Can’t Happen Here’ — or could it? America flirts with authoritarianism. My new column https://t.co/lBtv51y58z @BostonGlobe @globeopinion]]></document>
		<document><![CDATA[As usual, @petulad is hilarious: the Ballad of Ollie the Bobcat: Back in her cage, just like the rest of us https://t.co/UmZYO7nScD]]></document>
		<document><![CDATA[Authoritarian Leaders Greet Trump as One of Their Own. Interesting story by @rodnordland https://t.co/zIkMtHnA62]]></document>
		<document><![CDATA[Uh oh-Trump's prime-time ratings, like his inaugural crowds, weren't as big as Obama's...Brace for another fight ov… https://t.co/zpaNIyHOy3]]></document>
		<document><![CDATA[Why free speech is fundamental https://t.co/TJyAAHoiGL column by @Harvard's @StephenPinker in @GlobeOpinion @BostonGlobe]]></document>
		<document><![CDATA[So, it looks like this is a court order to not enforce Trump's entry ban. What's the practical upshot? via… https://t.co/B8fLqzlfnp]]></document>
		<document><![CDATA[Wow......and in such surprisingly nice handwriting @StephensWSJ https://t.co/9gpcxfWLHl]]></document>
		<document><![CDATA[Trump's migrant ban is politics, pure and simple. The facts on terror attacks show it won't make us any safer https://t.co/9D42GxpQWa]]></document>
		<document><![CDATA[In Trump’s war, the enemy is the truth https://t.co/dr7zyepJgu]]></document>
		<document><![CDATA[GOP suspends Senate rule, muscles Trump picks through panel (from @AP) https://t.co/3o3MJiGrAt]]></document>
		<document><![CDATA[I'll ask top scholars @aarondmiller2 @aztecduncan @matthewrojansky &amp; Robert Daly what the World should expect of Tr… https://t.co/RcsScv9x7p]]></document>
		<document><![CDATA[The numbers prove a migrant ban isn't about national security. It's the Ideology, stupid. https://t.co/Lkfkn7UkuK my analysis @GlobeOpinion]]></document>
		<document><![CDATA[Newsbreak from @bennyjohnson @TheIJR: Trump Supreme Court Pick, Confirmed by Two High-Rank Officials: #NeilGorsuch https://t.co/br3TnVcAX6]]></document>
		<document><![CDATA[Reporting from @CameliaFard at @UN https://t.co/P8rc08ktyO]]></document>
		<document><![CDATA[Trump’s anti-immigration playbook was written 100 years ago. In Boston. - @BostonGlobe @neilswidey  https://t.co/0UvehHJH7B]]></document>
		<document><![CDATA[Very important on #fakenews #factcheck #pressfreedom https://t.co/LtQV0vz7DI]]></document>
		<document><![CDATA[.@Madeleine Albright in @GlobeOpinion on Travel Ban chaos: implications for our country are grave https://t.co/3xe3eJ7tuI via @BostonGlobe]]></document>
		<document><![CDATA[.@JoshuaGreen on @1A talking about Bannon &amp; immigration.
My take: Trump’s ban isn't national security. It’s Ideology https://t.co/Lkfkn7UkuK]]></document>
		<document><![CDATA[Nobody killed in US by terrorists from banned nations. Ban isn't counterterrorism-it's ideology, stupid https://t.co/Lkfkn7UkuK @BostonGlobe]]></document>
		<document><![CDATA[I dunno...this survey is from early Jan, weeks before actual order rolled out and results seen on national TV https://t.co/h4obE2iobr]]></document>
		<document><![CDATA[Senators can quote Sessions' words back to him - in a fresh hearing on this critical, legit Q https://t.co/ntS2tCkMLi]]></document>
		<document><![CDATA["New low" says John Dean, Nixon's WH Counsel who pleaded guilty to felony in Watergate coverup-&gt; https://t.co/U80xXknUGU]]></document>
		<document><![CDATA[Same as "fractional, marginal, minuscule" number of people the White House said were affected by the travel ban? https://t.co/Gy0xc8GEfv]]></document>
		<document><![CDATA[@MythiliSk what an awful story - I am so sorry your dad and family had to endure this]]></document>
		<document><![CDATA[@FaizaPatelBCJ @powellnyt Not unless there was failing in checking travelers, as when Iraq wasn't sharing intel. Vetting is already strong]]></document>
		<document><![CDATA[No deaths in US terror attacks by people from banned nations
But facts don't matter cause it's the ideology, stupid https://t.co/Lkfkn7UkuK]]></document>
		<document><![CDATA[Are we safer yet? Trump ban is about ideology, not national security. Even @KimKardashian knows it https://t.co/Lkfkn7UkuK my @GlobeOpinion]]></document>
		<document><![CDATA[So @FoxNews' @oreillyfactor does not seem to be on board with Trump's slapdash ban https://t.co/Iww6XLsG5W]]></document>
		<document><![CDATA[Correct. But Trump entry ban was ideological, not facts-based. Makes us less less, says CIA boss for George W Bush… https://t.co/j4GVZ6WUQ6]]></document>
		<document><![CDATA[Not one American has died in US terror attack by someone from a banned country. But the facts don't matter https://t.co/Lkfkn7UkuK My column]]></document>
		<document><![CDATA[Love this. Were you on the flight, @ianbremmer? https://t.co/fzAUGKCiEV]]></document>
		<document><![CDATA[From what we've heard, sounds about right... https://t.co/vZ5VivBZ0a]]></document>
		<document><![CDATA[WOW now that is a story, @AP ! https://t.co/CyTb0jDLIY]]></document>
		<document><![CDATA[.@MikePenceVP is a fan account, not the actual @VP @mike_pence account. 
Old @GovPenceIN account on the right is le… https://t.co/LIKywVYMSu]]></document>
		<document><![CDATA[Charged with six counts of murder for Quebec mosque massacre targeting Muslims-&gt; https://t.co/dz0Gk13FVk]]></document>
		<document><![CDATA[A tweet from last May from the acting Attorney General @TheJusticeDept, just fired by Trump for refusing to enforce… https://t.co/jzXG6d3MOn]]></document>
		<document><![CDATA[Massachusetts Atty General @MassAGO has filed 3 lawsuits in 10 days vs Trump actions -&gt; https://t.co/7PPQUPauHi]]></document>
		<document><![CDATA[Great story on refugee who parked cars/now is a lawyer for @Ford, which has broken w/Trump over #MuslimBan https://t.co/P0uPTWIQPH @business]]></document>
		<document><![CDATA[As soon as news came out that Yates declared @TheJusticeDept wouldn't enforce Trump's migrant/entry ban, I knew her… https://t.co/UVNiua8olm]]></document>
		<document><![CDATA[Free legal help for those affected by Trump entry ban at @Dulles_Airport https://t.co/5oJ9H4FGcV]]></document>
		<document><![CDATA[When @KimKardashian tweets more reliable facts on risk of terror from refugees than Trump... https://t.co/Lkfkn7UkuK My @GlobeOpinion column]]></document>
		<document><![CDATA[Donald Trump should immediately exempt translators from his immigration ban order https://t.co/L5HvEDwZRa @DanDePetris]]></document>
		<document><![CDATA[The controversy over the White House Holocaust statement, explained https://t.co/EKLrkyggJJ via @voxdotcom]]></document>
		<document><![CDATA[US acting attorney general defies Trump immigrant ban @BBC @BBCWorld  https://t.co/AdpW7zMgIV]]></document>
		<document><![CDATA[Justice head tells staff not to defend Trump refugee order - from @AP @jpaceDC  https://t.co/MM2OkCls7s]]></document>
		<document><![CDATA[The former Secretary @StateDept was a refugee herself https://t.co/7Hrh5O0myL https://t.co/3lsZ8G7J8g]]></document>
		<document><![CDATA[Calling all journos: I did this and highly recommend the @Harvard @niemanfdn @NiemanLab! https://t.co/W5UWlFHNo2]]></document>
		<document><![CDATA[Trump’s war on national security: it’s the ideology, stupid. The entry ban &amp; why it endangers us https://t.co/Lkfkn8bVmi My @GlobeOpinion]]></document>
		<document><![CDATA[After news of his demotion in NSC, along with chairman of Joint Chiefs (top military officer), to make way for poli… https://t.co/D7O8zoDUlu]]></document>
		<document><![CDATA[Wow, never thought I'd see a White House accuse critics of "nitpicking" Holocaust statement that downplays extent t… https://t.co/DohsHTsCNc]]></document>
		<document><![CDATA[Wow, 5-year-old girl refugees = a danger to America? MAGA https://t.co/6NOsOS3KpA]]></document>
		<document><![CDATA[In Trump's America, are we still a nation of immigrants? Re-upping my piece on our national identity https://t.co/POlzcTQR5J … @GlobeOpinion]]></document>
		<document><![CDATA[Longtime @WhiteHouse correspondent who covered Republican &amp; Dem admins for @NYtimes and @washingtonpost-&gt; https://t.co/PROKCQ7eOh]]></document>
		<document><![CDATA[In Trump's America, are we still a nation of immigrants? Re-upping my piece on our naitonal identity https://t.co/POlzcTQR5J @GlobeOpinion]]></document>
		<document><![CDATA[Steve Jobs was the son of Syrian migrant. Re-upping my column on why Trump is wrong on refugees https://t.co/w9otXKx7u1 @GlobeOpinion]]></document>
		<document><![CDATA[@niallfirth @mckennapr @WhiteHouse maybe. but why not leave it up - it's still a branch of government - and simply update it w/nominee?]]></document>
		<document><![CDATA[.@MotherJones detailed Miller's association and work on shared causes w/white supremacist Spencer here:… https://t.co/TOetgeG8nX]]></document>
		<document><![CDATA[Though Charles Koch himself condemned the ban, as did other members of his conservative network, warning of "danger… https://t.co/Yi6tjvXpVs]]></document>
		<document><![CDATA[@YmmyMmmy @GlobeIdeas @GlobeOpinion @BostonGlobe Glad you got a laugh but there's reason to still be angry]]></document>
		<document><![CDATA[Ex @StateDept legal advisor, legal scholar @UCIrvine &amp; @UN special rapporteur tells @elonmusk this EO can't be fixe… https://t.co/8uM4BNh4Sl]]></document>
		<document><![CDATA[Useful thread for voters interested in #MuslimBan https://t.co/DtT2vkzBiP]]></document>
		<document><![CDATA[.@StateDept webpage Facts &amp; Myths about Refugees has been deleted https://t.co/M5WvEHhk63 Climate pages removed too @dktatlow @mgerrydoyle]]></document>
		<document><![CDATA[Via @internetarchive, you can see Judicial Branch listed before, now removed from WH @mgerrydoyle… https://t.co/t5Hx5wv1DY]]></document>
		<document><![CDATA[Defense of the Dark Arts: tips from Snape on How to deal with Kellyanne Conway, cartoon @GlobeIdeas https://t.co/9vozcUB41c @GlobeOpinion]]></document>
		<document><![CDATA[Absolutely incredible thread reacting to #MuslimBan - read it https://t.co/JUrC6qD5aM]]></document>
		<document><![CDATA[Democratic Sen from Connecticut-&gt; https://t.co/tQgKKRL8YE]]></document>
		<document><![CDATA[!!!
PressSec Sean Spicer writes "nailed it" &amp; Retweets Satire of him saying he's in charge of "misinformation" https://t.co/l8wApv2c6Z]]></document>
		<document><![CDATA[Reporters who've worked in China (like Gady &amp; me &amp; many others) can attest to frightening parallels w/Trump's attac… https://t.co/YVyo9D6wBC]]></document>
		<document><![CDATA[Great thread about Iraqi interpreters who risked their lives working w/@DeptofDefense &amp; @USAID, by someone who wrot… https://t.co/BZSjK9Yaun]]></document>
		<document><![CDATA[Wow, checked this myself now &amp; he's right - Judicial Branch is missing underneath Executive &amp; Legislative on… https://t.co/kVJLLFMPOH]]></document>
	</documents>
</author>