<author lang="en">
	<documents>
		<document><![CDATA[@OopsCP72 thanks. All fixed now]]></document>
		<document><![CDATA[they were plowing the sidewalks at UBC as well. Not in my area tho. https://t.co/suyuhB7bue]]></document>
		<document><![CDATA[Thanks for making this fun for her. She enjoyed it very much. She was also surprised about the wishes you sent to h… https://t.co/XWt9aYW62b]]></document>
		<document><![CDATA[@Tracey76392127 what part of Newfoundland are you in.]]></document>
		<document><![CDATA[@Tracey76392127 I will as soon as we return. thanks for the note]]></document>
		<document><![CDATA[Listening to MeTV Music https://t.co/fjZLcDX0qn via @metv]]></document>
		<document><![CDATA[Congrats. Great to see. https://t.co/REgTtbTGRh]]></document>
		<document><![CDATA[@PeteSchaad Hi Pete:

So sorry for this. A short while ago there was a posting for Delta TV as a Producer. Contact @TannisGood]]></document>
		<document><![CDATA[class act by the AHL https://t.co/eIUyEgxy6K]]></document>
		<document><![CDATA[With the warm weather arriving, young players are hitting the diamonds or other playing areas. Drive with care.]]></document>
		<document><![CDATA[Express pull out a 4-3 win over the @SurreyEagles in an exciting game in Coquitlam.
Eagles next game is tomorrow on home ice at 6:30 pm]]></document>
		<document><![CDATA[The Express jump out to a 4-3 lead at 9:19 of the third with Toor catching the @SurreyEagles deep in the zone taking a cross-ice pass.]]></document>
		<document><![CDATA[@SurreyEagles take a 3-2 lead at 2:37 of the 3rd period. Davidson scores]]></document>
		<document><![CDATA[@SurreyEagles out shooting the Express 30-17 https://t.co/ltI0drMgzl]]></document>
		<document><![CDATA[@SurreyEagles getting chance after chance, only to have Fenton overworked.
Coquitlam being out shot 25-15 with 7:01 remaining in 2nd]]></document>
		<document><![CDATA[@SurreyEagles  Cole Williams assessed a minor for Interference]]></document>
		<document><![CDATA[Express up on the Eagles 2-1 after one, with the @SurreyEagles out shooting Coquitlam Express by a 20-9 margin.]]></document>
		<document><![CDATA[Express take a 2-1 lead at 15:04 of the first]]></document>
		<document><![CDATA[@SurreyEagles tie the game at 1 on a nifty goal by Calder at 6:34 of the first]]></document>
		<document><![CDATA[A fun time for everyone after the game with "skate with the fans" https://t.co/E7hSQdItuB]]></document>
		<document><![CDATA[game on https://t.co/jYguUgpXzz]]></document>
		<document><![CDATA[@NISilvertips  up 2-1 over @NWGiants after two]]></document>
		<document><![CDATA[after one period @NWGiants  down 1-0 to @NISilvertips]]></document>
		<document><![CDATA[Eagles vs Chiefs LIVE Sunday at 4 pm on #Mixlr. Tune in: https://t.co/UQuzDtXwFX]]></document>
		<document><![CDATA[@HockeyGrandDad @TimRaines30 @Montreal_Expos @baseballhall was he at the Nat]]></document>
		<document><![CDATA[@SeanWhyte6 see you after the first?]]></document>
		<document><![CDATA[Join us January 12th at 6:20 as the Surrey Eagles host Coquitlam. Listen in on #Mixlr. Tune in: https://t.co/UQuzDtXwFX]]></document>
		<document><![CDATA[Great win. Travel safe on the way home https://t.co/4hJH1OxpIZ]]></document>
		<document><![CDATA[@fr_aquilini I hope he names the Dog Bo.
Then brings him to the game to meet Bo.
What a great story for the Canucks.]]></document>
		<document><![CDATA[Thanks for representing Canada and Delta BC https://t.co/usoxPy8t7q]]></document>
		<document><![CDATA[I am broadcasting LIVE right now on #Mixlr. Tune in: https://t.co/UQuzDtXwFX]]></document>
		<document><![CDATA[@Canucks @BoHorvat Hope he calls the dog Bo]]></document>
		<document><![CDATA[@ShaneMalloy OK. Coffin when you get back]]></document>
		<document><![CDATA[@ShaneMalloy hope you are doing great. 
Mike Penny was asking about you earlier tonight]]></document>
		<document><![CDATA[Surrey @SurreyEagles up over Coquitlam Express 4-3 with 10 minutes left in third.]]></document>
		<document><![CDATA[@GVCanadians @RDOptimstChiefs @MacsTournament great chance for the kids to learn from this. Thanks for representing BC]]></document>
		<document><![CDATA[look for a new and improved Sportswave.ca starting the new year. Have a sport you want to promote - send over the... https://t.co/yh4v7uoNDY]]></document>
		<document><![CDATA[@Prospress congratulations to Cam on the milestone. All the best]]></document>
		<document><![CDATA[looking forward to a great 2017 season https://t.co/XbRe2MKNuF]]></document>
		<document><![CDATA[Withing the guy's all the best at the Tournament in Calgary https://t.co/EOSK1AK4lM]]></document>
		<document><![CDATA[I am broadcasting LIVE right now on #Mixlr. Tune in: https://t.co/UQuzDtXwFX]]></document>
		<document><![CDATA[@Patrick_Stankus @ScoutingTheRefs this is a huge loss to the officiating in the league. get well wishes from Delta BC]]></document>
		<document><![CDATA[@deltaicehawks host @steeltownhockey tonight in Ladner at 7:30 pm. Can't make it - tune into Delta TV and catch the… https://t.co/FgGA5zs0Wk]]></document>
		<document><![CDATA[Seaquam Secondary Christmas Party https://t.co/peDSrLgdvp via @YouTube]]></document>
		<document><![CDATA[@SeanWhyte6 congrats Sean. 
Wishing you all the best]]></document>
		<document><![CDATA[I am broadcasting LIVE at 4 PM on #Mixlr. Tune in: https://t.co/UQuzDtXwFX]]></document>
		<document><![CDATA[Tough loss for the @SurreyEagles as they lost 3-0 to the @Chiefs_Hockey .
Join them tomorrow for Teddy Bear Toss at… https://t.co/qNotmVpasR]]></document>
		<document><![CDATA[Thanks for tuning in to the game. Happy Holidays.
@Sportswave https://t.co/NbfDb7Ok42]]></document>
		<document><![CDATA[Make plans and attend as the Eagles host the @cowichancaps. Game time is 4 pm. stop by and say "hi" https://t.co/zfStgTKOSX]]></document>
		<document><![CDATA[Wishing him all the best https://t.co/Tw9oWhYp7h]]></document>
		<document><![CDATA[@Morley_Scott @SeanWhyte6 @SurreyEagles Thanks Morley. Hope things are going great for you and the Family.]]></document>
		<document><![CDATA[@SeanWhyte6 @SurreyEagles Hi Sean: Thanks for the interview at the Eagles game. Hopefully you can make it this sunday for the game.]]></document>
		<document><![CDATA[I am broadcasting LIVE right now on #Mixlr. Tune in: https://t.co/UQuzDtXwFX]]></document>
		<document><![CDATA[listen to @SurreyEagles Eagles game on Mixlr/sportswave at 4 pm]]></document>
		<document><![CDATA[O/T at BC Place in AAA Final]]></document>
		<document><![CDATA[4 seconds in game. Tied at 14 and Jugglers with the ball. Missed on the FG.]]></document>
		<document><![CDATA[Ravens vs Jugglers tied at 14. 4 minutes left in 4th quarter.]]></document>
		<document><![CDATA[Terry Fox/Notre Dame tied at 7]]></document>
		<document><![CDATA[Great way for Seaquam Seahawks Head Coach Jerry Mulliss to end his career after 50 year.]]></document>
		<document><![CDATA[@SeaquamSeahawks defeat Vernon 35-15 to win the Senior AA Championship.
#goseahawks]]></document>
		<document><![CDATA[@SeaquamSeahawks lead 35-15. 8 minutes left in game]]></document>
		<document><![CDATA[Panthers get another one on the board. 35-13. Waiting for the point after. injured player down.]]></document>
		<document><![CDATA[@SeaquamSeahawks march in another major taking a 34-7 lead with 10:21 remaining in the game https://t.co/4enUuQTTQp]]></document>
		<document><![CDATA[Vernon finally gets on the board. Third Quarter coming to an end.
@SeaquamSeahawks  up 28-7]]></document>
		<document><![CDATA[@SeaquamSeahawks add to the points. Up 28-0 third quarter]]></document>
		<document><![CDATA[Just started the 2nd half. @SeaquamSeahawks up 21-0]]></document>
		<document><![CDATA[Seaquam gets another TD. Up 14 -0 after 1 quarter of play]]></document>
		<document><![CDATA[4 plays and a magic TD Seaquam 7-0]]></document>
		<document><![CDATA[Great start for the game for Seahawks.QB sneak stopped short.
TD Seahawks]]></document>
		<document><![CDATA[Upcoming game has Vernon Panthers play @SeaquamSeahawks]]></document>
		<document><![CDATA[Tweedsmuir defeats Mt. Douglas 17-14 to take the Junior Varsity AAA Title]]></document>
		<document><![CDATA[@rcamcole Sorry to see you leave. Enjoy retirement. Thanks for some many good articles]]></document>
		<document><![CDATA[@WHLGiants  win 2-1 in a thriller at LEC.
Kings out shot Giants 26-24]]></document>
		<document><![CDATA[heading to O/T at LEC with @WHLGiants and Brendan Wheat Kings. Tied at 1]]></document>
		<document><![CDATA[Good crowd at @WHLGiants tonight 4239]]></document>
		<document><![CDATA[Third period just started in Langley at @LangleyEvents]]></document>
		<document><![CDATA[have a better game and come home with a Win https://t.co/YPYMAqimxL]]></document>
		<document><![CDATA[@SeaquamSeahawks advance to the finals. #goseahawks https://t.co/sHEDkRD3oS]]></document>
		<document><![CDATA[Fraser Valley @MMLThunderbirds defeated Greater Vancouver @GVCanadians 4-1 at the @RichmondOval]]></document>
		<document><![CDATA[After two periods, FV @MMLThunderbirds up by a 4-1 score over Greater VAncouver @GVCanadians.]]></document>
		<document><![CDATA[Game day as the Greater Vancouver @GVCanadians host the Fraser Valley @MMLThunderbirds at @RichmondOval at 5 pm]]></document>
		<document><![CDATA[Tough loss for the boy's, but looking forward to a strong season next year. https://t.co/jaUD9InrXY]]></document>
		<document><![CDATA[Sutter Scores to make it a 2-1 game]]></document>
		<document><![CDATA[Great win by Eagles. #keepflying https://t.co/q69EdigqzL]]></document>
		<document><![CDATA[That was an interesting no goal on the play]]></document>
		<document><![CDATA[Canadian Lacrosse Hall of Fame Awards Banquet https://t.co/lem4JaG6Cn via @YouTube]]></document>
		<document><![CDATA[very neat looking. Nice to see https://t.co/FJyNbANYBP]]></document>
		<document><![CDATA[Thanks to Ernie for all his hard work. See you Saturday at the Lacrosse Hall of Fame Banquet https://t.co/f9WEoPclkT]]></document>
		<document><![CDATA[McCallum Un-Retires
For some retirement is something that you look forward to and when the day comes it never... https://t.co/S1TkKLCmZJ]]></document>
		<document><![CDATA[Cubs Curse Ends
Not sure how exactly you can describe game 7, but several come to mind and it will be a night to... https://t.co/qytX8dglH4]]></document>
		<document><![CDATA[SkyTrain delays (again) Millennium line extended VCC to Edmonds. Expo Line working KG to Edmonds. No service Edmonds to Waterfront]]></document>
		<document><![CDATA[so much for sleeping in Sunday? https://t.co/92vf2vBLUB]]></document>
		<document><![CDATA[Join myself and Greg for the call on Delta TV at 7:30 pm https://t.co/QzGD4PsuEd]]></document>
		<document><![CDATA[On this day (November 1st) in history in 1959 Jacques Plante of the Montreal Canadien became the first goalie in th… https://t.co/4E2rD7fvUB]]></document>
		<document><![CDATA[2016 World Series
History in the Making
Focus at the start for some individuals were more of being politically... https://t.co/OEPAAqbtVG]]></document>
		<document><![CDATA[History in the Making
Focus at the start for some individuals were more of being politically correct, than... https://t.co/rm4y9anxHE]]></document>
		<document><![CDATA[Jay's Noise
While many in Canada are fixed on the start of the NHL season, with the new up and coming stars of... https://t.co/C0pnZfPIaz]]></document>
		<document><![CDATA[a win for both clubs https://t.co/FrSuDyt4Dl]]></document>
		<document><![CDATA[Bet on Tampa
No NHL team has won back-to-back Stanley Cup titles since 1998, leaving the door open for other... https://t.co/qJtn2xu17a]]></document>
		<document><![CDATA[Tough, but talented team. Nice to see everyone together. https://t.co/ID9U5WMEh9]]></document>
	</documents>
</author>