<author lang="en">
	<documents>
		<document><![CDATA[The Atlanta Falcons are playing the patriots. I was also a Yankees fan. Don't know how I got out of there alive. #MushroomFM]]></document>
		<document><![CDATA[I'm today and sweetie. And I think I missed with Gino's talking about. #MushroomFM]]></document>
		<document><![CDATA[I really like this America song. #MushroomFM]]></document>
		<document><![CDATA[Hi sweetheart! I am listening. #MushroomFM]]></document>
		<document><![CDATA[The book is called the wrong girl. #MushroomFM]]></document>
		<document><![CDATA[It was called the colonial motel. #MushroomFM]]></document>
		<document><![CDATA[You can tell the whole story about me sweetheart. #MushroomFM]]></document>
		<document><![CDATA[There are 60 stories. #MushroomFM]]></document>
		<document><![CDATA[Tune and with Yorkshire tea. #MushroomFM]]></document>
		<document><![CDATA[I'm at Sky Tower in Auckland https://t.co/hkpgtYKTNu]]></document>
		<document><![CDATA[I'm at @KellyTarltons Sea Life Aquarium in Orakei, Auckland https://t.co/1Xc2WaVlqt]]></document>
		<document><![CDATA[When I answered the phone, and you guys were blasting life's been good to me so far. #MushroomFM]]></document>
		<document><![CDATA[The best one was the Joe Walsh intro #MushroomFM]]></document>
		<document><![CDATA[Parties going on up here. #MushroomFM]]></document>
		<document><![CDATA[Would any of you gentlemen like a cup of tea? #MushroomFM]]></document>
		<document><![CDATA[I'm listening and will be down later. #MushroomFM]]></document>
		<document><![CDATA[Ho ho ho! I'll be tune to Jonathan's Christmas special in one hour. #MushroomFM]]></document>
		<document><![CDATA[I like you can you Rogers version of the song. #MushroomFM]]></document>
		<document><![CDATA[Blue Christmas is my mom's favorite Christmas song #MushroomFM]]></document>
		<document><![CDATA[I like the Santa baby version. #MushroomFM]]></document>
		<document><![CDATA[Can you say hello to Sarah Presley and amount where is the seating chart is. I'm to den. #MushroomFM]]></document>
		<document><![CDATA[I really like it. I'm glad I discovered it. #MushroomFM]]></document>
		<document><![CDATA[It's called Yorkshire tea. #MushroomFM]]></document>
		<document><![CDATA[Quiet because I am trying to schedule a newspaper article for RDA. #MushroomFM]]></document>
		<document><![CDATA[Oh I thin waiting for this one for a year. LOL #MushroomFM]]></document>
		<document><![CDATA[Hi there. I am tuned in. What was your first Christmas movie? #MushroomFM]]></document>
		<document><![CDATA[I didn't really feel anything. heard the glass shake. #MushroomFM]]></document>
		<document><![CDATA[I wonder if anyone sings this to Trump? #MushroomFM]]></document>
		<document><![CDATA[Carries company gave Lindsay and Kenny real cool Christmas gifts when they were kids at their party. #MushroomFM]]></document>
		<document><![CDATA[The nuts are a mix of hazel, Brazil, walnuts, and almonds. #MushroomFM]]></document>
		<document><![CDATA[It's called Black Friday because retailers are in the black rather than red. #MushroomFM]]></document>
		<document><![CDATA[Thank you to all who tuned in to Bonair. XOXO #MushroomFM]]></document>
		<document><![CDATA[I'm at Wellington Waterfront in Wellington https://t.co/XSuX0sD2Vf]]></document>
		<document><![CDATA[Now that I will be depressed for the rest of the day. LOL. Talk about desperate housewives. #MushroomFM]]></document>
		<document><![CDATA[My fav bomb song from Tom Leer is So Long Mom I'm Off to Drop the Bomb. #MushroomFM]]></document>
		<document><![CDATA[I think it can as best as I can remember. #MushroomFM]]></document>
		<document><![CDATA[I am sure it is on Youtube. Used to have it on cassette. #MushroomFM]]></document>
		<document><![CDATA[I featured The Day After on my show. #MushroomFM]]></document>
		<document><![CDATA[Yes, American Music Awards. #MushroomFM]]></document>
		<document><![CDATA[@jajoehl74 Just waiting for the other shoe to fall. lol. #MushroomFM]]></document>
		<document><![CDATA[It's a surprise with the Alexa song. Has to do with AMA awards this evening. Hilarious. #MushroomFM]]></document>
		<document><![CDATA[If anyone has Alexa tell her goodmorning then ask her to sing a song. #MushroomFM]]></document>
		<document><![CDATA[I am tuned in with joe. #MushroomFM]]></document>
		<document><![CDATA[Thanks to all who tuned in for Bonair. #MushroomFM]]></document>
		<document><![CDATA[I'm at USDA Animal Plant Health Inspection Service in El Segundo, CA https://t.co/epNldNHSOb]]></document>
		<document><![CDATA[I'm at Crowne Plaza Los Angeles International Airport - @crowneplazalax in Los Angeles, CA w/ @jonathanmosen https://t.co/wGEzamguKv]]></document>
		<document><![CDATA[I'm at LAX Runway in Los Angeles, CA https://t.co/if0rvnzF0x]]></document>
		<document><![CDATA[I'm at Kinslow Veterinary Clinic in Lebanon, TN w/ @jonathanmosen https://t.co/NrsRFWdkw5]]></document>
		<document><![CDATA[I'm at twin oaks guest ranch in TN https://t.co/lEbF731mH5]]></document>
		<document><![CDATA[I'm at Legacy Farms in Lebanon, TN https://t.co/tKzOLwuIEd]]></document>
		<document><![CDATA[I'm at Ronald Reagan Washington National Airport in Arlington, VA https://t.co/DnZHNRyFdV]]></document>
		<document><![CDATA[@ @@ (at @WashingtonDC. in Washington, DC) https://t.co/bdkHRgXy0P]]></document>
		<document><![CDATA[I'm at South Street Creamery in Morristown, NJ w/ @jonathanmosen https://t.co/xAk4vz6x9R]]></document>
		<document><![CDATA[I'm at The Ironbound in Newark, NJ https://t.co/wsWCxmq8pU]]></document>
		<document><![CDATA[I'm at New York Penn Station in New York, NY https://t.co/JzIz3KSZVb]]></document>
		<document><![CDATA[I'm at New York Penn Station in New York, NY https://t.co/xZscxaw4b7]]></document>
		<document><![CDATA[I'm at South Station Terminal (MBTA / Amtrak) - @mbtagm in Boston, MA w/ @jonathanmosen https://t.co/A985zSjSDd]]></document>
		<document><![CDATA[I like the Celine Dion song. #MushroomFM]]></document>
		<document><![CDATA[Hi sweetheart. I am officially turned in with my cup of Joe. #MushroomFM]]></document>
		<document><![CDATA[I'm from Georgia. Number #MushroomFM]]></document>
		<document><![CDATA[Not to mention how much that wedding song confused Richard. No #MushroomFM]]></document>
		<document><![CDATA[This song is one that gets stuck in my head krait quite frequently. #MushroomFM]]></document>
		<document><![CDATA[I am tune did with Joe, sweetheart. #MushroomFM]]></document>
		<document><![CDATA[I haven't seen a place this crowded since leaving Boston. Can't wait to get to the barn. (@ Kaizen) https://t.co/HcBsB4HSK5]]></document>
		<document><![CDATA[Hi sweetheart. I'm tune and with Joe but getting ready to go down and work out. Will be listening there. #MushroomFM]]></document>
		<document><![CDATA[Thanks to all who tuned in to Bonair. xoxo #MushroomFM]]></document>
		<document><![CDATA[@kyle_cogan probably. #MushroomFM]]></document>
		<document><![CDATA[@kyle_cogan We've had quite a bit of rain here too. #MushroomFM]]></document>
		<document><![CDATA[@MaliaBender Lol. They are fun. #MushroomFM]]></document>
		<document><![CDATA[@kyle_cogan Welcome. #MushroomFM]]></document>
		<document><![CDATA[@MaliaBender Oh happy happy birthday and welcome. #MushroomFM]]></document>
		<document><![CDATA[@PaulineMosen We are well, thanks. Dreary day here, but warm inside. #MushroomFM]]></document>
		<document><![CDATA[@pyyhkala Sorry just saw that. That is cool. Still have my card. Wonder if can use while there.]]></document>
		<document><![CDATA[@JonathanMosen He'd probably give you one. It's called Kona ice. #MushroomFM]]></document>
		<document><![CDATA[@toonhead I can sort of understand why it wouldn't work. Now I'm hungry for this stuff. #MushroomFM]]></document>
		<document><![CDATA[My nephew-in-law has a snowcone truck now and travels local events. #MushroomFM]]></document>
		<document><![CDATA[@toonhead You can have mine! smile Hear Disneyland has a cheesecake one now. #MushroomfM]]></document>
		<document><![CDATA[NYC and Bose were famous for their street fairs and ethnic festivals. #MushroomFM]]></document>
		<document><![CDATA[No that's the cotton candy. Have never had and will never have fried twinkies etc. #MushroomFM]]></document>
		<document><![CDATA[@JonathanMosen And messy and sticky. And no real taste. Just soft #MushroomfM]]></document>
		<document><![CDATA[@SnowWhiteFM Thank you.]]></document>
		<document><![CDATA[At fair there are funnel cakes, snowcones, hot dogs, fried twinkies and oreos. #MushroomFM]]></document>
		<document><![CDATA[Caramel or candy  apple. #MushroomfM]]></document>
		<document><![CDATA[I can't remember the last time I had cotton candy. That is probably a good thing. #MushroomFM]]></document>
		<document><![CDATA[Thanks to all who tuned in to Bonair. xoxo #MushroomFM]]></document>
		<document><![CDATA[@PaulineMosen Welcome. Great they dropped in. #MushroomFM]]></document>
		<document><![CDATA[@JonathanMosen I think Andrew appeared with George on somthing. #MushroomFM]]></document>
		<document><![CDATA[@N8lxShirley I may have had that too. ick. #MushroomFM]]></document>
		<document><![CDATA[@sarahillismusic Now I'm going to have to watch that again. lol #MushroomFM]]></document>
		<document><![CDATA[@gbjohnson30 We did that once at an MCB get together. #MushroomFM]]></document>
		<document><![CDATA[@N8lxShirley I think I've had that lunch. ol #MushroomFM]]></document>
		<document><![CDATA[@N8lxShirley The Listen https://t.co/fAoyoTtbJB. #MushroomFM]]></document>
		<document><![CDATA[@sarahillismusic Oh dear. Not yet but will. #MushroomFM]]></document>
		<document><![CDATA[@sarahillismusic It's hysterical. I wish I could remember some of them. lol #MushroomFM]]></document>
		<document><![CDATA[@N8lxShirley Oh that is so much fun. lol #MushroomFM]]></document>
		<document><![CDATA[@silbuzz Love Styx. #MushroomFM]]></document>
		<document><![CDATA[@silbuzz It's a great track. #MushroomFM]]></document>
		<document><![CDATA[@JonathanMosen Will get it on for you. Welcome to the show, sweetie. #MushroomFM]]></document>
		<document><![CDATA[@gbjohnson30 Cool. To bad he isn't at Mushroomstock. #MushroomFM]]></document>
		<document><![CDATA[@gbjohnson30 @JonathanMosen And the Sox have beat the pants off the Yanks. #MushroomFM]]></document>
	</documents>
</author>