<author lang="en">
	<documents>
		<document><![CDATA[Wtf is this account? https://t.co/vzjjl4ZyIr]]></document>
		<document><![CDATA[Remember when @GenScrewedCdn said they were none partisan then hired a bunch of far right mayonaise jars? https://t.co/mLyYCp0hQD]]></document>
		<document><![CDATA[I friggin love this kid, he's incredible! https://t.co/uHbiThdgTF]]></document>
		<document><![CDATA[Largely because he's the embodiment of evil white nationalist garbage. https://t.co/VyJXSkrs7J]]></document>
		<document><![CDATA[@thebasementtan I'd say a face like a damp used paper towel, but with less integrity.]]></document>
		<document><![CDATA[This feels like if I were to narrate my own life. https://t.co/at6O5gceoB]]></document>
		<document><![CDATA[** Confused.]]></document>
		<document><![CDATA[If you're confusing, those organizations are Right wing, crazy right wing, and ultra right wing, respectively. https://t.co/KVuy0RPuiI]]></document>
		<document><![CDATA[I absolutely love that image. https://t.co/p5PAglEAk3]]></document>
		<document><![CDATA[An organization started by the Canadian Taxpayers Federation &amp; hiring Rebel Media &amp; Sun Media bigs, is NOT non-partisan.]]></document>
		<document><![CDATA["Doesn’t have a partisan axe to grind" claims the organization that hired almost exclusively right and ultra right… https://t.co/R1Sqd7wNQp]]></document>
		<document><![CDATA[@nosolemoo Plus two horrible white ladies.]]></document>
		<document><![CDATA[@nosolemoo It's a who's who of horrible white guys. https://t.co/5VRXCUSSWs]]></document>
		<document><![CDATA[I grade my anxiety on a 100 point scale. Because.]]></document>
		<document><![CDATA[This brought my anxiety down about 15 points. https://t.co/WpKwZx1kZ4]]></document>
		<document><![CDATA[Pro tip; there's not such thing as "borderline racist". Just racist. https://t.co/ssQ6WghvDS]]></document>
		<document><![CDATA[Too little too late was exactly my thought process. https://t.co/8VVrZ5ywle]]></document>
		<document><![CDATA[Side note: Bisexual frat boy should have been my brand in college, I feel that was a missed opportunity.]]></document>
		<document><![CDATA[Don't totally agree on all points, but this is an interesting take. https://t.co/zVdAgzdoMs]]></document>
		<document><![CDATA[But don't, under any circumstances make love in a war zone. https://t.co/56WeFaRcZj]]></document>
		<document><![CDATA[I know plenty of people who have done lots of pot without becoming homonationalist asshats. Try again. https://t.co/OK0MXVs4iT]]></document>
		<document><![CDATA[I'm limiting SM today. i just can't. I need a mental health day. My anxiety is pinging all over the place.]]></document>
		<document><![CDATA[Honestly, my puppy is almost the only thing keeping me hanging on these days. #puppylove https://t.co/sRiiRjWwo3]]></document>
		<document><![CDATA[Read this thread immediately. https://t.co/2WSuxcvu7S]]></document>
		<document><![CDATA[Canada, here's another way we can clean house. https://t.co/BK7vLFLTIh]]></document>
		<document><![CDATA[Oh good a lesbian for show kiss. But no actual gay girls.]]></document>
		<document><![CDATA[I swear to god Jughead better not be straight. If he's not ace I'll flip. https://t.co/dLuQ2u03sm]]></document>
		<document><![CDATA[Also I'm over the unbearable straightness. This should be about Josie. And Kevin. Archie should just stand there wi… https://t.co/5nY0omvSiW]]></document>
		<document><![CDATA[This is weird. Why is Miss Grundy not 80?]]></document>
		<document><![CDATA[Getting to Riverdale and holy fuck Josie and the Pussycats are incredible!!]]></document>
		<document><![CDATA[Good night all. Keep up the good fight. I believe we will win. But I weep for the casualties we've lost.]]></document>
		<document><![CDATA[I'm so tired. My heart is torn apart for the Muslim community in Quebec.]]></document>
		<document><![CDATA[Real evil was in Quebec tonight. The evil that penetrated the White House - the same evil is here in Canada.]]></document>
		<document><![CDATA[I'm just beyond words at this point. Anyone with the slightest hint of compassion is.]]></document>
		<document><![CDATA[Canada, we need to talk about our racism problem.]]></document>
		<document><![CDATA[During prayers. How cowardly and evil can you possibly be?]]></document>
		<document><![CDATA[Canada we need to clean up house. Now. Right. Fucking. Now.]]></document>
		<document><![CDATA[Oh good, the assholes are coming out of the woodwork. https://t.co/l6eyO7eEyp]]></document>
		<document><![CDATA[What exactly does one get cowardly jellyfish for his birthday? https://t.co/QcVHz7i71p]]></document>
		<document><![CDATA[If you struggle with the conventions of writing to Federal ministers and MPs use this handy guide. https://t.co/TUGxS34h2k]]></document>
		<document><![CDATA[Also reach out the the Hon. Ahmed Hussen, Canadian Minster of Immigration. https://t.co/L5y4zUZGcQ]]></document>
		<document><![CDATA[Everything helps. We need to inundate them with pressure. https://t.co/fG75yWodvR]]></document>
		<document><![CDATA[This is a tangible, real way Canadians can help the horrific things happening in the states. https://t.co/UaBSTvMs9o]]></document>
		<document><![CDATA[The most direct and efficient way is to call. I'm sending an email and calling. Letters are good but take time. Pho… https://t.co/VAGfDBeEXg]]></document>
		<document><![CDATA[Canada, do not fall into the trap of thinking this is not our problem. It is our problem &amp; we have a duty to do something about it.]]></document>
		<document><![CDATA[If we are serious about fighting Trumpism &amp; far right fascism in Canada, this is how we can prove it right now. Do not be silent.]]></document>
		<document><![CDATA[I encourage you to do what you can to do the same. Email or write, or visit your MP in person if possible.]]></document>
		<document><![CDATA[My anxiety makes speaking on the phone very difficult. I plan to do everything I can to make calls b/c this is vitally important.]]></document>
		<document><![CDATA[You can also contact RH Trudeau's office directly here. Do both. https://t.co/SO4y5yq1cw]]></document>
		<document><![CDATA[If you do know know who your local MP is, there is a search function to input your post code to find out. https://t.co/wpvxJgnVoY]]></document>
		<document><![CDATA[Here is a list of Canadian MPs &amp; their contact info locally and on Parliament hill. Make your voice heard. https://t.co/wpvxJgnVoY]]></document>
		<document><![CDATA[We pride ourselves on being diverse, humanitarians &amp; peacekeepers. We fall short often. This is how we can start to earn those titles.]]></document>
		<document><![CDATA[Call, email, write, visit your MPs and ask they pressure Parliament to allow entry to those stranded at the US ports of entry.]]></document>
		<document><![CDATA[It is vital that we hold PM @JustinTrudeau accountable to this statement, and aid those in crisis. https://t.co/3JIF5qlu5A]]></document>
		<document><![CDATA[Canadians, it is our responsibility to contact local MPs to demand Trudeau's gov't grant immediate visas for those… https://t.co/vPoJb6JAxd]]></document>
		<document><![CDATA[Hey @MattWalshBlog &amp; co, since you don't seem to know, this what being a Christian is supposed to look like. https://t.co/yvPpGyrKIC]]></document>
		<document><![CDATA[This is a press release &amp; petition to the area MP by a multifaith Vancouver group &amp; the church I work w/ in respons… https://t.co/xjjqGl8kFB]]></document>
		<document><![CDATA[This is self care for me. https://t.co/5rJb7JUcVj]]></document>
		<document><![CDATA[Let's be clear: They don't give a shit about queer, disabled, communist, or any other prisoners. This is a pointedl… https://t.co/GHYcV8Y5GB]]></document>
		<document><![CDATA[Fuck you you coward. You would turn them away then like you are now. https://t.co/Zef3q4wL1I]]></document>
		<document><![CDATA[@GOP Say something you fucking cowards. History will remember your cowardice.]]></document>
		<document><![CDATA[This is heartbreaking. https://t.co/sDtkzZKbKw]]></document>
		<document><![CDATA[WTF is this @Newsweek? https://t.co/4iE12JZLLZ]]></document>
		<document><![CDATA[The Four Cowards of the Trumpocalypse #MuslimBan #NoBanNoWall https://t.co/aK2EsrcmAI]]></document>
		<document><![CDATA[Can we stop pretending the nazi/Hilter comparisons are extreme now? https://t.co/5MaJZ3vlxZ]]></document>
		<document><![CDATA[Makes sensew/ his actions if you think fetuses and ultra rich white dudes are the most vulnerable. #NoBanNoWall https://t.co/k1VCJY6Amh]]></document>
		<document><![CDATA[And FFS, everyone stop defending literal nazis. Like are you shitting me?]]></document>
		<document><![CDATA[It is vital we resist trumpist rhetoric in all it's forms. Canada, let's get our shit together or we're useless in resisting.]]></document>
		<document><![CDATA[For all his faults, PM Trudeau is taking a stand. I hope he stands firm &amp; will help keep his parliment accountable.
https://t.co/3JIF5qlu5A]]></document>
		<document><![CDATA[The time for complacency, talking points &amp; hypotheticals has past. It is time for action. In the US and here in Canada. #NoBanNoWall]]></document>
		<document><![CDATA[(Ignore that apostrophe)]]></document>
		<document><![CDATA[Canadian's must fight the populist rhetoric that is emerging in our own political climate. Trumpism must not grab a foothold in our nation.]]></document>
		<document><![CDATA[This has been a long time coming, but we must work in the here and now to undo the stench of hypocrisy &amp; bigotry currently running the WH.]]></document>
		<document><![CDATA[I hesitate when saying evil b/c of the word's strenghth. But surely if evil exists, this is it. #NoBanNoWall]]></document>
		<document><![CDATA[This administration has opened my eyes to the diseminated and widespread evil in the US. It has betrayed my ignorance. No more.]]></document>
		<document><![CDATA[Thank you for being clear about where Canadan stands. This is so important. https://t.co/3JIF5qlu5A]]></document>
		<document><![CDATA[For real though. Maybe not all Christians sure, but too many. It should be NO Christians. Take responsibility and fight this. @revjonathan16]]></document>
		<document><![CDATA[Fuck you, you're nothing but a party of cowards and hypocrites. https://t.co/3BmDHl9U9C]]></document>
		<document><![CDATA[So close, and yet so far. https://t.co/yhz6AKyjHU]]></document>
		<document><![CDATA[Reminder that Mike Pence is a sack of warm trash. https://t.co/9TCGKI9nT1]]></document>
		<document><![CDATA[@revjonathan16 Why he look like he's wearing his dad's poorly tailored suit?]]></document>
		<document><![CDATA[Whoops read that wrong.]]></document>
		<document><![CDATA[Holy. Shit. https://t.co/uw8LOSb9D0]]></document>
		<document><![CDATA[First of all, this is a painting, not a photo. Also, why is Jesus white? https://t.co/dmfON5cEZN]]></document>
		<document><![CDATA[This is possibly my favourite ever. https://t.co/rp5SybiCwn]]></document>
		<document><![CDATA[Coward. Motherfucking coward. https://t.co/jk2wyznRuh]]></document>
		<document><![CDATA[alt-Government thread https://t.co/smXT8ninSc]]></document>
		<document><![CDATA[Reminder that @gaysfortrump are traitors and @SpeakerRyan is a coward.]]></document>
		<document><![CDATA[Sure. Not horrifying at all. https://t.co/mp9vKK50QS]]></document>
		<document><![CDATA[So those of you who keep saying Hitler comparisons are too much too early: HOW ABOUT FUCKING NOW? https://t.co/YxJhPf0FkH]]></document>
		<document><![CDATA[I'm signing of for the night, awaiting what atrocities will come tomorrow.]]></document>
		<document><![CDATA[Straight ppl, why you flirt like that? Who hurt you?]]></document>
		<document><![CDATA[EEWW ONE'S TRYING TO FLIRT! This is sad.]]></document>
		<document><![CDATA[There are so many straight ppl on this train help I'm surrounded send rainbow coloured cakes]]></document>
		<document><![CDATA[A LITTLE LOUDER FOR THE ASSHOLES IN THE BACK https://t.co/n82ytjfjsx]]></document>
		<document><![CDATA[Fuck if this isn't the realest thread. https://t.co/VxIvw3k0cA]]></document>
		<document><![CDATA[This is exactly how imagine parenting to be. https://t.co/JJygVrZX66]]></document>
		<document><![CDATA[I'm not sure why women in camo hunting gear spouting about "not my march" keep popping up in my FB feed, but it's really irriating me.]]></document>
		<document><![CDATA[I get they can't do the mutant thing, but there was zero reason not to have them as Romani in the films. https://t.co/8czJsxc8LJ]]></document>
		<document><![CDATA[I mean, it very clearly does have a connection to race. https://t.co/hm3O6BEzXC]]></document>
	</documents>
</author>