<author lang="en">
	<documents>
		<document><![CDATA[@J_ChapoDRS these threads are so true💯]]></document>
		<document><![CDATA[I just pray the streets don't take my kids father away😩🙌🏾🙏🏾]]></document>
		<document><![CDATA[@BlacRosePopping wassup crazy lady😂😊]]></document>
		<document><![CDATA[Awww without these filters you so called bad bitches is bad lookingggg😭😭😭😂😂]]></document>
		<document><![CDATA[Soon as my daughter go to sleep I am too😩]]></document>
		<document><![CDATA[@foreigntrippin I'm telling you🙄]]></document>
		<document><![CDATA[These niggas need to know the streets don't love them💯]]></document>
		<document><![CDATA[I just want God to keep on blessing me I promise I'm trying my best 🤗🙌🏾]]></document>
		<document><![CDATA[As long as I do my part as a mother Idc about shit else, my kids going to be straight 💪🏾💯]]></document>
		<document><![CDATA[@MoneyBagLik Thank you💪🏾😂💯]]></document>
		<document><![CDATA[@aamberellaa @DoeHadEm They told me 6 weeks too]]></document>
		<document><![CDATA[I don't like none of these fake ass so called real niggas🙄]]></document>
		<document><![CDATA[I hate I always wake up through the night 😩]]></document>
		<document><![CDATA[@MoneyBagLik Cause that nigga don't care💯]]></document>
		<document><![CDATA[@itsherbeautyy What you use and I gave European wax center your name I went ☺️]]></document>
		<document><![CDATA[Apple lounge was real chilled last week I think that's my new spot🤔]]></document>
		<document><![CDATA[These niggas be dick riding too much 🙄😒]]></document>
		<document><![CDATA[I don't have no room to be worried about none of you bitches or none of you niggas I have stuff I'm trying to accomplish]]></document>
		<document><![CDATA[I be so happy when it's just me and my kids I swear ☺️🤗]]></document>
		<document><![CDATA[I'm so tired of being nice to ppl but I don't wanna be mean neither and block blessings😔]]></document>
		<document><![CDATA[@foreigntrippin You welcome 😘]]></document>
		<document><![CDATA[Life is great 😊]]></document>
		<document><![CDATA[My kids be in bed every night no later than 9:30 than God🤗]]></document>
		<document><![CDATA[Everyday I get on here I see bitches tweeting liessss😩😭😭😂]]></document>
		<document><![CDATA[It's 2017 and you bitches still be doing all this bluffing on social media🙄]]></document>
		<document><![CDATA[My daughter about to be 1 already 🤗]]></document>
		<document><![CDATA[@toohighsidity When it come on?]]></document>
		<document><![CDATA[I'm hungry but idk what I want🤔]]></document>
		<document><![CDATA[😫bored af, hate waking up out my sleep😒]]></document>
		<document><![CDATA[These next two weekends about to be lit🤘🏾]]></document>
		<document><![CDATA[Can't wait to start my new job 🙏🏾]]></document>
		<document><![CDATA[@MoneyBagLik It really do 🙄]]></document>
		<document><![CDATA[My legs hurt so bad 😩😩 and idk why]]></document>
		<document><![CDATA[@GoodDayBitches Whatever 🙄]]></document>
		<document><![CDATA[@GoodDayBitches That's crazy 🙄😒]]></document>
		<document><![CDATA[I been to myself summer 16 showed me a lot!]]></document>
		<document><![CDATA[Let me make these tacos 🌮]]></document>
		<document><![CDATA[I can't wait until Wynter go to sleep 😩😩]]></document>
		<document><![CDATA[Should of called me https://t.co/CAWz1UPblZ]]></document>
		<document><![CDATA[Been up all morning 😩]]></document>
		<document><![CDATA[My bf get with his friends &amp; switch up I hate that fake shit😒]]></document>
		<document><![CDATA[I'm always with my kids never in the streets 💯💪🏾]]></document>
		<document><![CDATA[This weather tricky]]></document>
		<document><![CDATA[Bitches hate me in the worse way😂😂😂]]></document>
		<document><![CDATA[Our son is going to be my valentines and our daughter is going to be her fathers but we all going to be each other's 👨‍👩‍👧‍👦]]></document>
		<document><![CDATA[@itsherbeautyy Them ain't friends then 💯]]></document>
		<document><![CDATA[Too high 😩]]></document>
		<document><![CDATA[@GoodDayBitches And they so in love with us 😩]]></document>
		<document><![CDATA[This year is going to be littttty🤘🏾]]></document>
		<document><![CDATA[I don't hang with bitches that talk about me and I don't talk about bitches then talk to them💯]]></document>
		<document><![CDATA[I don't have no one to cut off cause I don't be with ppl I don't like😊]]></document>
		<document><![CDATA[Whole bottle of patron and I don't want none😩😩]]></document>
		<document><![CDATA[I'm annoyed 😒]]></document>
		<document><![CDATA[I don't want no shady shit or ppl around me💯]]></document>
		<document><![CDATA[I really be staying to myself and I love it☺]]></document>
		<document><![CDATA[@BlacRosePopping 😭😂 never been that I'm about to text you]]></document>
		<document><![CDATA[@KetchupBitches Sis back in here 🤘🏾]]></document>
		<document><![CDATA[I can say with confidence my boyfriend don't cheat💯💪🏾]]></document>
		<document><![CDATA[@BlacRosePopping Iight boo]]></document>
		<document><![CDATA[Friday I gotta get my hair done and eyebrows threaded 🙄]]></document>
		<document><![CDATA[It was over due for my nails &amp; feet😩]]></document>
		<document><![CDATA[@Teeee_Whyyyyy I know! I'm trying to get help now I see a therapist but this is just me 😩😂]]></document>
		<document><![CDATA[We really are, I be putting los through it😩😩 https://t.co/rKcIkmq59X]]></document>
		<document><![CDATA[I called you https://t.co/t8sdZ9SkGe]]></document>
		<document><![CDATA[I had to drive to work in this😩]]></document>
		<document><![CDATA[😩😂😂😂😂 my Bestfriend about to be laughing at my text I just sent her]]></document>
		<document><![CDATA[@_DolllBabyy What's the address? I want to come up there Monday and get one]]></document>
		<document><![CDATA[I'm starting to think y'all niggas fucking y'all men 🤔 y'all be on they dick more than y'all bitch😑]]></document>
		<document><![CDATA[My back hurts😩 I been working my ass off just so my kids can have a nice Christmas like every. Other year 💯💪🏾]]></document>
		<document><![CDATA[When it comes to this parenting me and my boyfriend got this🔐💪🏾]]></document>
		<document><![CDATA[I need to do my FASFA Friday for my online classes]]></document>
		<document><![CDATA[I really see me changing cause I don't care for nothing unless it's making money]]></document>
		<document><![CDATA[All 10 hour shifts this week we'll really almost every week😩😩 with one day off💰]]></document>
		<document><![CDATA[Glad my boyfriend home😏 we be press for each other]]></document>
		<document><![CDATA[Wrong person! U ain't text me shit I can screenshot.. https://t.co/HkMDQrAOC2]]></document>
		<document><![CDATA[That's why you was ignoring me🙄 that's sad https://t.co/PNLAtMvM9q]]></document>
		<document><![CDATA[#lrt but a lot of these bitches want mines🤔 too bad I got this spot on 🔐lock]]></document>
		<document><![CDATA[I can honestly say I don't chitter chat with none of these bitches💯]]></document>
		<document><![CDATA[I only have one day off this week 😩]]></document>
		<document><![CDATA[Hate washing clothes 😭]]></document>
		<document><![CDATA[Even if it wasn't me it still wouldn't be you😌]]></document>
		<document><![CDATA[Bitches mad cause they can't take my spot🙄💯]]></document>
		<document><![CDATA[Bitches always tryna be funny like what's up😑🙄]]></document>
		<document><![CDATA[Who your GF? And I'm not coming them dirty ass bitch and you blocked https://t.co/dRPh6nlYiV]]></document>
		<document><![CDATA[I went to sleep to early now I'm up!]]></document>
		<document><![CDATA[It's burrrr outside 😩]]></document>
		<document><![CDATA[What should I get my best friend for xmas🤔]]></document>
		<document><![CDATA[God has really been working in my favor he's always on time!]]></document>
		<document><![CDATA[I been working like shit can't wait to start job #2 🙌🏾]]></document>
		<document><![CDATA[@GoodDayBitches on twitter but seem me call]]></document>
		<document><![CDATA[Can't keep letting fuck niggas break your heart💯]]></document>
		<document><![CDATA[Ppl keep saying I got thick 😍😏]]></document>
		<document><![CDATA[The only ppl I send nudes to is my friends 😫😂😭😭😭]]></document>
		<document><![CDATA[Thinking about Marcus, shit jy fucked it this hit home😣]]></document>
		<document><![CDATA[That's good 😫 https://t.co/3jjr7vLbX7]]></document>
		<document><![CDATA[I don't think I'm mean but someone said that today 😂😂 I'm mean 😉 https://t.co/jTqFvvrSdP]]></document>
		<document><![CDATA[#lrt it definitely is &amp; my nigga the best I EVER had😩😩😩😩]]></document>
		<document><![CDATA[@GoodDayBitches we definitely do but you more meaner😩😂]]></document>
		<document><![CDATA[@GoodDayBitches you going to look cute😜]]></document>
		<document><![CDATA[@Teeee_Whyyyyy I didn't get a call🤔 I'm about to text you]]></document>
	</documents>
</author>