<author lang="en">
	<documents>
		<document><![CDATA[@faaaactt 
If the right people get lost on their way to my place, that's OK I like my solitude and am pretty self sufficient.]]></document>
		<document><![CDATA[@sunnydaypub @noveliciouss when I'm writing I am in my element and life is good. It truly is when I am at my happiest.]]></document>
		<document><![CDATA[My number one cheerleader is NOT a #family member, a #lover or a #friend. My biggest supporter is my high school ar… https://t.co/dAnEjTvQ9M]]></document>
		<document><![CDATA[@BobWSolutions I gave so much the tank is empty.]]></document>
		<document><![CDATA[@mosesabu8 @marshawright Not only do I let them go I give them a good push out the door Still waiting on the one who deserves to stay inside]]></document>
		<document><![CDATA[@booksandthebear OK that is just too cute.... Getting off my ass now.]]></document>
		<document><![CDATA[@SteveMcEllis @quotes In my house, she seems to win more than I do. She's one smart confident cookie and her mother is a mess.]]></document>
		<document><![CDATA[@_TravisDevon @marshawright  I learned how to not believe others doubts by removing them from my life, sorry mom!]]></document>
		<document><![CDATA[@JenniferAPatino @oliviamccabe72 #coffee emergency. https://t.co/GfnAbqBh3M]]></document>
		<document><![CDATA[HELP  I boosted a post on @Facebook. The perimeters R women 40-65+ The instagram likes R teen a/c not within ages I wanted. #onlinemarketing]]></document>
		<document><![CDATA[@StefanHeineken It was supposed to be funny. Yes my kids are beyond Awesome. And so are my friends - I wrote a novel from all the stories.]]></document>
		<document><![CDATA[@Melissa_AFV @POTUS @Von_Maur There is a difference between encouraging and mandating. That's the issue. Being able to chose pants or skirt]]></document>
		<document><![CDATA[What I love about #DressLikeAWoman is how many women are kicking butt in careers I never knew existed. You are all… https://t.co/DvZjgghYUC]]></document>
		<document><![CDATA[@greg_meritt @JonDigbyAuthor Love the cover]]></document>
		<document><![CDATA[#divorce #blessings I now chose to be #alone and live #life on my terms

#TheStruggleIsReal #SINGLEMOTHER… https://t.co/SA0307k47I]]></document>
		<document><![CDATA[It's #love month. How does your partner make you feel special? 

#relationships #dating #marriage #boyfriend… https://t.co/lO1RrMcy28]]></document>
		<document><![CDATA[What makes your man perfect for you? What does he do for you? If you're single what do you want in a man?… https://t.co/X6Xu0WfFG5]]></document>
		<document><![CDATA[Went grocery shopping and forgot to pick up something... 

#coffee #coffeetime #coffeeaddict #coffeelovers 

How ca… https://t.co/mlusDb1eHJ]]></document>
		<document><![CDATA[@oliviamccabe72 @tonyvarrato lol. Yeah I have that habit too. Helps to keep the mind focused on ideas.]]></document>
		<document><![CDATA[@marshawright I'd be dead right now. 

I would have left my marriage the first time I wanted to. I wouldn't have tried to please my mom.]]></document>
		<document><![CDATA[@StefanHeineken since two are my kids and two are friends who think I'm their therapist... That explains a lot.]]></document>
		<document><![CDATA[@JenniferAPatino @oliviamccabe72 coffee does the trick for everything. My addiction and I'm out of coffee beans.]]></document>
		<document><![CDATA[@oliviamccabe72 @WineandWordsBE I wish I knew more creative people. He'll I wish I knew more people.]]></document>
		<document><![CDATA[@oliviamccabe72 @tonyvarrato I knit to get my mind working to. It's the mindless repetition. Driving in silence works too]]></document>
		<document><![CDATA[@gregorcollins Love it when big Bros make time for their Lil sisters.]]></document>
		<document><![CDATA[@firedancer71 @RethinkDep you are lucky to have that support. Hold him close, he is a rare gem.]]></document>
		<document><![CDATA[@AWOE1984 @RethinkDep Interesting. I have yet to meet a person who truly did both. I guess if they really tried they might get it.]]></document>
		<document><![CDATA[@RethinkDep very true. Once you explain it to  someone they look at you like you're crazy and just need a PMA adjustment.]]></document>
		<document><![CDATA[@CeeCeeClark @TryNewBooks Thank you.]]></document>
		<document><![CDATA[@EmmaWarnerReed mine are teens now and don't want me reading to them]]></document>
		<document><![CDATA[@TsawwassenMills Impressed with your quick response and engagement. Good #socialmedia practice TM]]></document>
		<document><![CDATA[At @TsawwassenMills There are zero stores carrying plus sizes. I guess my $ is no good here. Typical #Vancouver #fashion
#plussizefashion]]></document>
		<document><![CDATA[#bookquotes  
He's married what did you expect? 
That he'd give a sh** about me
Hun. He's married his wife won't le… https://t.co/TmGKA1jzBD]]></document>
		<document><![CDATA[What does your perfect man look like? 

#onlinedating #dating #relationships #pof #tinder #okc #love #theperfectman… https://t.co/g91kOreE3j]]></document>
		<document><![CDATA[@Andrew_CVB and with the amount of pain life has given to those who share their stories with me for my books... I never will run out]]></document>
		<document><![CDATA[@myselfandhealth people don't understand that depression prevents a person from asking for help and from helping themselves.]]></document>
		<document><![CDATA[@EmmaWarnerReed I 💕 reading books to my kids when they were small. We'd cuddle up in bed &amp; they always stayed up too late 4 the next chapter]]></document>
		<document><![CDATA[Your opinion.

When do you post your new #job on @LinkedIn? When you get it or after probation period? 

#jobsearch #career #linkedin]]></document>
		<document><![CDATA[@ericomuro I don't need everyone to understand. I want one special man willing to put in the effort to understand and visa versa.]]></document>
		<document><![CDATA[@WhispersFromCat wish I had a BFF like that.]]></document>
		<document><![CDATA[@NikaStewart I tell clients to chose their top five keywords as it relates to their business and focus on creating quality content.]]></document>
		<document><![CDATA[Watching #snow cover everything outside my window in icing sugar dust while cuddling my pillow &amp; hiding fr the worl… https://t.co/pqoCP5gAHs]]></document>
		<document><![CDATA[@bfraser747 @fanman138 @MissDiagnosis With you there. It seems like we ignore everything until it can be used for our own interests.]]></document>
		<document><![CDATA[#datingtip for #men #Communication is key say what you mean and do what you say 
Be clear b/c  A #woman will hear t… https://t.co/8wWlqgCbQX]]></document>
		<document><![CDATA[Many #women share their #stories with me for my #books &amp; I appreciate them for their courage #Life is filled with… https://t.co/z2duH8dckT]]></document>
		<document><![CDATA[@marshawright Good advice for all digital communication tools.]]></document>
		<document><![CDATA[@WhispersFromCat you are fortunate to have a #friend who cares enough to cheer you up with #coffee. Those are the best ones to have.]]></document>
		<document><![CDATA[When you end it with someone who doesn't care it hurts all the more b/c you realize you meant nothing… https://t.co/m4BHB14EpX]]></document>
		<document><![CDATA[Was there ever a time when it was simple to be 40 something? 

#chicklit #novel #bookworm #bookblogger #booklover… https://t.co/dmm8yuJeHD]]></document>
		<document><![CDATA[When you end it with someone who doesn't care it hurts all the more b/c you realize you meant nothing

#onlinedating #dating #relationships]]></document>
		<document><![CDATA[#onlinedating is #depressing Which is why I find the funniest #stories I can to add to my #books Got any to share?… https://t.co/0pmaS1qrgg]]></document>
		<document><![CDATA[If you won't be there when my life is hard why would I want you there when life is easy? 

#dating #pof… https://t.co/N7BlUGGtWd]]></document>
		<document><![CDATA[@giladsal you started it... 😉😎]]></document>
		<document><![CDATA[@TheSarahFader @CStreetlights I've learned a lot in 43 years of being a giver and being disappointed by others lack… https://t.co/Yst6zptdxK]]></document>
		<document><![CDATA[If you won't be there when my life is hard why would I want you there when life is easy? 

#onlinedating… https://t.co/njIgnAiMqI]]></document>
		<document><![CDATA[@CStreetlights @TheSarahFader You have to ask yourself some tough ?s. Why are you helping? What are you hoping for? Is it your problem?]]></document>
		<document><![CDATA[@TheSarahFader @CStreetlights I learned to limit my time w those who prove to be takers. 30 min. That way I don't get drawn into their drama]]></document>
		<document><![CDATA[@TheSarahFader @CStreetlights we do this b/c it's who we are. Givers supporters and listeners. Takers will always find us.]]></document>
		<document><![CDATA[@TheSarahFader It's not a bad habit. It says a lot about your big heart and their selfish one. People will always disappoint. Stay different]]></document>
		<document><![CDATA[@sbparnell @Jaimi_SAHMSG stow the shame, pack it away, keep shaming language at bay. I'm blunt and to the point. Talk about it often]]></document>
		<document><![CDATA[At least the story is edge of your seat entertaining. https://t.co/yCo9b5PUwY]]></document>
		<document><![CDATA[@elle_rush another one....]]></document>
		<document><![CDATA[I just want to sit with a cup of #coffee, hide from the #world &amp; all its #problems today. 

#life #ThursdayThoughts #Peace #relax #silence]]></document>
		<document><![CDATA[@SDanzger @qz and here I thought the whole purpose of meetings was to waste time looking like you are worth your pay cheque. Doing it wrong]]></document>
		<document><![CDATA[@unclerayscrazy love this. Laughing my head off... yep it's over there on the floor about to roll down the stairs. Laughing all the way.]]></document>
		<document><![CDATA[@DennisCardiff that's one lesson my son has learned well. Taking responsibility and dealing with the consequences of his actions]]></document>
		<document><![CDATA[@TheDennisWagner I love this quote. I'm tired of being judged.]]></document>
		<document><![CDATA[@NandosPeriPeri w my #daughter . She's laughing at me b/c I think the rice is too spicy. 

❤ #momdaughter time.… https://t.co/1zyxt5Jd4V]]></document>
		<document><![CDATA[My interview with Aimee Brown. https://t.co/9ZDdZvI6iU]]></document>
		<document><![CDATA[@FlorenceJBeauc Most definitely... why are all the great ones taken?]]></document>
		<document><![CDATA[Watching Friends Rachel applies for work w/ paper, envelopes, &amp; stamps Our lives have changed &amp; they haven't as I email my #resumes]]></document>
		<document><![CDATA[@NewCareerGuru I know this job search is slowly killing me from the inside. No one cares if my kids and I end up homeless.]]></document>
		<document><![CDATA[I get it #men I'm not the most desirable option on #onlinedating But pls do what you say &amp; stop w/ the empty promises #thestruggleisreal]]></document>
		<document><![CDATA[@NewCareerGuru If only I could be a robot. Counting sounds less painful than emotions]]></document>
		<document><![CDATA[I don't usually go for these things, I tried it and wow. It does know me and what emotion is gripping me right now.… https://t.co/SVRG6kVvEz]]></document>
		<document><![CDATA[@regina_bake sorry to hear he did. Glad to hear you took action to find out. I have some #funnystories about how th… https://t.co/FKGVAjdpgd]]></document>
		<document><![CDATA[The hardest part of being a #mom is watching your #kids fail over and over again. 

#momlife #parenting #parentingteens #thestruggleisreal]]></document>
		<document><![CDATA[It’s Just a #BirthdayParty - a #pirate #themed #party raises the bar high.

#birthday #parenting #Pirateparty 

https://t.co/GYOda1L1lR]]></document>
		<document><![CDATA[I get a lot of weird ?s &amp; requests in my #onlinedating profile inbox. Today's winner - what do I think about #men w… https://t.co/nmFV01RbRK]]></document>
		<document><![CDATA[@StefanHeineken It's just that I know lots of single people who never found anyone and aren't closed off.]]></document>
		<document><![CDATA[I didn't chose to be #alone in #life but it's what I got. Someone knows me better than I know myself. 

#pof… https://t.co/R6hQXtGOtb]]></document>
		<document><![CDATA[I might have chosen the wrong #career. Then again ... https://t.co/6nRfwbjMYG]]></document>
		<document><![CDATA[What do you do when you can't #sleep? I tweet stupid sh*te #insomnia sucks. 

I could clean the house, but that's c… https://t.co/dPuegL5sZG]]></document>
		<document><![CDATA[@ronsideas and another person becomes homeless b/c machines are taking over the world. Interesting #storyline for #scriptwriter or #novelist]]></document>
		<document><![CDATA[Why be in love w/ a man who can't be there when you need him b/c he is w/ his wife? #amwriting 

#onlinedating… https://t.co/5EkBxAGjza]]></document>
		<document><![CDATA[Wanted A man who can read my mind, know what I need, will rub my feet and be fantastic in bed Apply within 😉😂… https://t.co/K003BaS23z]]></document>
		<document><![CDATA[What is the oddest #question a #date asked you? That one question that made you go huh? I didn't hear that did I? 

#onlinedating #dating]]></document>
		<document><![CDATA[#jobinterview turned into a talk about being #selfemployed. Back to that idea. 

#businessowners #marketing #writing]]></document>
		<document><![CDATA[Tell me something #interesting. The best #story you can in 140 characters.

Go.

#amwriting #onlinemarketing #onlinedating #life #parenting.]]></document>
		<document><![CDATA[@dghirardi yes because we are all already broke.]]></document>
		<document><![CDATA[@StefanHeineken well I'll take your word for it.]]></document>
		<document><![CDATA[@StefanHeineken and if you never find that match... be happy knowing you did not settle. Be smart and realistic. #love #thisiswhyimsingle]]></document>
		<document><![CDATA[@RodBerne @johnjoy82 @FoxNews yeah in Quebcois accents.]]></document>
		<document><![CDATA[@triana922 @RodBerne @KellyannePolls LOL - You know if Trump can inflate numbers so can his minions.]]></document>
		<document><![CDATA[@RodBerne @KellyannePolls @FoxNewsSunday Dude get your facts straight ... you multiplied the death toll by 10 &amp; shooter IDs not reported]]></document>
		<document><![CDATA[@manamitru @CNN @FoxNews @MSNBC When has American news channels seen Canadian news as important? If they report it at all it's a surprise]]></document>
		<document><![CDATA[I am NOT proud to be #Canadian tonight 

#quebecshooting
https://t.co/3d5281dW3A]]></document>
		<document><![CDATA[@JeffersonObama  sad but true. Wish it weren't so and that Canadians held true to our multicultural heritage.]]></document>
		<document><![CDATA[@striking13books exactly. I worked for a review site. Bad reviews make you good ones credible and authentic.]]></document>
		<document><![CDATA[@DefenseBaron @ValeryOnFire OMG no one can make this crap up. The guy is beyond insane]]></document>
	</documents>
</author>