<author lang="en">
	<documents>
		<document><![CDATA[Two G.O.P. Senators to Oppose DeVos as Education Secretary, Imperiling Her Confirmation https://t.co/LWcu6Az95h]]></document>
		<document><![CDATA[Rex Tillerson is confirmed as Secretary of State, but most 'No' votes in more than half century @gardinerharris… https://t.co/WqNOuDzTMd]]></document>
		<document><![CDATA[Republicans flex majority power to advance Trump cabinet picks @arappeport https://t.co/D1Lg21YaTR https://t.co/vSj36UANAt]]></document>
		<document><![CDATA[You will want to read the farewell column by the incomparable @politicoroger As ever, he leaves you wanting more https://t.co/eDyOgDZ5ZY]]></document>
		<document><![CDATA[Democrats’ have an urgent strategic choice to make: How aggressively to fight Gorsuch? @mattfleg… https://t.co/90rP9AO5h1]]></document>
		<document><![CDATA[Republicans overrun Democratic boycott. Finance Committee advances Price &amp; Mnuchin confirmations https://t.co/LWcu6Az95h]]></document>
		<document><![CDATA[@helenecooper has a poignant, beautifully written, haunting account of being a refugee https://t.co/b7wo9hND2l https://t.co/NqIyyYHarp]]></document>
		<document><![CDATA[Secretive Chinese company. One of biggest foreign investors. Snapping up American firms. And a top Trump adviser https://t.co/zo0hc94tEv]]></document>
		<document><![CDATA[Trump’s Army Secretary Pick Could Trade One Potential Conflict for Another https://t.co/yGBbQZ5iN4 https://t.co/C1Xo2VOo41]]></document>
		<document><![CDATA[White House’s decision to call off trip to Milwaukee could embolden the burgeoning protest movement @jonathanweisman https://t.co/LWcu6Az95h]]></document>
		<document><![CDATA[.@peterbakernyt analyzes Trump's SCOTUS pick. Was he thinking ahead?
 https://t.co/RwQbdCvP8P]]></document>
		<document><![CDATA[Where Neil Gorsuch Would Fit on the Supreme Court https://t.co/1uYZQMdeGH]]></document>
		<document><![CDATA[Early line: Gorsuch = Garland, but with the votes]]></document>
		<document><![CDATA[Who is Judge Neil Gorsuch? @adamliptak reviews the record https://t.co/9tLCO0yEAP https://t.co/nIJLhGJpxf]]></document>
		<document><![CDATA[Trump makes a very reasonable appeal for Gorsuch. Much like Obama did with Garland. Now what?]]></document>
		<document><![CDATA[“He is a man of our country, and a man who our country really needs,” Trump said]]></document>
		<document><![CDATA[“I studied every aspect of his life,” Trump said of Grouch]]></document>
		<document><![CDATA[Trump said he studied Grouch’s writings closely]]></document>
		<document><![CDATA[BREAKING Trump Nominates Neil Gorsuch to the Supreme Court @juliehdavis https://t.co/skmQeOezWb https://t.co/4kBMPUqbM5]]></document>
		<document><![CDATA[“I will do as I say. Something that the American people have been asking of Washington for a very, very long time,"  Trump says]]></document>
		<document><![CDATA[Trump: "This may be the most transparent judicial selection process in history"]]></document>
		<document><![CDATA[Paul Ryan, Kevin McCarthy, Chuck Grassley, Cory Gardner, Orrin Hatch, Ted Cruz, Roy Blunt among others at the White House]]></document>
		<document><![CDATA[Trump sons chatting up Republican senators at White House for SCOTUS announcement]]></document>
		<document><![CDATA[Watch live. Trump announces Supreme Court pick https://t.co/TIOHXgpucf]]></document>
		<document><![CDATA["as he worked to build suspense around a prime-time announcement of his choice to fill a crucial vacancy" https://t.co/skmQeOezWb]]></document>
		<document><![CDATA[“It’s this ongoing calculation...And yet the price tag keeps going up all the time.” Sykes to @mattfleg on Ryan https://t.co/iFsHct5xnD]]></document>
		<document><![CDATA[It’s “The Apprentice, SCOTUS Edition.” https://t.co/o4sPY6GfPl]]></document>
		<document><![CDATA[Democrats boycott confirmation hearing, delaying Trump nominees  https://t.co/fF5zVdFmCD https://t.co/MROE9QYeRq]]></document>
		<document><![CDATA[“it is the president’s agenda that we are fulfilling here,” Spicer said]]></document>
		<document><![CDATA[Betsy DeVos’s nomination for Education Secretary clears committee @yamiche  https://t.co/U3CgYA1MEa https://t.co/y2zdXk6ZMG]]></document>
		<document><![CDATA[A jarring new level of confrontation &amp; conflict hits Washington  New @hillhulse column https://t.co/46Qri6uvBm]]></document>
		<document><![CDATA[“Miss Yates failed to enforce a legal order,” Spicer said]]></document>
		<document><![CDATA[“Pebble Beach will have extended hours,” Spicer says…..]]></document>
		<document><![CDATA[“And you know we love polls a round her,” Spicer said.]]></document>
		<document><![CDATA[.@stavernise talked to Trump supporters. To them, the ban on migrants is a promise kept https://t.co/LtJVGcRFYJ https://t.co/HjRcDTlIF9]]></document>
		<document><![CDATA[“It’s got to be just exquisitely painful for him,” said Charlie Sykes, a friend of Ryan, says to @mattfleg https://t.co/iFsHct5xnD]]></document>
		<document><![CDATA[“..you need to be allied in order to get your agenda put through. And yet the price tag keeps going up all the time” https://t.co/iFsHct5xnD]]></document>
		<document><![CDATA[Ryan offers only gentle criticsm of Trump, and stands by the refugee order @mattfleg https://t.co/iFsHct5xnD]]></document>
		<document><![CDATA[Democrats seize on Sally Yates firing as a rationale to oppose Jeff Sessions as Attorney General… https://t.co/MQ8cC7Nr3m]]></document>
		<document><![CDATA[From the Dept. of Understatement https://t.co/ucrZxnvUlq]]></document>
		<document><![CDATA[Ryan says to reporters. We aren’t here to debate. We are here to answer questions]]></document>
		<document><![CDATA[Ryan’s new phrase “on a go forward basis”]]></document>
		<document><![CDATA[“I think it’s regrettable that there was confusion” Ryan said. “On a go-forward basis….”]]></document>
		<document><![CDATA[“We need to pause and we need to make sure the vetting standards are up to snuff,” Ryan said.]]></document>
		<document><![CDATA["The president has a responsibility to the security of this country,” Ryan said.]]></document>
		<document><![CDATA["President Trump has made clear he is a man of action and we are ready,” McMorris Rodgers said]]></document>
		<document><![CDATA[McMorris Rodgers calls unified Republican action "Positive disruption from the status quo"]]></document>
		<document><![CDATA[Ryan talks about Obamacare repeal in his opening remarks.]]></document>
		<document><![CDATA[Feinstein now invoking Elliot Richardson. Not a great sign for Sessions as she says she will vote no]]></document>
		<document><![CDATA[…”how could we possibly conclude that this nominee will be independent?” Feinstein says, citing Post story]]></document>
		<document><![CDATA[Feinstein says all of Trumps orders only further “tear the country apart"]]></document>
		<document><![CDATA[Sen. Feinstein talks of frenzy of Trump’s first week “all deeply concerning in their intent and legality”]]></document>
		<document><![CDATA[“Our country has been run so badly. We don’t know anything about devaluation,” Trump says to Phrma execs]]></document>
		<document><![CDATA[“We shouldn’t needlessly delay this vote any further,” Grassley said]]></document>
		<document><![CDATA[Grassley on Trump Exec orders: Sessions was not involved]]></document>
		<document><![CDATA[Senator Grassley strongly defending Session nomination to be Atty. Gen. in advance of Judiciary Committee vote]]></document>
		<document><![CDATA["Amid chaos in his government, President Trump on Tuesday called Democrats “a mess” for a microphone mishap" https://t.co/o4sPY6GfPl]]></document>
		<document><![CDATA[Story behind the story of Yates firing @mattapuzzo  https://t.co/8MSUDjYJJG]]></document>
		<document><![CDATA[The world view? Trump’s aalsehoods make foreign leaders question whether they can trust him. @marklandler  https://t.co/VurtFcqeE0]]></document>
		<document><![CDATA[Yates "defiantly refused to defend his executive order closing"   https://t.co/9Tti9dGCAl]]></document>
		<document><![CDATA[Obama’s Protections for L.G.B.T. Workers Will Remain Under Trump @jwpetersnyt https://t.co/Kkg5GPuI4E]]></document>
		<document><![CDATA["intent of the order, which she said appeared designed to single out people based on religion"
 https://t.co/8MSUDjYJJG]]></document>
		<document><![CDATA[White House to career State Dept. officials:  Quit if  you disagree with Trump @marklandler  https://t.co/BAnoJ0TQjV]]></document>
		<document><![CDATA[What is means that Steve Bannon is on the National Security Council @sangernyt @marklandler  https://t.co/MZjpucGM6I]]></document>
		<document><![CDATA[Trump Fires Acting Attorney General, via @MarkLandler @mattapuzzo  https://t.co/qes7tTGiJg]]></document>
		<document><![CDATA[Democrats cant stop Trump's nominees, but they can delay @emmarienyt  https://t.co/spJp1cXVwa]]></document>
		<document><![CDATA[Sean Spicer announces that Sally Yates is out at Justice]]></document>
		<document><![CDATA[Sally Yates is a career prosecutor who was a holdover from the Obama administration @mattapuzzo  https://t.co/X3cZh51JXy]]></document>
		<document><![CDATA[If Trump goes after ‘Dreamers,’ Republican loyalty will be tested via @hillhulse column https://t.co/DNuwLejbM6]]></document>
		<document><![CDATA[BREAKING Acting Attorney General Orders Justice Dept. Not to Defend Refugee Ban @mattapuzzo  https://t.co/cQ6J6dijWG]]></document>
		<document><![CDATA[A special relationship https://t.co/8PFXjtdY8W]]></document>
		<document><![CDATA[Trump’s Trade War May Have Already Begun https://t.co/R9tcTN83P6]]></document>
		<document><![CDATA["Even Barack Obama is speaking out" https://t.co/SPTW9CZZXI]]></document>
		<document><![CDATA[Social networks drove mass protests against Trump @fmanjoo  https://t.co/5lklevKIiX https://t.co/IJnzllBBKd]]></document>
		<document><![CDATA[The UN Puts a Figure on the Refugees Impacted: 20,000 https://t.co/SPTW9CZZXI]]></document>
		<document><![CDATA[It may not be called "extreme" but there is already rigorous vetting of immigrants @nixonron https://t.co/MH3dS8u8iS]]></document>
		<document><![CDATA[“Everyone in here needs to get out of Washington once in a while,” Spicer said]]></document>
		<document><![CDATA[Sen. Mark Warner says he will oppose Mnuchin for TreasSec, citing lack of commitment to enforce Dodd Frank &amp; lack of understanding of role]]></document>
		<document><![CDATA[Internal Memo at State Department Opposes Trump’s Travel Ban https://t.co/9Tti9dGCAl]]></document>
		<document><![CDATA[‘You Have Let Us Down, Trump’: Iraqis cry betrayal https://t.co/GIhtVVjJ9D]]></document>
		<document><![CDATA[.@adamliptak outlines the issues a Trump SCOTUS nominee would shape. It's not as many as you might think. https://t.co/oagM73Jjbr]]></document>
		<document><![CDATA[It takes a refugee candidate at least 20 steps to gain entry into the U.S.  https://t.co/rAOtpisPwv]]></document>
		<document><![CDATA[“We’re going to be doing a big number on Dodd-Frank,” Mr. Trump said. “The American dream is back.” @glennthrush… https://t.co/vfZy3qWVCb]]></document>
		<document><![CDATA[How Republicans Will Try to Roll Back Obama Regulations @emmarieNYT  https://t.co/bq6ecZLzqq]]></document>
		<document><![CDATA[Why It’s Already Difficult to Gain Entry Into the U.S. @nixonron  https://t.co/W3V6KIuCy1]]></document>
		<document><![CDATA[Trump’s Immigration Order Tests Limits of Law and Executive Power  https://t.co/mAjhh1hr7w]]></document>
		<document><![CDATA[Here are the steps a refugee must face. It's quite rigorous  https://t.co/rAOtpisPwv]]></document>
		<document><![CDATA[Trump says only 109 were detained under his refugee order @jonathanweisman @nytmike https://t.co/SPTW9CZZXI]]></document>
		<document><![CDATA[Family business https://t.co/1Sh0g0722k]]></document>
		<document><![CDATA[Travelers stranded around the world, protests escalated in U.S. &amp; anxiety rose within GOP @peterbakerny https://t.co/JxkRUO1fON]]></document>
		<document><![CDATA[1st wk of "Trump’s presidency had all the bravura hallmarks of a Stephen Bannon production" @maggienyt @glennthrush https://t.co/zttzUkFUqX]]></document>
		<document><![CDATA[Trump says his order that bans Muslims is not about religion @peterbakernyt  https://t.co/JxkRUO1fON]]></document>
		<document><![CDATA[Backstory on how Trump's order unleashed global chaos @shearm @nixonron  https://t.co/7hiq4FXqkW]]></document>
		<document><![CDATA[Trump executive order on immigration is straining relations Iraqis that U.S. needs to reclaim ISIS stronghold Mosul https://t.co/Km49NXcMX8]]></document>
		<document><![CDATA[Howls Over Import Tax Complicate Plans to Overhaul Code @arappeport  https://t.co/ika1nNaxde]]></document>
		<document><![CDATA[McCain &amp; Graham on Trump order. "a self-inflicted wound in the fight against terrorism"  https://t.co/ksL24hiew3]]></document>
		<document><![CDATA["Trump deplored the killing of Christians in the Middle East w/out noting" that Muslims killed in vastly greater #s https://t.co/JxkRUO1fON]]></document>
		<document><![CDATA[McCain/Graham :we fear this executive order may do more to help terrorist recruitment than improve our security” https://t.co/ksL24hiew3]]></document>
		<document><![CDATA[Trump Administration defends the role of senior strategist teve Bannon on National Security Council @sangernyt  https://t.co/AYGFsKjI0M]]></document>
		<document><![CDATA[Live: Reaction to Trump’s Travel Ban https://t.co/sxBl4hsysJ]]></document>
	</documents>
</author>