<author lang="en">
	<documents>
		<document><![CDATA[@Midsummerchef high praise from the brilliant @MarianKeyes #celebritymasterchefIRL https://t.co/51LBpblB1z]]></document>
		<document><![CDATA[@gerrytweets Thanks for watching]]></document>
		<document><![CDATA[Christ @DermotBannon was very patient tonight. Great first Ep  #roomtoimprove]]></document>
		<document><![CDATA[They've ruined the kitchen. I think @DermotBannon may cry and I dint blame him #roomtoimprove]]></document>
		<document><![CDATA[After tonight we'll see a huge increase in window cleaning businesses 💶💶💶💶💰💰💰💰 #roomtoimprove]]></document>
		<document><![CDATA[I'm sensing @DermotBannon may loose it in part two #roomtoimprove]]></document>
		<document><![CDATA[I need to get into the window cleaning business #roomtoimprove]]></document>
		<document><![CDATA[First mistake they bought that cottage. Basically they bought a back garden #roomtoimprove]]></document>
		<document><![CDATA[Dermot is not a miracle worker. €180k is nothing for what they want #roomtoimprove]]></document>
		<document><![CDATA[Is @realDonaldTrump going to be the lead story every night for four years #TrumpBan]]></document>
		<document><![CDATA[Is Paul trying to be Phil Mitchel? #FairCity]]></document>
		<document><![CDATA[What have you done to me? I'm voting &amp; it's only show three @DWTSIRL #DWTSIrl]]></document>
		<document><![CDATA[@sylviabowe @The_Paor It's a worldwide format all shows use the same resources]]></document>
		<document><![CDATA[My dance of the night @Desbishop #DWTSIrl]]></document>
		<document><![CDATA[Best thing that has happened on Irish tv in years @sportsdes @ShinawilTV https://t.co/6O13Y8QaWa]]></document>
		<document><![CDATA[He is sensational @sportsdes #DWTSIrl]]></document>
		<document><![CDATA[Reckon we'll see 9's for Dayl #DWTSIrl]]></document>
		<document><![CDATA[Them splits hurt 😳😳😳 #DWTSIrl]]></document>
		<document><![CDATA[@SineadCrowley Can't wait to see @sportsdes #dancingdes #DWTSIrl]]></document>
		<document><![CDATA[@SineadCrowley Me too it's my first time ever watching never watched on BBC]]></document>
		<document><![CDATA[That was stunning Denise #DWTSIrl]]></document>
		<document><![CDATA[The judges are in fighting form tonight #DWTSIrl]]></document>
		<document><![CDATA[@katherinelyncho loved that #DWTSIrl]]></document>
		<document><![CDATA[Very fair scoring by judges for Tersa #DWTSIrl]]></document>
		<document><![CDATA[Loving the props on 9 to 5 #DWTSIrl]]></document>
		<document><![CDATA[This is going to be mental @sportsdes is Austin Powers #DWTSIrl]]></document>
		<document><![CDATA[Wow Aidan has a lot of chest on show ☺️☺️☺️ #DWTSIrl]]></document>
		<document><![CDATA[It's going fine....how can this man be impeached? @realDonaldTrump #TrumpBan]]></document>
		<document><![CDATA[@MiriamOCal @RTERadio1 @gaiety_theatre Perfect Sunday morning singing 🎼🎼]]></document>
		<document><![CDATA[Who or what is going to stop him @realDonaldTrump @POTUS]]></document>
		<document><![CDATA[Does @realDonaldTrump not realise the strike security checks that every single passenger flying to the #USA is subject to?]]></document>
		<document><![CDATA[This man is taking the world back to a time we don't want to return to @realDonaldTrump]]></document>
		<document><![CDATA[It's a great piece @conor_pope has captured @Midsummerchef @Midsummerhouse perfectly #celebritymasterchefIRL… https://t.co/ZBKyDVKvk0]]></document>
		<document><![CDATA[Excellent customer service by @JustEatIE]]></document>
		<document><![CDATA[@gnelis What was that about? I'm appalled]]></document>
		<document><![CDATA[He held Teresa Mays hand! Yes he @realDonaldTrump held her hand walking from their press conference 😡😡😡😡]]></document>
		<document><![CDATA[Disappointing service by @JustEatIE driver arrived. We went to collect &amp; he wasn't there.10 mins past no call from… https://t.co/9tHrj8Fe8d]]></document>
		<document><![CDATA[A fab baby shower organised by the even more fab @eimsforrest https://t.co/bcf2K8hLr1]]></document>
		<document><![CDATA[Getting the giggles on day 3 @robingillchef @Midsummerchef #celebritymasterchefIRL https://t.co/G8cAkygyb5]]></document>
		<document><![CDATA[Fighting with leaders on twitter is this it for four years @realDonaldTrump it's not a soap opera]]></document>
		<document><![CDATA[These two ladies are phenomenal #firstdates]]></document>
		<document><![CDATA[Kayleigh is very patient #firstdates]]></document>
		<document><![CDATA[@gazzachef @robingillchef @MasterChef_IRL Thanks @gazzachef]]></document>
		<document><![CDATA[@VirginMediaIE I still have an original upc box can I get an update one?]]></document>
		<document><![CDATA[Lovely review by @mcdigby makes the hard work worth it @AilbheMaher @andteggin @Midsummerchef @robingillchef… https://t.co/VKvs7s4Wcg]]></document>
		<document><![CDATA[@doireannoh Thanks for tuning it. It all seems like a million years ago]]></document>
		<document><![CDATA[You see this @nbrez https://t.co/sMcgJpw06L]]></document>
		<document><![CDATA[Suck &amp; tuck 😂😂😂 #DWTSirl]]></document>
		<document><![CDATA[My OH only watches @sportsdes dance  #DWTSirl]]></document>
		<document><![CDATA[Dance of the night so far @Desbishop #DWTSIrl]]></document>
		<document><![CDATA[@LarchCat No messing with the judges tonight #DWTSIrl]]></document>
		<document><![CDATA[Those pants on Aidan will have the kingdom on fire 💥💥💥🔥🔥🔥 #DWTSIrl]]></document>
		<document><![CDATA[Reckon @CroninDayl with see some eights #DWTSIrl]]></document>
		<document><![CDATA[That's some jacket on @Desbishop #DWTSIrl]]></document>
		<document><![CDATA[@lauralubutler @TeresaMannion @EVOKE She's a senior rte journalist?]]></document>
		<document><![CDATA[@Grainne43 @LeBernardinNY @citybakery is a must]]></document>
		<document><![CDATA[@Sally_lewis77 Is she looking for a cheese sandwich 🧀🍞🧀🍞]]></document>
		<document><![CDATA[It was a privilege to work with @robingillchef this summer as my new judge on @MasterChef_IRL… https://t.co/KLohMpCTqG]]></document>
		<document><![CDATA[Really enjoying #saturdaysport @RTERadio1 @sportsdes #DWTSIrl]]></document>
		<document><![CDATA[Hope you're practicing your steps under the desk @sportsdes @DWTSIRL #DWTSIrl]]></document>
		<document><![CDATA[@VirginMediaIE Great thanks for your help]]></document>
		<document><![CDATA[@VirginMediaIE I'd rather be offered a better monthly package]]></document>
		<document><![CDATA[@VirginMediaIE It was during the national outage in December &amp; at this stage I just know to restart the router.]]></document>
		<document><![CDATA[Latest @VirginMediaIE bill is €74 for a service that's always dropping out! No discounts for zero broadband in December]]></document>
		<document><![CDATA[Loving #FirstDatesIRL]]></document>
		<document><![CDATA[Could you send some to sandymount 😴😴😴☕️☕️☕️ @3FE https://t.co/k5xc6EeHOo]]></document>
		<document><![CDATA[Denise &amp; Ryan dance of the night #DWTSIrl]]></document>
		<document><![CDATA[Stunning dance by Katherine Lynch  #DWTSIrl]]></document>
		<document><![CDATA[I think Hughie's tan could break twitter tonight  #DWTSIrl]]></document>
		<document><![CDATA[Another stunning opening to #DWTSIrl]]></document>
		<document><![CDATA[Ten days in a row #work #january perfection @3FE day off #dayoff https://t.co/4zR8Mz6D9J]]></document>
		<document><![CDATA[Watch the end of Sing Street @LarchCat 😂😂😂😂]]></document>
		<document><![CDATA[Have a great second show #DWTSIrl on Sunday, I'll be watching from the sofa this week @judgejulesoffic @Briantredmond &amp; Loraine x]]></document>
		<document><![CDATA[Very little fruit &amp; veg in @lidl_ireland east wall?]]></document>
		<document><![CDATA[@Iadyiveagh @aidomc @wildfirefilm Loving it. X]]></document>
		<document><![CDATA[Looking forward to this all festive #pulllikeadog @aidomc @Iadyiveagh @wildfirefilm perfect after a long flight]]></document>
		<document><![CDATA[A brilliant piece by @SharonHorgan today #CarrieFisher https://t.co/L3pOrPpSXv]]></document>
		<document><![CDATA[You're more than welcome @NorahCasey x https://t.co/vFtifJwuww]]></document>
		<document><![CDATA[@IrishTimesOpEd Not from what I've observed this week in NYC @IrishTimes]]></document>
		<document><![CDATA[Many thanks to @NorahCasey @RealBrentPope @Darrenken @cody_helencody and Terry Prone for allowing us into their won… https://t.co/F1V6JXJd2l]]></document>
		<document><![CDATA[Wish I was at home to see this @Iadyiveagh https://t.co/ABdR5pejvx]]></document>
		<document><![CDATA[The best food we've had this year @Markabbott60 @Midsummerchef @Midsummerhouse https://t.co/CyXDIWSR1m]]></document>
		<document><![CDATA[Watching #DTTBIRL Owen needs a good talking too]]></document>
		<document><![CDATA[One day we'll make @MasterChef_IRL #Professional @AilbheMaher @robingillchef @Midsummerchef watching @MasterChefUK pro final]]></document>
		<document><![CDATA[@NYSC  do you offer day passes I'm in NYC for holidays &amp; looking for a gym close to my hotel on Jane Street]]></document>
		<document><![CDATA[@NYSCHereToHelp do you offer day passes I'm in NYC for holidays &amp; looking for a gym close to my hotel on Jane Street]]></document>
		<document><![CDATA[@Equinox I'm in NYC for the holidays do you operate day passes?]]></document>
		<document><![CDATA[@Equinox do you operate day passes travelling to NYC for Christmas and looking for a gym]]></document>
		<document><![CDATA[Hire #courtney @Lord_Sugar #apprentice]]></document>
		<document><![CDATA[Are there power sockets on board your transatlantic flights @AerLingus]]></document>
		<document><![CDATA[So lovely to see #smallfaraway on tv again. Prob the most enjoyable &amp; funny productions of my career with @aidomc @Iadyiveagh @wildfirefilm]]></document>
		<document><![CDATA[Thoroughly enjoying #CuttingEdge]]></document>
		<document><![CDATA[Loving @sportsdes on @morningireland talking all things @DWTSIRL @ShinawilTV]]></document>
		<document><![CDATA[Do we think @richardbranson  cares how bad the @VirginMediaIE broadband service has been in Ireland this week? #appalling]]></document>
		<document><![CDATA[A little @HomeoftheYear special for #Christmas on @RTEOne 28th Dec at 6.30pm https://t.co/JHHlU3lxRi]]></document>
		<document><![CDATA[@jamieleedalton1 @VirginMediaIE def burning the midnight oil]]></document>
		<document><![CDATA[@VirginMediaIE thanks for the 6am start tomorrow cause I can't get work done tonight]]></document>
		<document><![CDATA[@jamieleedalton1 @VirginMediaIE us too in East Wall]]></document>
		<document><![CDATA[@ShivMagST @VirginMediaIE ours is appalling tonight]]></document>
		<document><![CDATA[@VirginMediaIE wifi in east wall is appalling tonight. Continuously dropping]]></document>
	</documents>
</author>