<author lang="en">
	<documents>
		<document><![CDATA[@water_io @Yoav_Hoshen do you sell the smart cap for disposable bottles to the general public? Such a great idea - would love to have one.]]></document>
		<document><![CDATA[@chellemcquaid save me a spot - keen to join you Nov 2016 but just waiting on time travel ;) #autotweet?]]></document>
		<document><![CDATA[Good morning #camping #castlepoint #kiwisummer https://t.co/ziyThQzMPw]]></document>
		<document><![CDATA[Prolonging the agony for #ncea results a bit further, the NZQA website appears to be overloaded ...]]></document>
		<document><![CDATA[@antoniam no issues at all - they came out great. I downloaded design from @canva as "PDF-Print" which I think is max quality?]]></document>
		<document><![CDATA[My personalized greeting cards arrived today - designed on @canva and printed by @Vistaprint ... those two are match made in heaven.]]></document>
		<document><![CDATA[@NZAA Just used the Roadservice app for the first time - really great! #flatbattery]]></document>
		<document><![CDATA[Loving @edsheeran's stories about New Zealand with @scott_mills and @Chris_Stark on bbcradio1 while listening from Wellington, New Zealand]]></document>
		<document><![CDATA[The only reason I prune the rose bush #hategardening #lovefreshroses https://t.co/d6Hv8z9cG7]]></document>
		<document><![CDATA[@catalystpacific you might be interested in this: https://t.co/6pRUvoQjvR]]></document>
		<document><![CDATA[One of the advantages of #jetlag is waking up from an afternoon nap to this nighttime view of #waikiki https://t.co/89wWp0YY5M]]></document>
		<document><![CDATA[The plot thickens ... road closed in front of queensgate #lowerhutt #eqnz https://t.co/e2DMeTnxvi]]></document>
		<document><![CDATA[Wow, the cat felt that one coming and bowled me out of the way as he escaped to safety. Nice one. #eqnz]]></document>
		<document><![CDATA[Am I the only one disappointed that @galifianakisz isn't in this pic of @JustinTrudeau and @KensingtonRoyal?… https://t.co/UpGfT6fKpx]]></document>
		<document><![CDATA[Seriously @MBIEgovtnz? "You are #35 in the queue" - might need to add more inbound call center staff at Immigration New Zealand.]]></document>
		<document><![CDATA[@NZTAWgtn #SH1 still backed up to forest lakes (as at 7pm)]]></document>
		<document><![CDATA[The best thing about the @HRINZ conference is @JeremyCorbett's summary of the talks! LOL]]></document>
		<document><![CDATA[@Uber_NZ hey should your driver be giving me his cell and telling me to text him anytime I want a ride?]]></document>
		<document><![CDATA[When you think you're feeling an #eqnz but no-one else is reacting, then you find out your spidey senses were right! https://t.co/VoXc77Ez03]]></document>
		<document><![CDATA[To build a $1M business you have to have: #5 synergy (synchronized energy, achieving more together) and #6 results]]></document>
		<document><![CDATA[To build a $1M business you have to:  #3 leverage (strengths/technology/collaboration) &amp; #4 team (right people doing their best work) ...]]></document>
		<document><![CDATA[To build a $1M business you have to:  #1 have a level of core competency in what you do and #2 carve out a unique niche ...]]></document>
		<document><![CDATA[The best way to predict the future is to design it - Buckminster Fuller https://t.co/YPLaMKaK7n]]></document>
		<document><![CDATA[Henry Lee teaching us how to build a $1M business in 12 months https://t.co/pAG4bKeMqN]]></document>
		<document><![CDATA[Ireland is still using paper forms for passports? How 2005! https://t.co/lH2ctd8aS7]]></document>
		<document><![CDATA[Wondering if the EU was watching our #flagreferendum as closely as we're watching the #BrexitOrNot?]]></document>
		<document><![CDATA[@cjsbishop for a minute I thought the PM was photobombing ha ha]]></document>
		<document><![CDATA[Jack Aiello should be signed on to @nbcsnl immediately! https://t.co/hXTwDVxnpI]]></document>
		<document><![CDATA[@AnnaKSage @HRManNZ Oh nice one! Enjoyed it - thanks for facilitating :)]]></document>
		<document><![CDATA[@AnnaKSage I don't even know what #wommhr is - I just stumbled upon it tonight - but it was good :)]]></document>
		<document><![CDATA[@BainTrainNZ @LukeSimmondsNZ @HarrietRileyNZ I second this! From antoniA not antoniO ;)]]></document>
		<document><![CDATA[I'd rather have jokes TBH  https://t.co/l0zw3KZPLi]]></document>
		<document><![CDATA[A4) Be prepared to start at the bottom, do anything that's asked of you, do it well &amp; the opps will come #WOMMHR https://t.co/vIDF0tje8G]]></document>
		<document><![CDATA[A3) Surely the HR professional bodies have to get into this century and use social media &amp; technology more?  https://t.co/EAD5z8ks8e]]></document>
		<document><![CDATA[Partying? LOL sorry couldn't resist ;) #WOMMHR  https://t.co/EAD5z8ks8e]]></document>
		<document><![CDATA[Real world projects and placements should be a mandatory requirement of HR study #WOMMHR  https://t.co/F7nUtYNEmr]]></document>
		<document><![CDATA[Delivering Value Online is about 1.content 2.discoverability and 3.usability #net2welly https://t.co/LrpUzSejd8]]></document>
		<document><![CDATA[Test your website from a users point of view - Delivering Value Online #net2welly https://t.co/vYBMnFnL0h]]></document>
		<document><![CDATA[Winter leaves https://t.co/1UtmXnBYPJ]]></document>
		<document><![CDATA[Create an information hub for your team with Google Sites suggests Jo from @StrictlySavvyNZ #Wellington #smallbusiness #meetup #savetime]]></document>
		<document><![CDATA[Forget time consuming voicemail - use @WhatsApp for quick voice messaging says Jo from @StrictlySavvyNZ #wellington #smallbusiness #savetime]]></document>
		<document><![CDATA[Manage your receipts without data entry via @ReceiptBank says Jo from @StrictlySavvyNZ #wellington #smallbusiness #meetup #savetime #xero]]></document>
		<document><![CDATA[Store all of your passwords securely with @LastPass says Jo from @StrictlySavvyNZ #wellington #smallbusiness #meetup #savetime]]></document>
		<document><![CDATA[PC users: Snipping Tool takes a quick screenshot says Jo from @StrictlySavvyNZ #Wellington #smallbusiness #meetup #savetime]]></document>
		<document><![CDATA[Jo from @StrictlySavvyNZ recommends @SlackHQ for collaboration and to cut down email  #wellington #smallbusiness #meetup #SaveTime]]></document>
		<document><![CDATA[Keep track of everything with @trello says Jo from @StrictlySavvyNZ #wellington #smallbusiness #meetup #SaveTime]]></document>
		<document><![CDATA[Track your time and expenses with @harvest says Jo from @StrictlySavvyNZ #Wellington #smallbusiness #meetup]]></document>
		<document><![CDATA[Learning about time saving tips and apps from Jo at @StrictlySavvyNZ #wellington #smallbusiness #meetup https://t.co/MYYPWX1DfH]]></document>
		<document><![CDATA[Still LOLing about the baddies who threw onions &amp; chopping board at police during high speed chase https://t.co/lSwZ9yddp7]]></document>
		<document><![CDATA[I love a good mashup and this one from @BBCR1's #BigWeekend 2016 is really good! https://t.co/6D317ffrDF]]></document>
		<document><![CDATA[Was introduced to @BreneBrown's #TED talk about #vulnerability this morning. Wow. It's good. https://t.co/iI5pCogL7p]]></document>
		<document><![CDATA[Blurgh - one big jolt in the Hutt  #eqnz]]></document>
		<document><![CDATA[Giftsie, @YESWellington team from #upper hutt college, launched Mothers Day gift box at @HuttChamber breakfast today https://t.co/a9kWcFbyX4]]></document>
		<document><![CDATA[Love stories like this about young entrepreneurs https://t.co/DZ3LUTRcer #whathaveibeendoingwithmylife]]></document>
		<document><![CDATA[What a depressing home page on @stuffnews to start off the weekend. Wish there was more #positivenews reporting! https://t.co/0DTNXiYgMs]]></document>
		<document><![CDATA[So we did cupcake decorating tonight after work - not exactly my forte! https://t.co/kKdFWuI1R0]]></document>
		<document><![CDATA[Last day on the #GoldCoast - shall miss this view each day! https://t.co/RujBEW6MYv]]></document>
		<document><![CDATA[Good morning #GoldCoast https://t.co/OOXm7YDjIX]]></document>
		<document><![CDATA[@NiceBlocks has nice cream hit Australia? https://t.co/ex5HvwIG6x]]></document>
		<document><![CDATA[@TransLinkSEQ um, no that's an international toll call for me on my mobile - will use the feedback form on the website]]></document>
		<document><![CDATA[@TransLinkSEQ can you give me an email address or follow me back as prob can't do it in 140 characters ;)]]></document>
		<document><![CDATA[Pretty sure I just met the rudest @TransLinkSEQ bus driver on the 700 to tweed heads - what a way to welcome tourists to @VisitGoldCoast 🙁]]></document>
		<document><![CDATA[Looong trip from Melb to the GC tonight (swap planes, then bus from Brisbane) with @JetstarAirways - frustrating but A+ staff #holidaydelays]]></document>
		<document><![CDATA[@2degreesmobile can't DM if you don't follow me]]></document>
		<document><![CDATA[@2degreesmobile huh? Tried to buy 300MB pack for Australia and text said bought 300mins to landlines?]]></document>
		<document><![CDATA[@nroy81 Mountain shelving ... straight to the pool room, surely?  https://t.co/IrkRxOqlrC]]></document>
		<document><![CDATA[@antoniam I love progress but v easy to forget the people that are left behind - one of the key take aways from yesterday for me #FOW2016]]></document>
		<document><![CDATA[My Fitbit says shopping is officially better for me than sitting at a conference (double the steps) but I'll be back for Day 2 #FOW2016]]></document>
		<document><![CDATA[@WildwonProjects I noticed it too ... or is it a drone collecting data on us all?]]></document>
		<document><![CDATA[Many aspects of the future of work are being driven by workers rather than employers or government - keep up! #FOW2016]]></document>
		<document><![CDATA[@ChristophHewett @JanOwenAM I second that!!!]]></document>
		<document><![CDATA[Blurgh - a bit of a shake &amp; rattle to start the morning - I heard that one coming #eqnz]]></document>
		<document><![CDATA[Just saw @wilderpeople - so many LOL's. Reckon it's one you'll go back and see loads of times like E.T  #skuxxlife #justlikeLOTR]]></document>
		<document><![CDATA[Office arguments? Not at @BizDojo!   https://t.co/ypgiLWE0Wx]]></document>
		<document><![CDATA[Nice side effect of sitting in the footwell of the train this morning https://t.co/QTob8rrHe6]]></document>
		<document><![CDATA[The last one ... such truth!  https://t.co/gTvFCcF9Ux]]></document>
		<document><![CDATA[@YAndersonWriter jot this down in your notebook in case you need it!  https://t.co/BYbxBCCC0Y]]></document>
		<document><![CDATA[@jemimah_knight  Great coverage! #ExoMars]]></document>
		<document><![CDATA[That new song by @macklemore Dance Off has a @fotc vibe to it - would be an awesome video collab!]]></document>
		<document><![CDATA[Had a walking meeting today - nailed my steps goal for the day. Must do more of those.]]></document>
		<document><![CDATA[Anyone got any tips for creating pitch decks for clients (not investors)? #sales #pitchdeck]]></document>
		<document><![CDATA[Want to give your blood pressure a boost? Call @Microsoft support to answer a simple billing query. Guaranteed to send your BP sky high.]]></document>
		<document><![CDATA[OMG just had a sneak preview tasting of a special new menu that @laffare is releasing soon - aahmazing! #artisan]]></document>
		<document><![CDATA[@TheShawnMurphy enjoyed listening to you on today's #talentculture podcast - lots of head nodding!]]></document>
		<document><![CDATA[What a great way to start the long weekend ... reading the latest issue of @PositiveNewsUK #positivenews #Waitangi https://t.co/4z6cg9NkEH]]></document>
		<document><![CDATA[@TheMuesliHub I can't find a "refer a friend" option on the site - is there one? Would be great to give her a coupon code to try it out.]]></document>
		<document><![CDATA[Wellington Harbour looking particularly gorgeous with a layer of mist today https://t.co/OTFgzLTx8H]]></document>
		<document><![CDATA[@grantrobertson1 that sounds like the learning workers of the future that @jacobm refers to]]></document>
		<document><![CDATA[@warrensue love it, especially the subtitles ;)  #ifyouwantpiefuture]]></document>
		<document><![CDATA[@Metrochch Have to say how pleasant your drivers on the Sumner-Airport route are. Really friendly, polite and patient. Kudos.]]></document>
		<document><![CDATA[For a couple of years I've been mulling the idea of a working O.E and today I stumbled across @remoteyear - coincidence or serendipity?]]></document>
		<document><![CDATA[@CHC_Airport Be great to have some bench seats at the super shuttle pickup so you don't miss your place in the queue but can enjoy the sun.]]></document>
		<document><![CDATA[@CHC_Airport hey just a suggestion: could you put some seating at your shuttle pick up area?]]></document>
		<document><![CDATA[@Uber_NZ Do you have drivers in Christchurch?]]></document>
		<document><![CDATA[Merry Christmas! https://t.co/po4rfVcbDQ]]></document>
		<document><![CDATA[@KiwibankNZ Thanks for the opportunity to vent. I've sent an email.]]></document>
		<document><![CDATA[Worst service ever @KiwibankNZ refusing to waive courier fee for replacement card that's failing at stores #notmyfault #nomorexmasshopping]]></document>
		<document><![CDATA[@cjsbishop is this your doing? If so, tip of the hat to you sir #MerryChristmas https://t.co/6t6sl1qyXb]]></document>
		<document><![CDATA[For the price of a coffee you can support an emerging writer this Xmas - my friend @YAndersonWriter's first book!    https://t.co/OgVfjoVArN]]></document>
		<document><![CDATA[If you're a #nasa space nerd like me, look out for the #ISS passing over #Wellington at Christmastime https://t.co/pMkCLG4TuG]]></document>
	</documents>
</author>