<author lang="en">
	<documents>
		<document><![CDATA[@CMacpherson39 haha no. I heard a guy say it about someone else. Funny though.]]></document>
		<document><![CDATA["Her hair is kind of slutty".]]></document>
		<document><![CDATA[@thanggg ask Tracy. She worked there haha.]]></document>
		<document><![CDATA[@Yvonne_H_ awww glad they aren't greedy and just want some food sometimes.]]></document>
		<document><![CDATA[@thebrain63 I'm to know that because some ppl aren't really against giving the homeless anything but I do like to give them food.]]></document>
		<document><![CDATA[I tried to give the homeless guys hand sanitizer but they declined and said they had some.]]></document>
		<document><![CDATA[@thebrain63 that's what I said too. But it's cold out so I felt bad]]></document>
		<document><![CDATA[Just bought 2 mcdonalds meals for 2 homeless brothers. They didn't ask for money. They wanted food. Makes me sad.]]></document>
		<document><![CDATA[@ecmills thank you ❤❤❤❤]]></document>
		<document><![CDATA[What to do when your grandma passes away and you can't get out of bed because you don't know how to deal with the loss?]]></document>
		<document><![CDATA[Eat me thai = interesting name, but good food. https://t.co/zDD73lwyXO]]></document>
		<document><![CDATA[@Brandon_Y_Lee time for a new camera?!]]></document>
		<document><![CDATA[Anyone miss their blackberry? I doooooooo. I still love a physical keyboard.]]></document>
		<document><![CDATA[Currently listening to.... Ultimate 80's &amp; 90's R&amp;B Slow Jam Mix https://t.co/1BbOGvsOq2  lol]]></document>
		<document><![CDATA[My cousin may or may not be in the shoe flipping business. He's not sure yet.]]></document>
		<document><![CDATA[@KamilKaramali @_BCCOS awwww I understand why but that is so sad!!!]]></document>
		<document><![CDATA[Don't have a lengthy convo on snapchat with someone because it'll disappear and then you'll be confused. Like how I am.]]></document>
		<document><![CDATA[Can I throw a corgi party even though I don't have a corgi?]]></document>
		<document><![CDATA[Does grand&amp;toy still exist? Used to love that place.]]></document>
		<document><![CDATA[One Under on #Yelp: Prepare yourselves because the experience I had here was a total nightmare. 

I saw this place … https://t.co/eQtxpWJTAy]]></document>
		<document><![CDATA[The Poke Shop on #Yelp: I finally had a chance to try this place over the weekend.

I like that they have the optio… https://t.co/TFlDNpadQ4]]></document>
		<document><![CDATA[Poke Station on #Yelp: So far I've tried Westcoast Poke, The Poke Shop, and Pacific Poke. I used to be a regular at… https://t.co/uj0c5k79M8]]></document>
		<document><![CDATA[La Taqueria Pinche Taco Shop on #Yelp: You really can't go wrong with tacos from La Taqueria. Some people say they … https://t.co/lt3Cq88NPq]]></document>
		<document><![CDATA[Mane Hair Salon on #Yelp: I hate to be the first one to give an a-ok review, however that is how my experience was.… https://t.co/Ycy2uQSaRf]]></document>
		<document><![CDATA[this just in: tea stains your teeth more than coffee apparently :(]]></document>
		<document><![CDATA[Couples who boba together..... get fat together. https://t.co/u9xXAcjEco]]></document>
		<document><![CDATA[Not the place to go when you want to be healthy. I'm here.]]></document>
		<document><![CDATA[@dennyishung do you like their pearls better than chatime?! I haven't been to coco!]]></document>
		<document><![CDATA[@SamsungCanada my s6 has the purple spots on the screen when using front camera. Read it's a defect. Will you repair? Past warranty.]]></document>
		<document><![CDATA[Why are tapioca pearls so good???????]]></document>
		<document><![CDATA[@CMacpherson39 why what's wrong there?]]></document>
		<document><![CDATA[@SirSparklyPants haha the smaller one isn't even that small!]]></document>
		<document><![CDATA[When he took "I want a bigger monitor" very seriously. https://t.co/BJDcxAxWP6]]></document>
		<document><![CDATA[What are the odds we booked a portland trip right during their biggest snow storm in 20 years?]]></document>
		<document><![CDATA[Haha best reply ever. https://t.co/s8XWQ1AJxK]]></document>
		<document><![CDATA[Cleaning my room. Bongo ties everywhere.  😠]]></document>
		<document><![CDATA[#cheftash https://t.co/jkOgcsps2R]]></document>
		<document><![CDATA[. Is this for real? @SUBWAY  #veganoptions https://t.co/kYNHayTMvL]]></document>
		<document><![CDATA[Running dogs, gleeful kids, and a Vancouver backdrop. https://t.co/evtyZK2XIy]]></document>
		<document><![CDATA[@Mr__Campo @Wompalump @Brandon_Y_Lee @linusgsebastian example of stuff i packed him/them: a sandwich, oriental mix, gummies, and mints]]></document>
		<document><![CDATA[@officialmaglee That sounds heavenly. I LOVE mcdonalds breakfast.]]></document>
		<document><![CDATA[Helped push another stuck car this morning. I'm on a roll.]]></document>
		<document><![CDATA[@KGordonGlobalBC @melevator seriously what is wrong with people? Some people have too much time on their hands. You look fab.]]></document>
		<document><![CDATA[I've decided. I'm going to throw my dogs a birthday party this year. 🐶🐶🍷🎂]]></document>
		<document><![CDATA[Sweet deal!!! I would totally donate if I didn't almost pass out when I get blood drawn. #pint4apint https://t.co/W84FfoiylD]]></document>
		<document><![CDATA[I finally found the best wontons ever!! Get them at t&amp;t. 👌👌👌👌👌 https://t.co/WwWtAdsVHD]]></document>
		<document><![CDATA[@CMacpherson39 it's all so bad but I am guilty of loving it.  Wish it wasn't so bad. Lol.]]></document>
		<document><![CDATA[I will not eat Mcdonalds in 2017. I said it on twitter so it's pretty much legally binding.]]></document>
		<document><![CDATA[Damn why did I wear keds today? What am i- a Vancouver rookie? https://t.co/vg0o6An5Dj]]></document>
		<document><![CDATA[Pushed a stuck car out with 2 other girls today. Feeling solid. 😎]]></document>
		<document><![CDATA[Life tip - don't start watching YouTube at 1am when you have work the next day because you will still be up at 4:15am.]]></document>
		<document><![CDATA[Wowwwwww. Ruthless. lol. https://t.co/5O7rysH2N2]]></document>
		<document><![CDATA[I don't know why I'm still shocked with how many rude people still don't thank others for holding the door for them.]]></document>
		<document><![CDATA[Great discovery of 2016: we tried a new pizza at panago and loved it!! Goodbye tropical chicken. Hello veggie korma. And $5 cheesy sticks 😉]]></document>
		<document><![CDATA[Eating salmon on rice and looking at McDonalds chicken nuggets. https://t.co/i03PGwEScY]]></document>
		<document><![CDATA[I might literally die if I saw this in person. https://t.co/7Rwy3YKPTe]]></document>
		<document><![CDATA[That time when I was acquiring a vacation rental and thought "classy homes" was a name therefore addressed my email as "dear classy".]]></document>
		<document><![CDATA[Success. So cute!!! The littlest one!! Haha https://t.co/1nADdaDOB7]]></document>
		<document><![CDATA[Bye 2016. Hi 2017.]]></document>
		<document><![CDATA[Hwy 17 is all good between Alex fraser to 104. Just drive slowly.  @AM730Traffic]]></document>
		<document><![CDATA[@CMacpherson39 good choice!!! I had to drive from van to Surrey for new years celebration.]]></document>
		<document><![CDATA[Took 40 minutes to get through Alex fraser bridge SB starting at the back of the line up.  Ppl driving slow and with caution. @AM730Traffic]]></document>
		<document><![CDATA[Few days ago.

Me:  should I get snow tires? 

B: no the snow is behind us this winter.

Clearly we both don't chec… https://t.co/q634o8jQSn]]></document>
		<document><![CDATA[Pretty accurate ahahahha https://t.co/I4F9856IfT]]></document>
		<document><![CDATA[Mom: jlo passed away.

Me: what? No. Where'd you hear that?

Mom: I saw it on Facebook.  

Me: mom don't believe anything you read on fb]]></document>
		<document><![CDATA[Nothing is worse than praising your dogs and saying "treat treat!!". Then reaching into your pocket and realizing there's no more treats.🙃]]></document>
		<document><![CDATA[Time for some C&amp;C. 

(Cooking and cleaning)]]></document>
		<document><![CDATA[@CMacpherson39 right?! I never wore it before because it's always so strong.]]></document>
		<document><![CDATA[@ecmills honestly I think that is what is happening!! I almost passed out from the smell lol]]></document>
		<document><![CDATA[@thanggg his mom speaks english and is so supportive of him!]]></document>
		<document><![CDATA[I don't usually wear perfume, but I decided to test out a versace perfume sampler today and now I think I smell like BO.]]></document>
		<document><![CDATA[Starting my morning off by donating 8 bags of clothes to @BigBrothersYVR. Feeling good.]]></document>
		<document><![CDATA[@thanggg what about cailou?]]></document>
		<document><![CDATA[@officialmaglee I want to give up fish but I love sushi!!]]></document>
		<document><![CDATA[@officialmaglee nooo just red meat and chicken. Honestly it's been great. I never feel grossly stuffed after eating.]]></document>
		<document><![CDATA[I hope my Chinese hair dresser is open tomorrow.]]></document>
		<document><![CDATA["OoooO fog!!!! 😍 *whips out camera" https://t.co/OrSAgCrPRk]]></document>
		<document><![CDATA[@Yvonne_H_ @Brandon_Y_Lee the things we do for @Brandon_Y_Lee!]]></document>
		<document><![CDATA[sometimes i really want to give into the cravings and just eat meat again, but i just can't do it.]]></document>
		<document><![CDATA[craving churches chicken, kfc, twister wrap, prime rib, ham sandwiches, turkey dinners, phnompenh chicken wings, &amp; sweet and sour pork.]]></document>
		<document><![CDATA[@gritzmore @sangalicious now everyone knows.]]></document>
		<document><![CDATA[@gritzmore mums the word.]]></document>
		<document><![CDATA[@amyntakwong yum. Reminds me of high school. Q]]></document>
		<document><![CDATA[I'm really glad no one is around right now to see me devour my mom's mashed potatoes.]]></document>
		<document><![CDATA[@officialmaglee that's me 75% of the time. Lol]]></document>
		<document><![CDATA[@CMacpherson39 so true!! Eating out is definitely what we struggle with the most!]]></document>
		<document><![CDATA[Trying is the key word here. https://t.co/8ogfDryuM7]]></document>
		<document><![CDATA[You can tell it's mush because I was suppose to say "makes" instead of "gives". https://t.co/JOTO27g0i8]]></document>
		<document><![CDATA[accounting journal entries gives my brain mush. 😖]]></document>
		<document><![CDATA[For anyone who is wondering- I put back all 20 items where they belong because I AM A GOOD CITIZEN. #nofrills #novisa #nogroceries]]></document>
		<document><![CDATA[My head says small. My wallet says small. My tummy says small. But when I walk up to the counter I blurt out "Large… https://t.co/uehLhfRFKb]]></document>
		<document><![CDATA[Loaded my basket then realized no frills doesn't accept Visa anymore and forgot my debit. God damn it.]]></document>
		<document><![CDATA[@CMacpherson39 hahaha oh it's sooo good with the beef. I just cut out chicken and red meat from my diet though haha]]></document>
		<document><![CDATA["I gotta life time of knowledge" @thanggg]]></document>
		<document><![CDATA[Watching "she's the man". Reminds me of high school days in the red echo with @thanggg and nszeto.]]></document>
		<document><![CDATA[@CMacpherson39 this is what it is but since I don't eat beef I just use hoisin sauce with cilantro and green onion.… https://t.co/bXnfygvUN6]]></document>
		<document><![CDATA[@CMacpherson39 haha it's a green onion taiwanese pancake. Super delicious.]]></document>
		<document><![CDATA[Cool things to do in Portland???  Going there in January. I haven't been since I was little.]]></document>
		<document><![CDATA[Trying to make it work. https://t.co/yiA3XySx0R]]></document>
		<document><![CDATA[I thought the $75 tie we purchased was a good deal, then I go on RW&amp;CO and see ties on sale for $17.98!! I'm amazed.]]></document>
	</documents>
</author>