<author lang="en">
	<documents>
		<document><![CDATA[I liked a @YouTube video from @linustech https://t.co/tzMlSRmJvu RGB RAM - WE GOT IT FIRST!!]]></document>
		<document><![CDATA[I liked a @YouTube video from @marzbvlogs https://t.co/RFTbDIDNhH PROJECT: FLOATING AMAZON ALEXA!]]></document>
		<document><![CDATA[I liked a @YouTube video https://t.co/GeizxFYx62 Human/Pig Hybrids are REAL - Weekly Weird News]]></document>
		<document><![CDATA[I liked a @YouTube video from @ncixtechtips https://t.co/yClVEjA8I2 (RE-UPLOAD) FBI iOS hacking tools released, Big PS4 update,]]></document>
		<document><![CDATA[I liked a @YouTube video from @marzbargaming https://t.co/LvDJipBvq5 The ULTIMATE GAMING Setup: (part 4 - THE FINALE)]]></document>
		<document><![CDATA[I liked a @YouTube video from @phillyd https://t.co/SaKLseGrPf Rich White Supremacist Exposed! His Evil Agenda Is Destroying Lives...]]></document>
		<document><![CDATA[I liked a @YouTube video from @marzbvlogs https://t.co/VmmQ7CSfyh Why I cancelled my Invite to Google's secret event]]></document>
		<document><![CDATA[I liked a @YouTube video from @ncixtechtips https://t.co/BVF82Rroid 4 Liquid Cooling Setups Tested: Which is the best?]]></document>
		<document><![CDATA[I liked a @YouTube video from @phillyd https://t.co/NlLpAIwSgE Free Speech SHUT DOWN By Violent Mob. It's Indefensible....]]></document>
		<document><![CDATA[I liked a @YouTube video from @bitwitkyle https://t.co/Fu0K0hm8HL It's time for a change]]></document>
		<document><![CDATA[I liked a @YouTube video from @paulhardware https://t.co/y2GZ129oXE The Trouble with RGB LEDs]]></document>
		<document><![CDATA[I liked a @YouTube video https://t.co/Q4Ckb9Cu2M Interviewing THE SPACE BETWEEN US Director]]></document>
		<document><![CDATA[I liked a @YouTube video https://t.co/kJ4SE1xBS8 The Tech Industry vs Trump's Immigration Ban - TechNewsDay]]></document>
		<document><![CDATA[I liked a @YouTube video from @swashintv https://t.co/5He60yHJRF THE WORST DESK SETUPS - Setup Nightmares #12]]></document>
		<document><![CDATA[I liked a @YouTube video from @marzbvlogs https://t.co/d1rEyR0XUT Cancelling the vlog (but not quitting)]]></document>
		<document><![CDATA[I liked a @YouTube video from @phillyd https://t.co/ixzutapguq An Apology, Fixing Mistakes, and The Ridiculous Ban Debate...]]></document>
		<document><![CDATA[I liked a @YouTube video from @jayztwocents https://t.co/Zm9iZ5Z3kd What happens when a GPU manufacturer makes a CPU Liquid cooler??]]></document>
		<document><![CDATA[I liked a @YouTube video from @marzbvlogs https://t.co/cCWXhPTkIN I'VE ACTUALLY BOUGHT IT!!]]></document>
		<document><![CDATA[I liked a @YouTube video from @swashintv https://t.co/uCXaINo2Sx Episode 186 Highlights - Pimp My Setup]]></document>
		<document><![CDATA[I liked a @YouTube video from @looper https://t.co/OP3hDLN7Xk 30 Movies That Are Going To Blow Everyone Away In 2017]]></document>
		<document><![CDATA[I liked a @YouTube video from @ncixtechtips https://t.co/RXnMtBdFLJ Razer buys Nextbit, LG 5K monitor woes, Windows 10 Cloud + more]]></document>
		<document><![CDATA[I liked a @YouTube video from @phillyd https://t.co/bo0NpMh7Dr FAKE NEWS! MSM Got It Wrong! They Don't Fix Mistakes! Lets be better...]]></document>
		<document><![CDATA[I liked a @YouTube video from @marzbvlogs https://t.co/QpjR5XGH3e DONT TRY THIS AT HOME!!]]></document>
		<document><![CDATA[I liked a @YouTube video from @ncixtechtips https://t.co/4XkBRd460o VRScore PC, Gears of War 4 Cross-play, Tech execs vs. Trump order]]></document>
		<document><![CDATA[I liked a @YouTube video from @jayztwocents https://t.co/r6kLBv2K02 His first day on the job was literally a disaster... PC component]]></document>
		<document><![CDATA[I liked a @YouTube video from @singularityc https://t.co/g2Tf6LoVPG Modding With Robots]]></document>
		<document><![CDATA[I liked a @YouTube video from @phillyd https://t.co/msdiH5yibg PEOPLE OUTRAGED! The "Muslim Ban" Chaos And Confusion Explained]]></document>
		<document><![CDATA[I liked a @YouTube video from @marzbvlogs https://t.co/gR7r7PZwnb HUGE GIVEAWAY FOR MY SUBSCRIBERS!]]></document>
		<document><![CDATA[I liked a @YouTube video from @ed_techsource https://t.co/AIvDeg10cQ What's In The Box - Episode 21]]></document>
		<document><![CDATA[I liked a @YouTube video from @paulhardware https://t.co/yMOgIYO030 Foam Failure - Garage Worklog 14]]></document>
		<document><![CDATA[I liked a @YouTube video https://t.co/tNvu6sdjWN Building with Enermax Ostrog ADV]]></document>
		<document><![CDATA[I liked a @YouTube video from @marzbvlogs https://t.co/BaDVaVlr6G It's time to talk about this...]]></document>
		<document><![CDATA[I liked a @YouTube video from @bitwitkyle https://t.co/wLyzqCZcql A $2000 WATER COOLED ANIMAL! January PC of the Month (Part 1)]]></document>
		<document><![CDATA[I liked a @YouTube video https://t.co/JETazEQwSW ANOTHER Terminator Reboot? This Franchise REFUSES TO DIE - News Dump]]></document>
		<document><![CDATA[I liked a @YouTube video from @marzbvlogs https://t.co/2usweYPGGr so a youtube subscriber found my address...]]></document>
		<document><![CDATA[I liked a @YouTube video https://t.co/QZjBxEVJ46 Everything Wrong With Star Wars: Episode VII - The Force Awakens]]></document>
		<document><![CDATA[I liked a @YouTube video https://t.co/qlLT43IoRo Everything Wrong With Captain America: Civil War]]></document>
		<document><![CDATA[I liked a @YouTube video https://t.co/9ISDYN7ePa Everything Wrong With Zootopia In 9 Minutes Or Less]]></document>
		<document><![CDATA[I liked a @YouTube video https://t.co/nsSLmOtOgg HORSES: Australia's Secret KILLER - Weekly Weird News]]></document>
		<document><![CDATA[I liked a @YouTube video from @phillyd https://t.co/M0qwJU9B9F New Sex For Subs Trend Sparks Controversy And Excitement]]></document>
		<document><![CDATA[I liked a @YouTube video from @marzbvlogs https://t.co/JWSTUsbunw It's actually worked...]]></document>
		<document><![CDATA[I liked a @YouTube video from @jayztwocents https://t.co/pe3w3ugxW7 MSI Z270 Gaming M7 Review... Auto Overclocking that's GOOD?!]]></document>
		<document><![CDATA[I liked a @YouTube video from @phillyd https://t.co/v94ByrGceh Famous BLM Supporter's Racist Past Exposed After Making Video About]]></document>
		<document><![CDATA[I liked a @YouTube video from @linustech https://t.co/7d59zbKizV The World's Ugliest Keyboard]]></document>
		<document><![CDATA[I liked a @YouTube video from @ncixtechtips https://t.co/8vyCRUdTfu New Project Scorpio Details, Android Instant Apps, GTA VR Studio]]></document>
		<document><![CDATA[I liked a @YouTube video from @ncixtechtips https://t.co/aT7OHNq7B7 Galaxy S8 chip details, 'Charger' Ransomware, Apocalypse Now Video]]></document>
		<document><![CDATA[I liked a @YouTube video from @marzbvlogs https://t.co/HHi3f8k1oB WTF AMAZON????]]></document>
		<document><![CDATA[I liked a @YouTube video from @ed_techsource https://t.co/PodYs0RMC3 TechSource Hiring, ElectroBox, Future Plans | CHANNEL UPDATE]]></document>
		<document><![CDATA[I liked a @YouTube video from @bitwitkyle https://t.co/q7ory6eIQO This is how you should mount your CPU cooler! I think??]]></document>
		<document><![CDATA[I liked a @YouTube video from @phillyd https://t.co/9pViQPwcup Heartbreaking Fraud Exposed and HE IS ACTUALLY DOING IT! wow]]></document>
		<document><![CDATA[I liked a @YouTube video from @phillyd https://t.co/Ra9HKsnKPY HUGE Accusations Against Tomi Lahren Blow Up, But Is Someone Lying?]]></document>
		<document><![CDATA[I liked a @YouTube video https://t.co/MojIHtiJa4 WHY the Samsung Galaxy Note 7 BLEW UP Revealed! - TechNewsDay]]></document>
		<document><![CDATA[I liked a @YouTube video from @jayztwocents https://t.co/GyiBcvPcp0 What happens when you install Windows 8 on a Kaby Lake system??]]></document>
		<document><![CDATA[I liked a @YouTube video from @marzbvlogs https://t.co/rbBKH1pDnh People ACTUALLY spend £2000 on THESE!?!?]]></document>
		<document><![CDATA[I liked a @YouTube video from @ncixtechtips https://t.co/bkPgfbqquy Galaxy Note 7 fires explained, LG G6 details, Android Wear 2.0]]></document>
		<document><![CDATA[I liked a @YouTube video from @marzbvlogs https://t.co/Au37PSueRl Cancer sucks :(]]></document>
		<document><![CDATA[I liked a @YouTube video from @marzbvlogs https://t.co/iSJwYbHpGK The Best GOPRO Accessory EVER MADE!!]]></document>
		<document><![CDATA[I liked a @YouTube video https://t.co/8lwaDG6t0P FLYING is About to Get Much WORSE!!]]></document>
		<document><![CDATA[I liked a @YouTube video from @ncixtechtips https://t.co/Hf5TP1kih7 MSI Gaming X Geforce GTX 1050 Ti - Life's Good at 1080p]]></document>
		<document><![CDATA[I liked a @YouTube video from @paulhardware https://t.co/ckbsOTcpqO What PC Parts are OK to Buy Used? - Probing Paul #11]]></document>
		<document><![CDATA[I liked a @YouTube video https://t.co/I5ogHDWTz3 Will Star Wars Replace Leia With CGI?! - News Dump]]></document>
		<document><![CDATA[I liked a @YouTube video from @marzbvlogs https://t.co/NIC7YHCaPw jordan comes out the closet...]]></document>
		<document><![CDATA[I liked a @YouTube video from @ncixtechtips https://t.co/mpanLc814D More Switch Details, Windows 10 Creators Update, Net Neutrality in]]></document>
		<document><![CDATA[I liked a @YouTube video from @marzbvlogs https://t.co/ghNdsk0Gjw this TECH is USELESS!!!]]></document>
		<document><![CDATA[I liked a @YouTube video from @marzbvlogs https://t.co/rsqZ5eAwWu i GOT the wrong one]]></document>
		<document><![CDATA[I liked a @YouTube video from @ncixtechtips https://t.co/UIBlZBZw6e New Zenbook With Geforce GTX, Minecraft Pocket Edition No Support]]></document>
		<document><![CDATA[I liked a @YouTube video from @phillyd https://t.co/BLMxiZ99My People Outraged Over Disgusting Leaked Tape… But Is It Real?]]></document>
		<document><![CDATA[I liked a @YouTube video from @jayztwocents https://t.co/z8JPigPfPm A Day in the life of JayzTwoCents]]></document>
		<document><![CDATA[I liked a @YouTube video from @ncixtechtips https://t.co/FXlcC4LbKL NexDock Laptop, Android One in U.S., Gaben confirms (not)]]></document>
		<document><![CDATA[I liked a @YouTube video https://t.co/Yz59bFdDaw Is THIS Why Guns Should Be Allowed in SCHOOLS!?]]></document>
		<document><![CDATA[I liked a @YouTube video from @linustech https://t.co/G4rC0IBytH The Fastest Storage EVER – HOLY $H!T Ep 14]]></document>
		<document><![CDATA[I liked a @YouTube video from @phillyd https://t.co/pOOpWNGMFz New Nude Leaks May Be The First of Many Many More]]></document>
		<document><![CDATA[I liked a @YouTube video from @marzbvlogs https://t.co/rLYs5HkCLq ASUS sent me another MASSIVE CARE PACKAGE!!]]></document>
		<document><![CDATA[I liked a @YouTube video from @ncixtechtips https://t.co/IObTF0Wfsz Google Sport &amp; Style Smartwatches, Microsoft Says Stop Using]]></document>
		<document><![CDATA[I liked a @YouTube video from @phillyd https://t.co/pOhlqIbckN Why People Are FREAKING OUT About Huge YouTuber’s Scandal...]]></document>
		<document><![CDATA[I liked a @YouTube video from @marzbvlogs https://t.co/SdRl86SMIr We have $4000 to spend...]]></document>
		<document><![CDATA[I liked a @YouTube video from @swashintv https://t.co/GuCw3KLyqL EP.180 of Pimp My Setup]]></document>
		<document><![CDATA[I liked a @YouTube video from @linustech https://t.co/vFaw0uQ0Qj Microsoft Surface Studio - They ALMOST Changed the Game...]]></document>
		<document><![CDATA[I liked a @YouTube video from @ed_techsource https://t.co/HGnnWHNk03 The Best Setup of 2016!]]></document>
		<document><![CDATA[I liked a @YouTube video from @ncixtechtips https://t.co/ZNwwe3a8CV Microsoft's Folding Phone, Delivery Drones, Battery Fire]]></document>
		<document><![CDATA[I liked a @YouTube video from @phillyd https://t.co/KukQPvVBgW CENSORED AND SHUT DOWN! Hypocrites Becoming What They Hate and more]]></document>
		<document><![CDATA[I liked a @YouTube video from @marzbvlogs https://t.co/exfuJftV72 I actually did it]]></document>
		<document><![CDATA[I liked a @YouTube video from @ncixtechtips https://t.co/FddBCjbdBH ROG Motherboards, Mice, and... a Microphone? - CES 2017]]></document>
		<document><![CDATA[I liked a @YouTube video from @jayztwocents https://t.co/8mQMYcokbb I blew up a CPU while benchmarking... FAIL]]></document>
		<document><![CDATA[I liked a @YouTube video from @ncixtechtips https://t.co/QV21cXzAv6 Wireless VR, Triple Display Notebooks, New SHIELD TV - CES 2017]]></document>
		<document><![CDATA[I liked a @YouTube video from @swashintv https://t.co/MQ5HImrkEC EP.179 of Pimp My Setup]]></document>
		<document><![CDATA[I liked a @YouTube video from @marzbvlogs https://t.co/IYabr7ScVs it's been 5 days now]]></document>
		<document><![CDATA[I liked a @YouTube video from @ncixtechtips https://t.co/S6JJGmmZlj New Tempered Glass In Win Cases at CES 2017!]]></document>
		<document><![CDATA[I liked a @YouTube video from @ncixtechtips https://t.co/rmcUTZAe1q Custom PC build materials @ Cooler Master - CES 2017]]></document>
		<document><![CDATA[I liked a @YouTube video https://t.co/YWFlg1IFL9 Woody Harrelson Joins HAN SOLO! - News Dump]]></document>
		<document><![CDATA[I liked a @YouTube video from @marzbvlogs https://t.co/u5qNZnHRaD The BEST iPhone Accessory I've ever seen]]></document>
		<document><![CDATA[I liked a @YouTube video from @bitwitkyle https://t.co/Dt2I1A3NkA PC Master Race Initiation! Would you make the cut?]]></document>
		<document><![CDATA[I liked a @YouTube video https://t.co/B60hVrpyYQ Watercooled Office PC because why not?]]></document>
		<document><![CDATA[I liked a @YouTube video from @ncixtechtips https://t.co/YDuL8uaC2L Nintendo Switch Specs, Games, Release Date, Price + More]]></document>
		<document><![CDATA[I liked a @YouTube video from @phillyd https://t.co/BvpAF9N5uG Sad, Depressed, and Faking It For Views...]]></document>
		<document><![CDATA[I liked a @YouTube video from @marzbvlogs https://t.co/tYLxBFYWFv My new secret project revealed]]></document>
		<document><![CDATA[I liked a @YouTube video from @ncixtechtips https://t.co/QOiAjYTsmO HTC U Ultra, Android Wear 2.0, Apple Music exclusive shows]]></document>
		<document><![CDATA[I liked a @YouTube video from @jayztwocents https://t.co/eYgZ9uM0Is Tech Talk #139 - CES is OVER! Cool new tech and stuff]]></document>
		<document><![CDATA[I liked a @YouTube video from @swashintv https://t.co/dUxmLN03Pl EP.178 of Pimp My Setup]]></document>
		<document><![CDATA[I liked a @YouTube video from @phillyd https://t.co/NO3P6OdN9h Why Youtube's Big New Change Has People Excited and More]]></document>
	</documents>
</author>