<author lang="en">
	<documents>
		<document><![CDATA[A best friend at work can help you do your job better: https://t.co/gF7KTXtpRv - Become our BFF at Next Generation!… https://t.co/mJVnlZnKAX]]></document>
		<document><![CDATA[Calling all agency #recruiters who want to recruit in #IT! Next Generation wants you! Contact me on chloe.morisson@… https://t.co/XH83IxlUDg]]></document>
		<document><![CDATA[Want to make lots of money? Join us today as #Senior #IT #recruiter! Details here: https://t.co/ZACNc7WXJo https://t.co/sHuIa23VqS]]></document>
		<document><![CDATA[Exactly why you should move to Ireland! https://t.co/g8CZbk95Fy]]></document>
		<document><![CDATA[We all like #InterviewTips on a Monday morning! https://t.co/csPRUYjNdd]]></document>
		<document><![CDATA[Was that you this morning? You definitely need a new #recruiter #job! Next Generation is hiring:… https://t.co/gV0eXLwOfo]]></document>
		<document><![CDATA[Next Generation is hiring #recruiters! Did you send me your CV over the weekend? Apply here:… https://t.co/0Ogfu3c4QP]]></document>
		<document><![CDATA[Where Are the Software Engineering Jobs? In Cybersecurity https://t.co/BGkF4ZNO40]]></document>
		<document><![CDATA[You know what that means? 2 WHOLE DAYS to update your CV &amp; apply for a new #DataScience #recruiter job! Details:… https://t.co/927OUs20NQ]]></document>
		<document><![CDATA[Passionate about #Cybersecurity? Become our newest senior #IT #recruiter at Next Generation! Details here:… https://t.co/8jxTUa6srw]]></document>
		<document><![CDATA[If you understand this, you could be our new #Infrastructure #Recruitment consultant. Details of why are here:… https://t.co/5aHb8Pa08G]]></document>
		<document><![CDATA[This is just the tip of the iceberg in #DataScience. Become our new #Senior #Recruitment consultant today! Details:… https://t.co/S8TWYHgamD]]></document>
		<document><![CDATA[Did you like this article? https://t.co/kI6HtQE84O Then you could be our new #DataScience #recruiter. Details: https://t.co/fDmUQn2tj4]]></document>
		<document><![CDATA[Next Generation needs a #Senior #Recruiter to focus on #IT #Infrastructure! Did I pick your interest? Here goes:… https://t.co/L6hBEglacp]]></document>
		<document><![CDATA[As every Wednesday morning at Next Generation we are in our #meditation session. Your #wellness makes you a great… https://t.co/57yBArL3R6]]></document>
		<document><![CDATA[What's the next big thing a #Recruitment consultant can do? Recruit for Data Science of course!… https://t.co/QgdJ7ocjjs]]></document>
		<document><![CDATA[If your manager is not talking to you about your career prospects, you don't have any. At Next Generation we all ha… https://t.co/fBq05xJaHE]]></document>
		<document><![CDATA[Beat the January blues and give your #recruitment career that much needed next step! Next Generation needs you!… https://t.co/ByfmDeApp0]]></document>
		<document><![CDATA[Next Generation is hiring #Recruitment consultants, but why work with us? Wait, I have a video on that for you: https://t.co/SWmlnNXVgn]]></document>
		<document><![CDATA[Happy to go back to work tomorrow? No? There's still time to update your CV &amp; apply to be a #Recruitment consultant… https://t.co/xUvmZOn8Yx]]></document>
		<document><![CDATA[Was that you on your way to work this morning? Next Generation is hiring #Recruitment consultants; contact us now!… https://t.co/Y0FbMFV0bX]]></document>
		<document><![CDATA[Next Generation needs a Senior #Recruitment consultant for #IT #infrastructure or #Cybersecurity.… https://t.co/j3qV81xVVr]]></document>
		<document><![CDATA[Sophisticated Attack on Gmail Accounts. Don't Get Caught! — Smarttech https://t.co/z5YRlqJrle]]></document>
		<document><![CDATA[Did you know that Next Generation is hiring #Recruitment Consultants? We're growing, and you should join us!… https://t.co/bkrzeHdwPN]]></document>
		<document><![CDATA[Next Generation is hiring a Senior #recruitment consultant for the #data science desk! Apply here:… https://t.co/Gy43IKf3Gj]]></document>
		<document><![CDATA[Want to talk to these guys &amp; help find their dream job? Next Generation needs an #IT #recruitment consultant! More:… https://t.co/hDxwRp1SUM]]></document>
		<document><![CDATA[Every Wednesday morning at Next Generation we run a #meditation session. Your #wellness makes you a great… https://t.co/3xUbmfKvf2]]></document>
		<document><![CDATA[A Harvard psychologist says people judge you based on 2 criteria when they first meet you https://t.co/UHr8JITJw7]]></document>
		<document><![CDATA[Rocket science it may seem, but that's super interesting to investigate that to predict performance! https://t.co/vlD5H6FeZV]]></document>
		<document><![CDATA[Want to go into the fastest growing area of recruitment? Next Generation needs a #Data Science recruiter!… https://t.co/4lEdi6t5Ki]]></document>
		<document><![CDATA[Want a great place to work? Next Generation needs a Senior Recruitment Consultant for the data science desk!… https://t.co/3P9WDAjuF2]]></document>
		<document><![CDATA[I bet you've all wondered about what to do with your hands during an interview. Here are a few tips: https://t.co/mBMrvcoGBA #InterviewTips]]></document>
		<document><![CDATA[@Quentin We can bake our own if you want!]]></document>
		<document><![CDATA[Have a look at what it's like inside Next Generation Recruitment! https://t.co/OySkwACbFh]]></document>
		<document><![CDATA[The Complex Landscape of Talent Attraction and Retention https://t.co/TU0ErCt4he]]></document>
		<document><![CDATA[Looks like @AerLingus replaced direct flights to Bordeaux with direct flights to the North Pole. https://t.co/ON91FnQUyM]]></document>
		<document><![CDATA[Common sense applied to how we prepare as interviewers! https://t.co/Kr0y8ux6EZ]]></document>
		<document><![CDATA[Job search tips to maximize what you can get from Indeed as a job seeker! https://t.co/ZHtVsaf9kU]]></document>
		<document><![CDATA[It's common sense, but let's not forget the basics! https://t.co/944w0ytevm]]></document>
		<document><![CDATA[@VirginMediaIE Hi Tony. Been there, done that multiple time. I get stuck here every time. https://t.co/yl5nB8UJvC]]></document>
		<document><![CDATA[.@VirginMediaIE New hub has been initializing for the past 13 hours now, and still no internet. Your support team is useless, I'm not happy!]]></document>
		<document><![CDATA[Self-hypnosis for more motivation at work? https://t.co/hAA8D3YggM]]></document>
		<document><![CDATA[.@1escape You lost my membership by refusing to keep me on the couple rate after our breakup. You lost a member for a 9€/mth discount. Silly]]></document>
		<document><![CDATA[Iveagh gardens, home of the rare Pokémons and lovely waterfalls. @ Iveagh Gardens https://t.co/nJvh9w9Ik5]]></document>
		<document><![CDATA[A quick but great read for people who interview candidates! https://t.co/GrGIt8rYMM]]></document>
		<document><![CDATA[5 Ways to Find Better Quality Candidates Through Indeed https://t.co/Pirq4tTCRo]]></document>
		<document><![CDATA[#NotTheSuperMoon https://t.co/j1s9lFBqO3]]></document>
		<document><![CDATA[@EmilssB Not at all! 😃 At least I no longer feel like I'm the only one with that problem. An Android update will sort it out eventually...]]></document>
		<document><![CDATA[@EmilssB Been there, done that too. It's been years since my account got hacked, counting on SMS Protect to keep me safe now.]]></document>
		<document><![CDATA[@EmilssB I had removed it before I switched phone, so I can still play. 😊 But my account got hacked before, so I miss the authenticator.]]></document>
		<document><![CDATA[Thanks @EmilssB! Been through all that already, but nice to hear I'm not the only one having a weird issue.]]></document>
		<document><![CDATA[@BlizzardCSEU_EN Can't reinstall the authenticator, stuck on that screen, tried multiple times. Any tips? https://t.co/qApkbxWSj5]]></document>
		<document><![CDATA[@MeeDocApp Your app doesn't seem to be working today. Doesn't give me the option to start a consultation. Sucks on a Saturday.]]></document>
		<document><![CDATA[Turn off the light hooman!!!! https://t.co/yeOh7HjNex]]></document>
		<document><![CDATA[A little seasonal bit of fun for recruiters! https://t.co/rcGt1mCItC]]></document>
		<document><![CDATA[Nice read for all leaders and managers. https://t.co/09nRj5hfaD]]></document>
		<document><![CDATA[Making sure all of your skills are on your CV! #CVtips https://t.co/vLIkOvHKnf]]></document>
		<document><![CDATA[It's a love/hate relationship... https://t.co/rOLDU3EQlZ]]></document>
		<document><![CDATA[This made my day! https://t.co/Jk1p5VYkV9]]></document>
		<document><![CDATA[Pretty lights. #Dublin https://t.co/E66qALdyI8]]></document>
		<document><![CDATA[Story of my life! https://t.co/ihXE7NBjKK]]></document>
		<document><![CDATA[Need some light reading to relax before your #interview? @SocialTalent has it for you: https://t.co/cQFDaYCCTZ https://t.co/YaYVDhl1QB]]></document>
		<document><![CDATA[Big surprise, my Patronus is a Ginger Cat on @pottermore. Find yours: https://t.co/ZnTHbaoW0F #ExpectoPatronum]]></document>
		<document><![CDATA[Newsflash! Most Recruiters are NOT Monsters! https://t.co/cQFDaYCCTZ https://t.co/zroSfx7ysW]]></document>
		<document><![CDATA[Are you ready to join Social Talent's #Sales team? We want you to grow our success story! https://t.co/ggnsgbFTeY https://t.co/1DQCYYigK5]]></document>
		<document><![CDATA[Ready for your new job? It's in Social Talent's #sale team! Details --&gt; https://t.co/9mkPNkdNNW https://t.co/fD0UE8mq0N]]></document>
		<document><![CDATA[Social Talent is hiring! Join our New Business #Sales team today! https://t.co/BRhIcfyFMZ https://t.co/vsRCObokdq]]></document>
		<document><![CDATA[ready to take over the world of e-learning?  Join our sales team! Details --&gt; https://t.co/taPqE9XhYr https://t.co/KvYA5R8N4V]]></document>
		<document><![CDATA[ready to join our Inside #Sales army? Social Talent wants you! Click here: https://t.co/mLxX9J3JDu https://t.co/RQ7yXnHn07]]></document>
		<document><![CDATA[Is that you today? Time to apply for your new #sales job here: https://t.co/zJSyWnU3ov ! #insidesales https://t.co/8nsznC1gjU]]></document>
		<document><![CDATA[Back to school is cool! Or, is it? Maybe it's time for a new job? Check out our #Sales team: https://t.co/9a2vxxw2WB https://t.co/V8QO1aLfsZ]]></document>
		<document><![CDATA[I have a secret life! Want in on the other side of the recruitment process? https://t.co/4jUl0gW1ne https://t.co/kJTwuDuvex]]></document>
		<document><![CDATA[50% of our goal has been reached! Help me raise £250 to Support Ovarian Cancer Awareness on @justgiving. Thanks! https://t.co/Hz0zvBlDNa]]></document>
		<document><![CDATA[Absolute need! Right @shauna_carrick ? https://t.co/hiMUSVWorF]]></document>
		<document><![CDATA[@johnstcn Only 9 times out of 10, they're growing up. :o)]]></document>
		<document><![CDATA[@johnstcn Poor fellow! Nothing beats a nap. https://t.co/E2qcNXcG4f]]></document>
		<document><![CDATA[@johnstcn Very much adorable. :o)]]></document>
		<document><![CDATA[Help me raise £250 to Support Ovarian Cancer Awareness. Please #donate on @justgiving and RT. Thanks! https://t.co/sIiYf1HhfY]]></document>
		<document><![CDATA[@johnstcn 😊 Living the dream.]]></document>
		<document><![CDATA[Want to help #clients but not talk to them directly? We have the #job for you here: https://t.co/Wx9XxD1jaT ! https://t.co/7mfklHSzuo]]></document>
		<document><![CDATA[Welcome to my life. 😈 https://t.co/7kdalghJsa]]></document>
		<document><![CDATA[@SmartRecruiters Hi there. My personalised emails to candidates keep going into their spam, this is getting out of hands!]]></document>
		<document><![CDATA[.@hassle 1 month to process an insurance claim to be paid in vouchers that are not working in Ireland. How lousy customer service is that?]]></document>
		<document><![CDATA[Haven't looked for a #job in a while? Forgotten how to apply efficiently? Read this guide: https://t.co/Zw8MWKbSFr]]></document>
		<document><![CDATA[Are you ready for your next Inside #Sales job? Social Talent needs you! Details are here: https://t.co/J0WRNOcgf1 https://t.co/BIHdwiTW00]]></document>
		<document><![CDATA[Dreading going back to work tomorrow? Join Social Talent's Inside #Sales team! https://t.co/YNsM952kzg #salesjobs https://t.co/AJh1tgChsO]]></document>
		<document><![CDATA[Help me raise €250 to Support Ovarian Cancer Awareness. I'd love a RT please! :o) Thanks! https://t.co/yF97lALRvW https://t.co/8D2QUq9PBO]]></document>
		<document><![CDATA[Do you have 3-5 years exp in New Business Inside #Sales? Social Talent has THE job for you: https://t.co/hF3Qtpfq8c! https://t.co/rGcAacDixy]]></document>
		<document><![CDATA[Getting lost when it comes to job applications? We've got a whole guide for you here: https://t.co/33rqu6H8Gf https://t.co/yH2VlwZ4MS]]></document>
		<document><![CDATA[I just finished the Predicting Success by Recruiting Toolbox mission! https://t.co/jj20P8bXxd]]></document>
		<document><![CDATA[Great insights for both Recruiters and Hiring Managers! https://t.co/THPMkHjFBQ]]></document>
		<document><![CDATA[.@CineworldDublin Seriously guys, your app is totally useless now. Not that it was any good to start with. Look! https://t.co/kJcXKvUCE2]]></document>
		<document><![CDATA[@dpdireland Hi there, your delivery times have not matched at all what was emailed to me for the past 3 times, what's happening?]]></document>
		<document><![CDATA[Don't wait to be back from your holidays to look for your new job! Social Talent is hiring! https://t.co/Y4J8yKfQ30 https://t.co/UPu5fBzKUH]]></document>
		<document><![CDATA[Will you be @SocialTalent #HR hero? We need an HR #Generalist https://t.co/uCcbIgfmek &lt;= here are the details! https://t.co/jXhEK35Icx]]></document>
		<document><![CDATA[@NandosIRE Ready for chicken! https://t.co/MDN3HqrQyr]]></document>
		<document><![CDATA[Did I ever mentioned how much I loathe rehab swimming? This is hell.]]></document>
		<document><![CDATA[It's the 2016 version people! Get on it! https://t.co/KVd3P8MHKQ]]></document>
		<document><![CDATA[Will you be @SocialTalent 's new #sales executive for the #Australia/#APAC territory?https://t.co/4MdRxt2Jj1 https://t.co/5tzKzZ3WgT]]></document>
		<document><![CDATA[Will you be our new #Sales executive selling @SocialTalent's product in #Germany. https://t.co/Mf3QNtwfmz #newmarket https://t.co/ZUkTbEL3x8]]></document>
	</documents>
</author>