<author lang="en">
	<documents>
		<document><![CDATA[@__wwwni ...with a boy?]]></document>
		<document><![CDATA[THE NEW BEaUTY AND THE BEAST TRAILER IS SO GOOD!! im mostly excited about gaston and lefou their scenes look so good]]></document>
		<document><![CDATA[i've always had the infj result over the years (which i always doubted a lil) but this... feels like it clicks so w… https://t.co/5KgGNWpJVS]]></document>
		<document><![CDATA[@jsnakeholhorse ugh this just happened to my last pair of jeans I'M SO SAD i feel your pain]]></document>
		<document><![CDATA[my phone tried to correct vegemite into behemoth]]></document>
		<document><![CDATA[i just want to cry today over every small thing!!!]]></document>
		<document><![CDATA[@bento_dan 😂😂😂 i didn't know it was gonna be like that! the cover looks so colourful and jolly]]></document>
		<document><![CDATA[@bento_dan i cry all the time 😂 but yeah its v powerful! about kamikaze pilots and suicide and stuff 😥]]></document>
		<document><![CDATA[just spent an hour crying in public over a book im read like the COOL GAL i am]]></document>
		<document><![CDATA[thank fuck 4 sertraline lol]]></document>
		<document><![CDATA[😭 my friend sent me omamori for study and avoiding misfortune from a temple in nara i am feeling protected and loved 💖]]></document>
		<document><![CDATA[everything going on in the us seems so surreal what the fuck]]></document>
		<document><![CDATA[@Icaruskun i had this image of a whole lot of (fruit) figs piled up in your car for a sec 😥]]></document>
		<document><![CDATA[@bento_dan never!!! (what if this tweet is about cocaine or something 😂)]]></document>
		<document><![CDATA[that whole self restraint is really not working for me]]></document>
		<document><![CDATA[@kisechii omg why this. 😢]]></document>
		<document><![CDATA[@kisechii what's this one??]]></document>
		<document><![CDATA[*tunes out conversation  and thinks about eating a lot of pizza*]]></document>
		<document><![CDATA[@yourfriendcimi yes v pleasant!!! thank you!!]]></document>
		<document><![CDATA[@yourfriendcimi i am so painfully shy and was v overwhelmed by tinder]]></document>
		<document><![CDATA[@yourfriendcimi woah you're right dang. we were in the same country once]]></document>
		<document><![CDATA[@yourfriendcimi has it been 8 months already?! dang]]></document>
		<document><![CDATA[they only want me to read to them!! no one else! ! these kids like me for some reason]]></document>
		<document><![CDATA[my 3 year old and 5 year old friends just fought over which books i get to read to them before bedtime. i die]]></document>
		<document><![CDATA[@yourfriendcimi rly]]></document>
		<document><![CDATA[@bento_dan thank you!! i will do my best 💪]]></document>
		<document><![CDATA[i am so excited and scared to be studying this year...!! i think i got accepted..]]></document>
		<document><![CDATA[she likes me to sit with her at dinner time and she shows me all her toys and ahh i die]]></document>
		<document><![CDATA[my 3 year old pal is so cute she always comes to knock on my door and ask me to sit with her in the living room my heart can't deal]]></document>
		<document><![CDATA[@yourfriendcimi i am a genius nude photographer]]></document>
		<document><![CDATA[@yourfriendcimi what do you mean by wrong?! this is so ominous. i promise ill always take good angled nudes.]]></document>
		<document><![CDATA[@yourfriendcimi how is it a curse? so far i am feeling like a saint. i am so kind n helpful]]></document>
		<document><![CDATA[ive made it, pals. ive become the friend that helps people take nudes.]]></document>
		<document><![CDATA[@jsnakeholhorse i love you too!! i hope your month turns out better than you're expecting 💓]]></document>
		<document><![CDATA[@kelzyelzy damn it that sucks 😱]]></document>
		<document><![CDATA[panicking sucks balls but the relief u feel afterwards is 👌]]></document>
		<document><![CDATA[@angeldown_ ill come when things start chillin out a bit 😫]]></document>
		<document><![CDATA[@pakehaha how does anyone think persistent texting etc is appealing lol bunch of plonkers!!!]]></document>
		<document><![CDATA[@pakehaha the problem with tinder boys]]></document>
		<document><![CDATA[WHERE ARE MY KISS]]></document>
		<document><![CDATA[my twitter will probably now just be me gushing over lil kids]]></document>
		<document><![CDATA[omg so cute the 5 y/ old wanted me to read to him 4 the first time and when he went to bed he said i was lovely]]></document>
		<document><![CDATA[@yourfriendcimi oh yay that's good! !!]]></document>
		<document><![CDATA[@yourfriendcimi what u doin then?!]]></document>
		<document><![CDATA[omg my Lil 3 year old friend wants her hair to be like mine but her dad wants to make it like elsa]]></document>
		<document><![CDATA[@jsnakeholhorse you're the best😙]]></document>
		<document><![CDATA[@yourfriendcimi that's not a valid argument 😢]]></document>
		<document><![CDATA[@yourfriendcimi YOU ARE SO FAR AWAY THOUGH]]></document>
		<document><![CDATA[*sits n waits for a kiss* this is me now this is my life!!!!!]]></document>
		<document><![CDATA[@kisechii those sound so good 😭 i want fancy choco now]]></document>
		<document><![CDATA[i cannot stop smiling when i am around my lil 3 year old friend she's just so cute and full of joy]]></document>
		<document><![CDATA[@100daysofhannah oh i forgot about that!! ill give it a watch 😄]]></document>
		<document><![CDATA[@Toberuhazu1 you are a pretty princess]]></document>
		<document><![CDATA[@yourfriendcimi good choice i think. im just ???! usually i enjoy at least one show but everything looks so average]]></document>
		<document><![CDATA[is there any good anime out this season?? i just watched a whole bunch of bleh first episodes]]></document>
		<document><![CDATA[I picked Nowi in the Fire Emblem Heroes Choose Your Legends event!
https://t.co/zQt5szbZUI
#FEChoose]]></document>
		<document><![CDATA[@yourfriendcimi i will protect her]]></document>
		<document><![CDATA[@yourfriendcimi omg new zealand is yawn land but i also wish her the best]]></document>
		<document><![CDATA[@yourfriendcimi we could have the most average date]]></document>
		<document><![CDATA[@bento_dan for my mediocre dates? HELL YEAH]]></document>
		<document><![CDATA[came across a beautiful wood pigeon.. all is well ✌]]></document>
		<document><![CDATA[Date with Elizabeth
Date Fee: $5524
Customer Comments: "It wasn't that great of a date but they're hot so its fine"
https://t.co/ZKxRc2tDKh]]></document>
		<document><![CDATA[trying not to have a panic attack!!! my heart!!!! bursts!!!!]]></document>
		<document><![CDATA[@fawning_ you play scary games.. 😱 brave soul. i watch other people play them 😂]]></document>
		<document><![CDATA[@fawning_ i love it but im so scared to watch it on my own even tho i know what happens 😂😂]]></document>
		<document><![CDATA[@bento_dan i think i am \o/]]></document>
		<document><![CDATA[i feel like i destroyed all of my close friendships last year. being sick is making me lament 😥]]></document>
		<document><![CDATA[i rly wanna rewatch the witch... but not alone.. im a scaredy cat....]]></document>
		<document><![CDATA[@yourfriendcimi i was also kinda like 'ok when's it gonna end. oh crap another setback?!?' 😪]]></document>
		<document><![CDATA[@yourfriendcimi it made me smile! but not cry. my pals were all weepy tho and i felt oddly left out]]></document>
		<document><![CDATA[@unspark_ @kelzyelzy when i was at USJ my friend shared a carriage with a single person and they had lots of fun screaming together :')]]></document>
		<document><![CDATA[@pakehaha i have watched this way too many times 😂]]></document>
		<document><![CDATA[@jsnakeholhorse just throw it in2 the sky 💕]]></document>
		<document><![CDATA[this past.. week and a half? has been so wild i don't know what's what anymore. and now im horribly sick 😣]]></document>
		<document><![CDATA[@kelzyelzy yep, two other rooms for rent! one got taken recently thougu]]></document>
		<document><![CDATA[@kelzyelzy @unspark_ I second this point!]]></document>
		<document><![CDATA[i think my cat is sleeping in my flatmates bed i feel so betrayed right now]]></document>
		<document><![CDATA[i want marshmallows and udon and curry and garlic bread and pasta and soup and spaghetti and kidney beans and chick peas]]></document>
		<document><![CDATA[@yourfriendcimi how dare u use this against me]]></document>
		<document><![CDATA[@yourfriendcimi WHAT HAVE YOU DONE]]></document>
		<document><![CDATA[@yourfriendcimi i can't do all the work! 😭]]></document>
		<document><![CDATA[@fawning_ i haven't listened to it yet i hope it makes me feel nostalgic af :')]]></document>
		<document><![CDATA[@bento_dan what's this in reply to?? my being sick? no period pain for me 😱 i have some kinda flu thing]]></document>
		<document><![CDATA[@yourfriendcimi are my words not enough!!!]]></document>
		<document><![CDATA[@yourfriendcimi im sorry!!! skype scared me 😣]]></document>
		<document><![CDATA[@kisechii this is my problem too]]></document>
		<document><![CDATA[@yourfriendcimi im down with that]]></document>
		<document><![CDATA[@bento_dan if it can work in metal gear solid, it can work for me~!]]></document>
		<document><![CDATA[i wonder how many people have seen my nudes without my permission]]></document>
		<document><![CDATA[update on socializing with tough adult people: i got scared and ran away now I'm walking in the rain ✌]]></document>
		<document><![CDATA[@bento_dan ive decided to hide in my room bc i started feeling blegh. 😂]]></document>
		<document><![CDATA[@bento_dan the opposite of geek I'M SO SCARED. they build houses and get drunk]]></document>
		<document><![CDATA[@bento_dan house party at my flat with a bunch of very very kiwi blokes]]></document>
		<document><![CDATA[hanging with people who are not my kind.... TERROR]]></document>
		<document><![CDATA[@bento_dan social anxiety 😩😣]]></document>
		<document><![CDATA[just heard a recording of my voice 😩 who is that child]]></document>
		<document><![CDATA[@yourfriendcimi not good enough]]></document>
		<document><![CDATA[@bento_dan that should not stop anyone]]></document>
		<document><![CDATA[why is no one awake at 4am huh]]></document>
		<document><![CDATA[my flatmates are so nice 😭😭😭😭]]></document>
	</documents>
</author>