<author lang="en">
	<documents>
		<document><![CDATA[@jason_aldous this is such a cool photo!!]]></document>
		<document><![CDATA[The state of international politics is stressing me out so incredibly badly. I'm feeling sick &amp; numb. My heart aches for those affected.]]></document>
		<document><![CDATA[@GemWilder no it's lovely]]></document>
		<document><![CDATA[@JayHarvie I mean if there's gonna be a silver lining I'm glad this is it... or rather Scott will be glad. You know...]]></document>
		<document><![CDATA[@JayHarvie I'm quietly thrilled because our wedding venue only stocks DB brands 😂😂😂 so selfish of me though I'm sorry]]></document>
		<document><![CDATA[Surely it's not time to get up yet?! https://t.co/bokr9zaW34]]></document>
		<document><![CDATA[@Kris_Bartley happy birthday!]]></document>
		<document><![CDATA[@theJDuce @PINKYFANG @alranztweets 🙌🏼 thanks love]]></document>
		<document><![CDATA[@SofaRobb @PINKYFANG nice! I'll check them out tomorrow]]></document>
		<document><![CDATA[@PINKYFANG perfection my girl!! We'll join forces &amp; support existing org or organise &amp; one way or another it'll be good]]></document>
		<document><![CDATA[@SofaRobb @PINKYFANG absolutely but like to who, where..? I'll figure it out when I get to a computer not just on my phone]]></document>
		<document><![CDATA[@PINKYFANG the right results. I'll look into it more when I get back to Wellington]]></document>
		<document><![CDATA[@PINKYFANG like I was looking at the family planning website but that's probably not the right place &amp; googling "support" doesn't bring up]]></document>
		<document><![CDATA[@PINKYFANG I was googling being an escort the other day but couldn't find much... really super keen]]></document>
		<document><![CDATA[If the worst thing to happen to you today is you couldn't tweet about your lunch then maybe read the news &amp; get some perspective hmmmmm...?]]></document>
		<document><![CDATA[Thanks @SparkNZ media team, I'm sure you're having a shitter of a day!!! Not your fault &amp; hope you don't get too much grief!!]]></document>
		<document><![CDATA[Everyone having a huge cry @SparkNZ like come on! Shit happens sometimes. I'm away from home &amp; it's not great but like... don't be dicks ay?]]></document>
		<document><![CDATA[@its_not_lupus @Occasionali something with real nice browns...]]></document>
		<document><![CDATA[@rugmarbles 😭 i dont think we can get this]]></document>
		<document><![CDATA[@woolfhall awesome!! Thank you 😊]]></document>
		<document><![CDATA[@woolfhall does the spf 50 smell strong? That would be perfect!]]></document>
		<document><![CDATA[Happy birthday to the most beautiful Ham!!! 🐷 &amp; happy 2 years of 2 kiddos to @DearMama_ &amp; Mr B! Love you guys!!!]]></document>
		<document><![CDATA[@ehjc does it exist? Who knows!]]></document>
		<document><![CDATA[Team - what is the best sunscreen for face that doesn't stink, isn't sticky or oily, looks good under makeup etc etc etc?]]></document>
		<document><![CDATA[Staying at mums place... hear a weird noise &amp; turn around &amp;... https://t.co/kfMLlR8AU2]]></document>
		<document><![CDATA[@littlemisspie I've been listening to someone knows something which is excellent]]></document>
		<document><![CDATA[@littlemisspie she sounds delightful! I need your true crime podcast recs too]]></document>
		<document><![CDATA[@littlemisspie hi can your mum adopt me please?]]></document>
		<document><![CDATA[Thread! https://t.co/jmXdbADWNy]]></document>
		<document><![CDATA[@MrsGreatnews I can in Lower Hutt?]]></document>
		<document><![CDATA[@niceties owned the place. Loved being an only cat.]]></document>
		<document><![CDATA[@niceties milly didn't come out of her little house the entire time she was at the spca, then she hid under the bed for 3 days, then she]]></document>
		<document><![CDATA[@niceties like a kitty that you maybe get to keep?]]></document>
		<document><![CDATA[Also... are you joking? What are the chances all these researchers are men? Women would be able to tell you exactly… https://t.co/ypZ97NkdWL]]></document>
		<document><![CDATA[We need easy access to affordable &amp; good quality healthcare INCLUDING sexual healthcare INCLUDING abortion. Help us get it. Women are dying.]]></document>
		<document><![CDATA[If you're a dude who isn't familiar with this stuff stand up and listen and get involved in this stuff. This affects you!! Get involved.]]></document>
		<document><![CDATA[Think it can't happen here? Think again. We must constantly fight for our rights to access to birth control, gyno services &amp; abortion.]]></document>
		<document><![CDATA[Except real easy to explain when you look at the cuts to women's health care. This is INSANE https://t.co/5XIwHB7QLC]]></document>
		<document><![CDATA[The huge increase in maternal mortality is hard to explain “in the absence of war, natural disaster, or severe economic upheaval”.]]></document>
		<document><![CDATA[The maternal mortality rate in Texas has DOUBLED in 2 years since extensive cuts to access to reproductive healthcare. DOUBLED.]]></document>
		<document><![CDATA[Most recent episode of @callyrgf is 🔥🔥🔥essential listening for all of you]]></document>
		<document><![CDATA[@stevebiddle also you don't think I know that? Driving the length of the variable speed zone twice a day lol.]]></document>
		<document><![CDATA[@stevebiddle I mean it's one thing to go speeding by us when we're doing the actual speed limit (everyone does) but entirely another to beep]]></document>
		<document><![CDATA[Shout out to the truck driver who flashed his lights &amp; beeped at us for slowing down to the variable speed limit on SH2 🙄🙄🙄]]></document>
		<document><![CDATA[@_vitaminK happy anniversary cuties!!!]]></document>
		<document><![CDATA[@its_not_lupus she is not 3 months?!!!! Surely!!!]]></document>
		<document><![CDATA[@gurrlwithacurl @get_louise and me..?]]></document>
		<document><![CDATA[Look at Angus when he was a baby https://t.co/4z4XiYwLt6]]></document>
		<document><![CDATA[@KateMontgom absolutely!!! That's me]]></document>
		<document><![CDATA[@aminatou I LOVED that blog!!! You should absolutely do something similar Amina, I love hearing about your purchases 😍]]></document>
		<document><![CDATA[@__catpower this is 2 indiscretions in one weekend!!!!]]></document>
		<document><![CDATA[@JimSRush this is the cutest thing I've ever seen]]></document>
		<document><![CDATA[@ravenous_wolves I'm 100% not the authority on this like my view doesn't matter at all but that's what I think the reason is]]></document>
		<document><![CDATA[@ravenous_wolves I think it's like oh if everyone just comes out &amp; says "I prefer xyz pronouns" it's not different when trans ppl specify...]]></document>
		<document><![CDATA[@not_friends goodness!!! Have fun]]></document>
		<document><![CDATA[I stand in solidarity with all women marching today, especially women of colour, queer women and transwomen. I support &amp; love you.]]></document>
		<document><![CDATA[@__catpower this is a common problem in our household]]></document>
		<document><![CDATA[@dairymanNZ right you've asked for it... I'm gonna send you pics of everything now &amp; make you jealous]]></document>
		<document><![CDATA[Personally welcomed in with a wee drink, the most hospitable service it's unreal, 3 courses all for $59. It is absolutely unbelievable!]]></document>
		<document><![CDATA[If you're ever after a really lovely meal in martinborough I can't recommend tirohana enough!!! https://t.co/TX8gncNhhj]]></document>
		<document><![CDATA[@jenthinksharder such a pair of babes]]></document>
		<document><![CDATA[@get_louise @jason_aldous I'm lying on a couch 😂]]></document>
		<document><![CDATA[@jason_aldous @ColeyTangerina cuuute!!! Angy got to sit on my knee for the last bit of the drive &amp; he was very pleased too]]></document>
		<document><![CDATA[@jason_aldous @get_louise how much later did you guys stay? I'm fine!! I feel bad for you!]]></document>
		<document><![CDATA[We going for a drive https://t.co/KxVvkqm3uj]]></document>
		<document><![CDATA[Scott just went full saltbae on his breakfast now there's salt all over the table, the floor, the dog 😂😫]]></document>
		<document><![CDATA[@get_louise I'm very sorry but also it was very fun so not sorry 😘]]></document>
		<document><![CDATA[@thedemlz @gurrlwithacurl that's my fave too!!!]]></document>
		<document><![CDATA[@tinycliffe this is just... too close to home]]></document>
		<document><![CDATA[@tinycliffe congrats my girl that's awesome!!!]]></document>
		<document><![CDATA[@jason_aldous what a glorious happy birthday dog!!]]></document>
		<document><![CDATA[@not_friends thank you beautiful!]]></document>
		<document><![CDATA[@suchlucia Jim and Myra are the MVPs]]></document>
		<document><![CDATA[@PINKYFANG she's perfect!!! Thank you!]]></document>
		<document><![CDATA[So Scott got the wonderful @PINKYFANG to draw my beautiful girl for my birthday present &amp; she's perfect! https://t.co/6p0y0a77lC]]></document>
		<document><![CDATA[@ehjc @phil_cook I love this though 😂]]></document>
		<document><![CDATA[@its_not_lupus @Tash2point0 you 2 are the best!!!]]></document>
		<document><![CDATA[@thedemlz I am so proud of you! I'm real bad at sticking with things I'm not instantly good at, you doing this is so inspiring to me]]></document>
		<document><![CDATA[I'm outraged about this weather! This morning I was like well no run club for me tonight now I'm like I'm going to get heatstroke &amp; die 😅]]></document>
		<document><![CDATA[@gurrlwithacurl yassssss!!!! Will be so nice to see you!!]]></document>
		<document><![CDATA[@verslibre why thank you, I'm going with takes one to know one on this for sure!]]></document>
		<document><![CDATA[@gurrlwithacurl I am honoured!]]></document>
		<document><![CDATA[@theJDuce snapped!!!]]></document>
		<document><![CDATA[@AnitaShiree can we actually?! We keep saying this 😂 what's the week of the 30th like for you? Maybe weds the 1st?]]></document>
		<document><![CDATA[@theJDuce where did you get this footage of me?!]]></document>
		<document><![CDATA[@_PocketWitch oh my goodness thank you so much!!! ☺️☺️☺️]]></document>
		<document><![CDATA[@_vitaminK thank you sweets!!]]></document>
		<document><![CDATA[My mum sent me a cake!!! &amp; @Kris_Bartley put a poo emoji cupcake on it for me 😂😂😂 https://t.co/D0hFCs4Xo4]]></document>
		<document><![CDATA[@ravenous_wolves oh maybe but they should reverse the interest back dated to when you got back... urgh what a nightmare]]></document>
		<document><![CDATA[@ravenous_wolves sounds like they've fucked up...? I'd call &amp; talk to them]]></document>
		<document><![CDATA[@ravenous_wolves &amp; ask them to reverse the interest]]></document>
		<document><![CDATA[@ravenous_wolves that's not right...? Should be on the balance at that point in time... &amp; you can call them let them know when you got back]]></document>
		<document><![CDATA[@dairymanNZ im crying 😂😂😂]]></document>
		<document><![CDATA[@amscraig hehehe thanks!!]]></document>
		<document><![CDATA[@ehjc thanks Emma!]]></document>
		<document><![CDATA[@gurrlwithacurl thank you lovely!!!]]></document>
		<document><![CDATA[@tinycliffe what is it?]]></document>
		<document><![CDATA[@DearMama_ have the most amazing time xxxxxx]]></document>
		<document><![CDATA[It's almost as if brothers subscribe to a universal code of communication... https://t.co/ks0Oy9Wx6k]]></document>
		<document><![CDATA[I feel like the ultimate working environment is where you can choose 2 diff types of peanut butters to put on your toast. Crunchy &amp; smooth!]]></document>
	</documents>
</author>