<author lang="en">
	<documents>
		<document><![CDATA[If You Include These 5 Habits In Your Life, You Can Hugely Boost Your Confidence https://t.co/PKrDiUErJb https://t.co/Swda9ZdPQd]]></document>
		<document><![CDATA[Content Marketing Success: Why Answering Questions Sells https://t.co/ujiMO3aDhv https://t.co/VSJhqvqi6x]]></document>
		<document><![CDATA[Curious about how to get started on Wordpress? https://t.co/1dvJQb3sy2 https://t.co/WyxN9hYUpU]]></document>
		<document><![CDATA[6 Reasons Why Your Bedtime Routine Is Wrecking Your Work https://t.co/xjso3vNeni https://t.co/1xKF0Js2wy]]></document>
		<document><![CDATA[Live event planning made as easy as possible! https://t.co/B2Vd4hM2Dj https://t.co/dSPkKOak2q]]></document>
		<document><![CDATA[An Open Letter from the Canadian Tech Community: Diversity is our Strength https://t.co/bo4qEew9mF https://t.co/iVDScedn4S]]></document>
		<document><![CDATA[Google has banned 200 publishers in the three months since it passed a new policy against fake news… https://t.co/3mCtTD5gQq]]></document>
		<document><![CDATA[How to Improve Your Blog Posts With YouTube Videos https://t.co/nT2NCZWTeE https://t.co/dcrxup28VI]]></document>
		<document><![CDATA[Dropbox’s Paper app leaves beta to take on Google Docs https://t.co/hLO4ICl7cj https://t.co/pCGjhUPOpE]]></document>
		<document><![CDATA[Internet Marketing Practices That I Disagree With! https://t.co/JvrbZlJRSv https://t.co/8iTWMqxilu]]></document>
		<document><![CDATA[Lego launches a social network for brickheads under 13 https://t.co/HQWYykNyyQ https://t.co/ysQTl6IfN3]]></document>
		<document><![CDATA[Trouble staying on top of projects? Maybe it’s time for a robust project management tool. #asana… https://t.co/WTLp1Il0wf]]></document>
		<document><![CDATA[thanks to @buffer, one of my go to tools! https://t.co/O8iRUxf7aF https://t.co/9M8Dky7Cqr]]></document>
		<document><![CDATA[Best iPad apps 2017: download these now https://t.co/6TXwhgeqTP https://t.co/JtquPW8kaY]]></document>
		<document><![CDATA[Sharing is caring! We have a Dropbox refresher for you! #dropbox #filesharing #productivity #socialtips #productive… https://t.co/KHhdA49jya]]></document>
		<document><![CDATA[Netgear exploit found in 31 models lets hackers turn your router into a botnet https://t.co/scSIwQSYsw https://t.co/gOqJ3iuVDs]]></document>
		<document><![CDATA[Facebook Releases New Tool That'll Keep Your Online Accounts Safe Even When Hackers Access Your Email https://t.co/5RjEOHaqF3]]></document>
		<document><![CDATA[Top 10 Free Alternatives to Expensive Software https://t.co/iQjwxmxpgO https://t.co/KmHmxbGFvg]]></document>
		<document><![CDATA[Buffer is one of my go-to tools, that I use every day. https://t.co/KLDaeUMi2a]]></document>
		<document><![CDATA[Gmail Add-Ons That Make Me More Productive! https://t.co/LhpfGerjKY https://t.co/jDX2seCK3f]]></document>
		<document><![CDATA[These sinister noises could hijack your phone through voice commands https://t.co/zCka2Oo73b https://t.co/rTUro5NOU4]]></document>
		<document><![CDATA[How to Improve Your Blog Posts With YouTube Videos https://t.co/40ZJKuGx1a https://t.co/O0CDHTLz6W]]></document>
		<document><![CDATA[First Look At Boeing's Sleek Blue Astronaut Suit For Travel To ISS https://t.co/jWApLk8Mr5 https://t.co/VIafBTW8pm]]></document>
		<document><![CDATA[Google has banned 200 publishers in the three months since it passed a new policy against fake news… https://t.co/ljEc8VbiPh]]></document>
		<document><![CDATA[An Open Letter from the Canadian Tech Community: Diversity is our Strength https://t.co/qzGRd8Z3fo https://t.co/rojTI2PR9e]]></document>
		<document><![CDATA[Always buried in email? Save yourself with our quick tips! https://t.co/oXNmPL8aXf https://t.co/fXOMdIWfKL]]></document>
		<document><![CDATA[6 Reasons Why Your Bedtime Routine Is Wrecking Your Work https://t.co/GPKLUejEnq https://t.co/wRUyEzhm2B]]></document>
		<document><![CDATA[I liked a @YouTube video from @todmaffin https://t.co/1czhgkUPFy Instagress Review - Does It Really Get You More Instagram Followers?]]></document>
		<document><![CDATA[9 Things I Love About AgoraPulse https://t.co/GzgI6sB215]]></document>
		<document><![CDATA[Content Marketing Success: Why Answering Questions Sells https://t.co/onCFlo1Het https://t.co/qp3GWkpI3i]]></document>
		<document><![CDATA[When you subscribe to a VPN service, you get what you pay for https://t.co/v7iMeQ5uok https://t.co/DQrMKLwaUL]]></document>
		<document><![CDATA["Learning from other experts is the best way to fast track your business...” @SueBZimmerman https://t.co/biGjDUMhJ6 https://t.co/RhRWchyfRE]]></document>
		<document><![CDATA[One of China’s largest online retailers is adding dozens of drone delivery routes to rural villages in 2017… https://t.co/AqT0xAamXk]]></document>
		<document><![CDATA[If You Include These 5 Habits In Your Life, You Can Hugely Boost Your Confidence https://t.co/eIL9vV0viS https://t.co/pIhVSDuCTC]]></document>
		<document><![CDATA["I wanted all the secrets, the sales methods, and the process behind the online system...” @SueBZimmerman… https://t.co/SMSYqA3MmM]]></document>
		<document><![CDATA[Popups be good? Popups be EVIL? Popups do WORK! https://t.co/TuHmTnoDCx https://t.co/SRcF9LFuBP]]></document>
		<document><![CDATA[Facebook Stories Start to Roll Out: This Week in Social Media https://t.co/AXiRaY0S7c]]></document>
		<document><![CDATA[Best VPN for Windows: Our 5 top choices https://t.co/pvIUTQML0o https://t.co/CR0JlFDS0N]]></document>
		<document><![CDATA[5 Best Free Torrent Apps On Android For 2017 https://t.co/Mp8dkNK7L6 https://t.co/yTefl9coCb]]></document>
		<document><![CDATA[OMTT 6 Custom Calendars YouTube: https://t.co/F59FvDA3uK via @YouTube]]></document>
		<document><![CDATA[Quit with the games! Why false scarcity makes me mad! #facebookads #dottotech #socialmedia #youtube… https://t.co/AJapMlOpGj]]></document>
		<document><![CDATA[In Depth: How Google Is Fighting 4 Types Of Misleading And Fake Ads https://t.co/upaSCUDhm9 https://t.co/6KhQebWL3s]]></document>
		<document><![CDATA[@YouTravel YouTube keeps growing in importance imho. Video is always worth investing in]]></document>
		<document><![CDATA[@Maxwingz1 thanks. MA wings. Good to meet u]]></document>
		<document><![CDATA[Five Easy Photo Improving Tricks Anyone Can Do https://t.co/pKhUKzh7g5 https://t.co/rOOvkHTZbk]]></document>
		<document><![CDATA["The money is in the list" this week we look at mailing list management, beyond Gmail! https://t.co/alCTxxv9sz https://t.co/tWZDVM4G9o]]></document>
		<document><![CDATA[7 iPhone tricks that are sure to add delight to your day! https://t.co/rvz7fRBQgB https://t.co/7DlU7gpXj0]]></document>
		<document><![CDATA[Would you pay for a web TV streaming service from Apple? If so, how much? [Poll] https://t.co/L35mxStoco https://t.co/NOC9BrUizK]]></document>
		<document><![CDATA[Ireland votes to stop investing public money in fossil fuels https://t.co/6O1DPzfnFD https://t.co/JQcLz0kiMw]]></document>
		<document><![CDATA[How to share videos too big to email, and Installing Browser extensions! https://t.co/rnKNGl98Ge https://t.co/UQXlV1bRGB]]></document>
		<document><![CDATA[An Open Letter from the Canadian Tech Community: Diversity is our Strength https://t.co/mUv58nz1xL https://t.co/sZKrHAeIbM]]></document>
		<document><![CDATA[Samsung finally explains what went wrong with those Note 7 batteries https://t.co/VeJdmIT98c https://t.co/lKwEzRNmvo]]></document>
		<document><![CDATA[6 Reasons Why Your Bedtime Routine Is Wrecking Your Work https://t.co/4wvr9eYjOQ https://t.co/UsALer7FIV]]></document>
		<document><![CDATA["Learning from other experts is the best way to fast track your business...” @SueBZimmerman https://t.co/biGjDUMhJ6 https://t.co/XLS9EVHJGz]]></document>
		<document><![CDATA[Looking to create online courses? If so, you need Thinkific! https://t.co/cgTWTL9h04 https://t.co/STMUrWQC7T]]></document>
		<document><![CDATA[Google has banned 200 publishers in the three months since it passed a new policy against fake news… https://t.co/yYNWogtPQo]]></document>
		<document><![CDATA[First Look At Boeing's Sleek Blue Astronaut Suit For Travel To ISS https://t.co/jWApLk8Mr5 https://t.co/WPwxymF72W]]></document>
		<document><![CDATA[4 Smart Ways to Keep Up With Google in 2017 https://t.co/FmwQTxk3LB https://t.co/fnJYByQIjm]]></document>
		<document><![CDATA[How to Improve Your Blog Posts With YouTube Videos https://t.co/MZ7wouAoOL https://t.co/LYFDHS881o]]></document>
		<document><![CDATA[Avoid these 10 insecure VPN apps on Android https://t.co/Hm2CnMnok0 https://t.co/GUb9BEBKed]]></document>
		<document><![CDATA[The Chinese News App with 600 Million Users That You’ve Never Heard Of https://t.co/aGL3tsHBKy https://t.co/JEZwVKFj6t]]></document>
		<document><![CDATA[These sinister noises could hijack your phone through voice commands https://t.co/8GxmeECEkS https://t.co/ZDmpgWOF5g]]></document>
		<document><![CDATA[Tour the world’s greatest cities in VR via Inception VR https://t.co/dwz8VLNghf https://t.co/w0BKNqPQFq]]></document>
		<document><![CDATA[Think I'm too old for SnapChat? Guess again, join me! https://t.co/eqtIXw6D7u https://t.co/GwzyLN3n01]]></document>
		<document><![CDATA[The best webcams 2017 https://t.co/fiF5hLR9RL https://t.co/iZW9dfJ7OI]]></document>
		<document><![CDATA[Top 10 Free Alternatives to Expensive Software https://t.co/tvTJKVR49Q https://t.co/hKKPzXIDSz]]></document>
		<document><![CDATA[Google Maps may soon tell you how bad the parking is at your destination https://t.co/facercWaaq https://t.co/5fiZutavjf]]></document>
		<document><![CDATA[Look, a nice round candy-colored mechanical keyboard https://t.co/VjIYh1dAul https://t.co/Z95sWGJyk3]]></document>
		<document><![CDATA[Be a Fashionable MacGyver With a Multi-Tool Hidden in Your Belt Buckle https://t.co/4Mpws3Jtf2 https://t.co/w7i35s0W9p]]></document>
		<document><![CDATA[Who Need's New Year's Resolution When You Have Google Goals? https://t.co/UaxwKXhe2p https://t.co/LFmYXP5G8K]]></document>
		<document><![CDATA[Like longer Facebook videos? You'll now see more of them https://t.co/ZaHAhu5mUG https://t.co/FDA2kwKC16]]></document>
		<document><![CDATA[Weekend Project: Clean Your Computer, Inside and Out https://t.co/LCDt0hkElG https://t.co/yKTyziY0of]]></document>
		<document><![CDATA[Project management tools make your life easier. Today, we look at @asana  https://t.co/ZR1fdJ1Hy0 https://t.co/4eYd22bp4w]]></document>
		<document><![CDATA['Can you hear me?' scam has police urging people to hang up immediately https://t.co/5IZTcDDrGv https://t.co/c2CCg5p2sC]]></document>
		<document><![CDATA["I wanted all the secrets, the sales methods, and the process behind the online system...” @SueBZimmerman… https://t.co/fLrdeFPDX5]]></document>
		<document><![CDATA[Facebook Stories Start to Roll Out: This Week in Social Media : Social Media Examiner https://t.co/BiE6rWG6Y7 https://t.co/heoiTXz3nk]]></document>
		<document><![CDATA[Nerf's Colossal New Gun Blasts 100 Rounds at 70 MPH https://t.co/dSWV2mMzPF https://t.co/PWSHXM3dSc]]></document>
		<document><![CDATA[Twitter is replacing the Moments tab with a new Explore tab instead https://t.co/YpVhf3LRR7 https://t.co/4qIPcXJZLn]]></document>
		<document><![CDATA[Holy Moly, You Must See The 2016 Stats for Video Marketing! https://t.co/QfnKiEGBvm https://t.co/GmzDdove04]]></document>
		<document><![CDATA[Like longer Facebook videos? You'll now see more of them https://t.co/4sxLsnW2w7 https://t.co/wTFWgR3zTS]]></document>
		<document><![CDATA[The 50 Best Jobs In 2017, According to Glassdoor https://t.co/N3FzaGV0ir https://t.co/rFzLaY8OCv]]></document>
		<document><![CDATA[Be a Fashionable MacGyver With a Multi-Tool Hidden in Your Belt Buckle https://t.co/RwSNhp7lfW https://t.co/nauXRteKxR]]></document>
		<document><![CDATA[Look, a nice round candy-colored mechanical keyboard https://t.co/UzgCMckvb7 https://t.co/spmfri6Ydr]]></document>
		<document><![CDATA[How Editorr Is Providing Hope For Dotto Tech's Content! https://t.co/hZlMYZxLBw https://t.co/9ryi609LfZ]]></document>
		<document><![CDATA[Google Maps may soon tell you how bad the parking is at your destination https://t.co/d4uoC9WywW https://t.co/1AbGJkZVcZ]]></document>
		<document><![CDATA[Top 10 Free Alternatives to Expensive Software https://t.co/j5rAWqmVXW https://t.co/0dsAvhssmO]]></document>
		<document><![CDATA[Social graphics so easy even I can do it-  with Adobe Spark https://t.co/SuVmkXuPF1 https://t.co/OIjJ2OGNUd]]></document>
		<document><![CDATA[The best webcams 2017 https://t.co/slhk6pKNMn https://t.co/VFRCGPrQRD]]></document>
		<document><![CDATA[The smartphone is replacing one of the most important features in new cars https://t.co/0YetufwoZr https://t.co/C6TsjKksoK]]></document>
		<document><![CDATA[Tour the world’s greatest cities in VR via Inception VR https://t.co/2o0XwgEJQN https://t.co/7wAgrdui5r]]></document>
		<document><![CDATA["Learning from other experts is the best way to fast track your business...” @SueBZimmerman https://t.co/biGjDUMhJ6 https://t.co/7JKTWUaoUc]]></document>
		<document><![CDATA[Tell Your Email Where to Go and Get Things Done! https://t.co/0daaDFyef3 https://t.co/fQFaH5fd8x]]></document>
		<document><![CDATA[Top 10 best cloud storage services of 2017 https://t.co/Hhcefdttwe https://t.co/5ahcBqI1vr]]></document>
		<document><![CDATA[Samsung finally explains what went wrong with those Note 7 batteries https://t.co/K4X6BF6aFa https://t.co/9bZUX3hqtt]]></document>
		<document><![CDATA[These sinister noises could hijack your phone through voice commands https://t.co/NwHnwGG2uN https://t.co/4KWXGW8HdS]]></document>
		<document><![CDATA[Notifications Are Killing Your Productivity- Make It Stop https://t.co/gELr0Adt2q]]></document>
		<document><![CDATA[The Chinese News App with 600 Million Users That You’ve Never Heard Of https://t.co/EyZTtXYZbH https://t.co/wRxIgm8Kpn]]></document>
		<document><![CDATA[Avoid these 10 insecure VPN apps on Android https://t.co/cFWBqBLYEs https://t.co/Kpg742wZKB]]></document>
		<document><![CDATA[Some of the New York Times’ best stories aren’t in the Times — they’re on Twitter https://t.co/KDpF0mDvT0 https://t.co/WJFm4ftwnr]]></document>
		<document><![CDATA[Evernote Has Increased Prices! There May Be A Silver Lining. https://t.co/4e5GqCd2UP https://t.co/7iK2nuANDs]]></document>
	</documents>
</author>