<author lang="en">
	<documents>
		<document><![CDATA[@SophieFern sounds cool, eh? https://t.co/T9VAv43xZK]]></document>
		<document><![CDATA[@KazemiAlex @barco030 @psirides you young'uns and your fashionable language... the ladies' sewing circle shall hear of this]]></document>
		<document><![CDATA[@XTOTL @beanbiz Mum(81) &amp; I loved it too 😀 #wardinibooks]]></document>
		<document><![CDATA[Wonder what we could do with more $? @organ_nz https://t.co/7PSC3o1atu]]></document>
		<document><![CDATA[@Queenstownlife @theNursePath maybe 6 shit just got real]]></document>
		<document><![CDATA[.@gauloir just finished yr book in 1 sitting. Wonderful &amp; powerful stuff. Please write more!]]></document>
		<document><![CDATA[Chris was an all round good guy. Such a tragedy. https://t.co/Fo6SU4Bkro]]></document>
		<document><![CDATA[@gorgeousles lol just realized your new handle...*facepalm*]]></document>
		<document><![CDATA[@laptan1 Napier in the north island. What brings you here?]]></document>
		<document><![CDATA[@laptan1 welcome to NZ! Have fun, drink wine &amp; don't mind the earthquakes 😀]]></document>
		<document><![CDATA[@lynzsutt @psirides cheers Lynz 😀 always fun!]]></document>
		<document><![CDATA[@barco030 some of them have taken it to PhD level]]></document>
		<document><![CDATA[@SarahLibrarina that is beautiful 😌]]></document>
		<document><![CDATA[@HillaryClinton agree. And thank you. Just that.]]></document>
		<document><![CDATA[Gah! When will it end? https://t.co/4xKrMq6fMC]]></document>
		<document><![CDATA[Well put @DavidSlack https://t.co/uWVqb4GGmt]]></document>
		<document><![CDATA[@SophieFern *salutes* Roger that, sir. Will stand easy till then.]]></document>
		<document><![CDATA[Well done #Kokako #Boty2016 but sad for the lovely shore plover 😢@SophieFern]]></document>
		<document><![CDATA[@barco030 #learningcurve bro]]></document>
		<document><![CDATA[#legend also beer is a good replacement fluid #sports https://t.co/oTS5orbBc1]]></document>
		<document><![CDATA[@SophieFern I wonder if @BillBailey has voted in #BOTY yet? Shore plover for the win 👍🏽]]></document>
		<document><![CDATA[I think I sprained my face laughing at @BillBailey last night...thanks Bill 😂]]></document>
		<document><![CDATA[@SophieFern aha thank you. Spindly but lovely!]]></document>
		<document><![CDATA[@SophieFern this is one of ours, right? https://t.co/Ajr4pBimDk]]></document>
		<document><![CDATA[@mbismark maybe Mo Coombs at Victoria in Wgtn?]]></document>
		<document><![CDATA[Moving? Some playgrounds are rougher than others... https://t.co/1pliGeDseD]]></document>
		<document><![CDATA[@barco030 @FlyAirNZ @YouTube now I'm homesick. Whilst at home. #confused]]></document>
		<document><![CDATA[@donttrythis what are those little guys?]]></document>
		<document><![CDATA[@mrchrisaddison now you have made me remember my gran's Parkin *not a euphemism* it was fantastic...]]></document>
		<document><![CDATA[@avkwong @barco030 also an issue in #FOAMed 😀]]></document>
		<document><![CDATA[And the present... https://t.co/Sawc3criYl]]></document>
		<document><![CDATA[@RobBrydon @LiveNationUK To NZ? *crosses fingers*]]></document>
		<document><![CDATA[@ChickAndTheDead @mmbangor @BartsPathology @eventbrite looks amazing! Any plans to stream it? (Am in NZ)]]></document>
		<document><![CDATA[@KazemiAlex @cjpoynter @psirides *wiping away a tear* That's beautiful work, gents. #proud]]></document>
		<document><![CDATA[@psirides it's a gift. And a curse.]]></document>
		<document><![CDATA[Celebrating MClinEd from @AucklandUni at Ortolana with @riskfate. A lovely day!! Ps not Slytherin 😉 https://t.co/lFUlz6VRVs]]></document>
		<document><![CDATA[@barco030 I might be thunderstruck too. Probably do a little wee.]]></document>
		<document><![CDATA[@Queenstownlife @SophieFern I get to see him in Welly!! Squee!]]></document>
		<document><![CDATA[@kaye_rolls @psirides @DogICUma ok that was a joke, would not do for that reason!]]></document>
		<document><![CDATA[@psirides @DogICUma surely that's the intention #notsureanymore]]></document>
		<document><![CDATA[This is great. Read it!
 https://t.co/wrxL2o81lu]]></document>
		<document><![CDATA[@alexkc love #OTRpod: thanks! Funny Girls had a "makeup mask" sketch in series 1, just slap it on...]]></document>
		<document><![CDATA[@SusanCalman is that a Frinjury?]]></document>
		<document><![CDATA[@barco030 sounds like an adult movie actor...]]></document>
		<document><![CDATA[@barco030 salad &amp; omelette within the week? #overachiever]]></document>
		<document><![CDATA[@psirides @JaffyHill @tripp_advisor @KazemiAlex ooh yes, plasticine lovely *beams*]]></document>
		<document><![CDATA[@psirides @JaffyHill @tripp_advisor @KazemiAlex can we have crayons too pls?]]></document>
		<document><![CDATA[@SophieFern @Queenstownlife chin up lovely, pups make most things better 🐶]]></document>
		<document><![CDATA[@barco030 yup, watch this space.]]></document>
		<document><![CDATA[@barco030 yup. Batten down the hatches. One that I know of]]></document>
		<document><![CDATA[@SophieFern omg on the wireless!! More details please...]]></document>
		<document><![CDATA[Agree with @expensivecare: take a leaf out of Gandalf's book. "You shall not pass!" https://t.co/aIgVj8KoHJ]]></document>
		<document><![CDATA[Lovely images @Donatelife  https://t.co/XIPyNAxcv7]]></document>
		<document><![CDATA[@YrsaSig *throws head back, laughing*]]></document>
		<document><![CDATA[@fitbit can you help please? Surge strap is tearing away around tiny screw. What do you advise? https://t.co/QJ6VOzl9rI]]></document>
		<document><![CDATA[Oh yes. Required reading right here. Thanks @YrsaSig 👏🏽 https://t.co/WZC3RBG7Pb]]></document>
		<document><![CDATA[Well done @agordonICU nice one! #bartsalumni https://t.co/BEOOCjpN0F]]></document>
		<document><![CDATA[On the lookout for your book now @gauloir https://t.co/zQrcdhgJ40 @organ_nz]]></document>
		<document><![CDATA[@barco030 @psirides what a howler!]]></document>
		<document><![CDATA[Newspaper deliverer, chambermaid, glass washer, shoe seller, tax office file clerk, babysitter, doctor. https://t.co/F6NgOOcUIR]]></document>
		<document><![CDATA[Essential for young women. And young men. Thanks @caitlinmoran 👍 https://t.co/BAEkVfHD0f]]></document>
		<document><![CDATA[@barco030 dang! Plenty of fluids for you (wine counts too) take care!]]></document>
		<document><![CDATA[@barco030 oh dear! What are you up to?]]></document>
		<document><![CDATA[@NapierinFrame yup: cool!]]></document>
		<document><![CDATA[@gorgeousles cool! Remembering seeing them at wembley &amp; being deaf for 2 days after 😜]]></document>
		<document><![CDATA[@DearMama_ just found you&amp; love your writing. Please continue! 😀]]></document>
		<document><![CDATA[Transplant recipients strip off for new organ donation campaign https://t.co/1g9oTOGtpu

This is pure brilliant!]]></document>
		<document><![CDATA[Transplant recipients strip off for new organ donation campaign https://t.co/1g9oTOGtpu]]></document>
		<document><![CDATA[@YrsaSig thank you for your great writing! Just found you on Twitter!]]></document>
		<document><![CDATA[@psirides @DicDinsdale @barco030 somebody say bacon? Sure we could recruit here in HB]]></document>
		<document><![CDATA[If you have 11mins, listen to this https://t.co/C0fO3YpsOM it's beautiful 😀 https://t.co/y3xd9vDTZM]]></document>
		<document><![CDATA[@SophieFern yes but only up to a certain point. Which she randomly decides!]]></document>
		<document><![CDATA[@SophieFern she is lovely! And here is Amy (short for Amygdala) also beloved https://t.co/bHAZMZ2H1c]]></document>
		<document><![CDATA[@SophieFern she looks as if interrupted reading papers! Venerable &amp; wise 😀]]></document>
		<document><![CDATA[@SophieFern need photo of said dog!!]]></document>
		<document><![CDATA[@SophieFern sounds good 😀]]></document>
		<document><![CDATA[@SophieFern Yoo-hoo! Wasn't time! Keep in touch, hope we can continue talking in Dun/well etc...]]></document>
		<document><![CDATA[Well done Iceland!! #Properfootball]]></document>
		<document><![CDATA[Bruised arm from archery at #WWGSD this weekend, thanks @theJDuce &amp; team 😀 https://t.co/VHJYxCI2Sk]]></document>
		<document><![CDATA[@theJDuce thanks Jess! Spread the word #WWGSD]]></document>
		<document><![CDATA[Ok so there's #Brexit *gulp* but on the bright side there's #WWGSD 😀]]></document>
		<document><![CDATA[@psirides is it your birthday? Sweet!! Have a lovely day 😀]]></document>
		<document><![CDATA[@psirides looks like you had a great #SMACC but not smaccwelly?!? Boo]]></document>
		<document><![CDATA[@psirides @EmICUcanada @smaccteam Crikey Alex, some peacenik you are!]]></document>
		<document><![CDATA[@barco030 @KazemiAlex @cjpoynter yeah but, no but @barco was right!]]></document>
		<document><![CDATA[@barco030 *slaps sense into @barco030* you're welcome. Just breathe into this paper bag]]></document>
		<document><![CDATA[@barco030 you are their bitch now.]]></document>
		<document><![CDATA[@gorgeousles ok might catch you on Thursday? Will check schedule &amp; DM you 😀]]></document>
		<document><![CDATA[@gorgeousles sweet! Which days r u coming?]]></document>
		<document><![CDATA[Multi faith hotel room 😀 https://t.co/Sdqklz7RN2]]></document>
		<document><![CDATA[@AliIkram I loved that album. Always thought I was "little miss can't be wrong"]]></document>
		<document><![CDATA[@JesseMulligan thanks for the great reviews! Ps love your show on #radionz too]]></document>
		<document><![CDATA[#reliable cheers bro https://t.co/nXW47WBqqd]]></document>
		<document><![CDATA[@psirides @cjpoynter @barco030 cry havoc and let slip the dogs of war!]]></document>
		<document><![CDATA[@psirides @cjpoynter @barco030 will await barrage of tweets from you fullas tomorrow. On way to Welly for work 😀]]></document>
		<document><![CDATA[@psirides @cjpoynter @barco030 ok then stand down. Lots of other tweets about Paeds etc diluting my expectations.]]></document>
		<document><![CDATA[@psirides @cjpoynter @barco030 plenty of time to get whipped into a frenzy then]]></document>
		<document><![CDATA[@barco030 @psirides @cjpoynter surely that's prime time for the #wolfpack]]></document>
		<document><![CDATA[Radio silence from @psirides @cjpoynter @barco030 at #smaccDUB: disturbing!!]]></document>
		<document><![CDATA[But Woody is cool. Somehow. https://t.co/eKUHL3QPfK]]></document>
	</documents>
</author>