<author lang="en">
	<documents>
		<document><![CDATA[@PaulChesser I'm a reporter for Real Clear Politics, &amp; am working on a story re: ethics oversight of the Trump Admn. Have a moment to chat?]]></document>
		<document><![CDATA[@PGFlaherty I'm a reporter for Real Clear Politics, &amp; am working on a story re: ethics oversight of the Trump Admn. Have a moment to chat?]]></document>
		<document><![CDATA[@MattWhitaker46 I'm a reporter for Real Clear Politics, &amp; am working on a story re: ethics oversight of the Trump Ad. Have a moment to chat?]]></document>
		<document><![CDATA[@micah_morrison Great, thanks! Will give them a call in just a moment.]]></document>
		<document><![CDATA[@micah_morrison I'm a reporter for Real Clear Politics, &amp; am working on a story re: ethics oversight of the Trump Ad. Have a moment to chat?]]></document>
		<document><![CDATA[@jillsfarrell I'm a reporter for Real Clear Politics, &amp; am working on a story re: ethics oversight of the Trump Admn. Have a moment to chat?]]></document>
		<document><![CDATA[@cjtfarrell I'm a reporter for Real Clear Politics, &amp; am working on a story re: ethics oversight of the Trump Admn. Have a moment to chat?]]></document>
		<document><![CDATA[@TomFitton I'm a reporter for Real Clear Politics, &amp; am working on a story re: ethics oversight of the Trump Admn. Have a moment to chat?]]></document>
		<document><![CDATA[@abalcerzak Just sent the email. Thanks!]]></document>
		<document><![CDATA[@abalcerzak Great, thanks! Will shoot you a couple questions in just a moment.]]></document>
		<document><![CDATA[@NoahBookbinder I'm a reporter for Real Clear Politics, &amp; am working on a story re: ethics oversight of the Trump Ad. Have a moment to chat?]]></document>
		<document><![CDATA[@levinecarrie I'm a reporter for Real Clear Politics, &amp; am working on a story re: ethics oversight of the Trump Admn. Have a moment to chat?]]></document>
		<document><![CDATA[@RobertMaguire_ I'm a reporter for Real Clear Politics &amp; am working on a story re: ethics oversight of the Trump Adm. Have a moment to chat?]]></document>
		<document><![CDATA[@AKSarahB I'm a reporter for Real Clear Politics, &amp; am working on a story re: ethics oversight of the Trump Admn. Have a moment to chat?]]></document>
		<document><![CDATA[@vjn I'm a reporter for Real Clear Politics, &amp; am working on a story re: ethics oversight of the Trump Admn. Have a moment to chat?]]></document>
		<document><![CDATA[@abalcerzak I'm a reporter for Real Clear Politics, &amp; am working on a story re: ethics oversight of the Trump Admn. Have a moment to chat?]]></document>
		<document><![CDATA[@skrmhlz I'm a reporter for Real Clear Politics, &amp; am working on a story re: ethics oversight of the Trump Admn. Have a moment to chat?]]></document>
		<document><![CDATA[@RyleGerard I'm a reporter for Real Clear Politics, &amp; am working on a story re: ethics oversight of the Trump Admn. Have a moment to chat?]]></document>
		<document><![CDATA[@JohnDunbar14 I'm a reporter for Real Clear Politics, &amp; am working on a story re: ethics oversight of the Trump Admn. Have a moment to chat?]]></document>
		<document><![CDATA[@IOMcGehee I'm a reporter for Real Clear Politics, &amp; am working on a story re: ethics oversight of the Trump Admn. Have a moment to chat?]]></document>
		<document><![CDATA[@EdTowns Hi Mr. Towns, I'm working on a story for Real Clear Politics, and was wondering if you'd be able to quickly chat about the piece?]]></document>
		<document><![CDATA[Does anyone know if a Muslim Ban protest is still happening at BWI/ Baltimore airport on Monday? Any lawyers on the ground?]]></document>
		<document><![CDATA[Thanks to @Feminists4Life @prolifedem @LifeMattersJrnl for the story on pro-life feminism at the March for Life! https://t.co/oezpYuw62L]]></document>
		<document><![CDATA[Pro-Life Feminists Broader Message Is Nonviolence via @RealClearNews Was an interesting one to write. https://t.co/oezpYuw62L]]></document>
		<document><![CDATA[@JettCallie Hey, just tried to give you a call! Just let me know whenever you're free. Thanks!]]></document>
		<document><![CDATA[@JettCallie perfect, thanks! Will give you a call then. Will be from a 404 area code.]]></document>
		<document><![CDATA[@JettCallie Great, thanks so much! I'm at the expo right now, but if it'd be easier we could just talk over the phone this afternoon? 4ish?]]></document>
		<document><![CDATA[@ryanbomberger Hi Ryan, I'll be covering the March for Life tomorrow for Real Clear Politics. Care to briefly chat about the event?]]></document>
		<document><![CDATA[@JettCallie Hi Callie, I'll be covering the March for Life tomorrow for Real Clear Politics. Care to briefly chat about the event?]]></document>
		<document><![CDATA[@kathrynlopez Hi Kathryn, I'll be covering the March for Life tomorrow for Real Clear Politics. Care to briefly chat about the event?]]></document>
		<document><![CDATA[@beth1027 Hi Bethany, I'll be covering the March for Life tomorrow for Real Clear Politics. Care to briefly chat about the event?]]></document>
		<document><![CDATA[@KristanHawkins Hi Kristan, I'll be covering the March for Life tomorrow for Real Clear Politics. Care to briefly chat about the event?]]></document>
		<document><![CDATA[@jeannemfl Hi Jeanne, I'll be covering the March for Life tomorrow for Real Clear Politics. Care to briefly chat about the event?]]></document>
		<document><![CDATA[The Oscars are less white, but where are Latinos? https://t.co/jjH3puTH8o]]></document>
		<document><![CDATA[Women's March Organizers' Next Goal: Staying Power via @RealClearNews Thanks to everyone who helped with this story! https://t.co/PZhzaW0MPs]]></document>
		<document><![CDATA[@gingerlynn I'm writing a piece on the march for Real Clear Politics, and was hoping we could chat about what's next for the movement?]]></document>
		<document><![CDATA[@ERoszkoEsq I'm writing a piece on the march for Real Clear Politics, and was hoping we could chat about what's next for the movement?]]></document>
		<document><![CDATA[@evvieharmon I'm writing a piece on the march for Real Clear Politics, and was hoping we could chat about what's next for the movement?]]></document>
		<document><![CDATA[@bybreanne I'm writing a piece on the march for Real Clear Politics, and was hoping we could chat about what's next for the movement?]]></document>
		<document><![CDATA[@Janaye_Ingram I'm writing a piece on the march for Real Clear Politics, and was hoping we could chat about what's next for the movement?]]></document>
		<document><![CDATA[@InfiniteVanessa I'm writing a piece on the march for Real Clear Politics, and was hoping we could chat about what's next for the movement?]]></document>
		<document><![CDATA[@matthewbrobbins Hi Matthew, @chrisfaulkner said you'd be good to reach out to for the RCP story. Care to briefly chat? Thanks!]]></document>
		<document><![CDATA[@chrisfaulkner @matthewbrobbins Great, thanks! Will reach out to him as well.]]></document>
		<document><![CDATA[@chrisfaulkner @jmartNYT Haha, understood. May be worth a quick phone call/ email/ DM? Have just a couple of quick questions to run by you.]]></document>
		<document><![CDATA[@chrisfaulkner I'm writing a piece for Real Clear Politics on whether the left can learn anything from the Tea Party. Was hoping to chat?]]></document>
		<document><![CDATA[@TheMallea I'm writing a piece for Real Clear Politics on whether the left can learn anything from the Tea Party. Was hoping to chat?]]></document>
		<document><![CDATA[@MoElleithee I'm writing a piece for Real Clear Politics on whether the left can learn anything from the Tea Party. Was hoping to chat?]]></document>
		<document><![CDATA[@michaelpleahy Great, thanks! Just sent you an email.]]></document>
		<document><![CDATA[@christinakb Great, thanks so much! Will call in just a moment.]]></document>
		<document><![CDATA[@christinakb I'm writing a piece for Real Clear Politics on whether the left can learn anything from the Tea Party. Was hoping to chat?]]></document>
		<document><![CDATA[@DLoesch I'm writing a piece for Real Clear Politics on whether the left can learn anything from the Tea Party. Was hoping to chat?]]></document>
		<document><![CDATA[@replouiegohmert I'm writing a piece for Real Clear Politics on whether the left can learn anything from the Tea Party. Was hoping to chat?]]></document>
		<document><![CDATA[@jennybethm I'm writing a piece for Real Clear Politics on whether the left can learn anything from the Tea Party. Was hoping to chat?]]></document>
		<document><![CDATA[@TXTeaPartyMOM I'm writing a piece for Real Clear Politics on whether the left can learn anything from the Tea Party. Was hoping to chat?]]></document>
		<document><![CDATA[@GregCampbell_18 I'm writing a piece for Real Clear Politics on whether the left can learn anything from the Tea Party. Was hoping to chat?]]></document>
		<document><![CDATA[@PeteRiehm I'm writing a piece for Real Clear Politics on whether the left can learn anything from the Tea Party. Was hoping to chat?]]></document>
		<document><![CDATA[@EllieNoVATea I'm writing a piece for Real Clear Politics on whether the left can learn anything from the Tea Party. Was hoping to chat?]]></document>
		<document><![CDATA[@michaelpleahy I'm writing a piece for Real Clear Politics on whether the left can learn anything from the Tea Party. Was hoping to chat?]]></document>
		<document><![CDATA[@jimchiodo1 I'm writing a piece for Real Clear Politics on whether the left can learn anything from the Tea Party. Was hoping to chat?]]></document>
		<document><![CDATA[@matthewdnye I'm writing a piece for Real Clear Politics on whether the left can learn anything from the Tea Party. Was hoping to chat?]]></document>
		<document><![CDATA[@karmartin I'm writing a piece for Real Clear Politics on whether the left can learn anything from the Tea Party. Was hoping to chat?]]></document>
		<document><![CDATA[@smilinganyway I'm writing a piece for Real Clear Politics on whether the left can learn anything from the Tea Party. Was hoping to chat?]]></document>
		<document><![CDATA[Mnuchin Hammered by Dems for Failing to Disclose Assets | RealClearPolitics https://t.co/duOrVc7iQJ]]></document>
		<document><![CDATA[@kristy_king Great, thanks so much! Would you mind following me so I can send you a DM?]]></document>
		<document><![CDATA[@womensmarch I'm writing a piece on the march for Real Clear Politics, and was hoping we could chat about what's next for the movement? Thx!]]></document>
		<document><![CDATA[@TamikaDMallory I'm writing a piece on the march for Real Clear Politics, and was hoping we could chat about what's next for the movement?]]></document>
		<document><![CDATA[@kristy_king I'm writing a piece on the march for Real Clear Politics, and was hoping we could chat about what's next for the movement? Thx!]]></document>
		<document><![CDATA[@msladyjustice1 I'm writing a piece on the march for Real Clear Politics, and was hoping we could chat about what's next for the movement?]]></document>
		<document><![CDATA[@lsarsour I'm writing a piece on the Women's March for Real Clear Politics, and was hoping we could chat about what's next for the movement?]]></document>
		<document><![CDATA[@bobblanddesign I'm writing a piece on the march for Real Clear Politics, and was hoping we could chat about what's next for the movement?]]></document>
		<document><![CDATA[Trump's speech puts the people Obama worked so hard for back into the "other" category.]]></document>
		<document><![CDATA[CNN's split screen with Trump and Clinton is on par with La La Land's wish fulfillment ending.]]></document>
		<document><![CDATA[Mnuchin's duck face is a lot to handle. https://t.co/inMBeLASEG]]></document>
		<document><![CDATA[Elizabeth Warren is the real hero of these confirmation hearings.]]></document>
		<document><![CDATA[Interior Nominee Zinke Says Goal Is "Restored Trust" | RealClearPolitics https://t.co/L4y42En81S]]></document>
		<document><![CDATA[My write-up of Ben Carson's confirmation hearing for Real Clear Politics: https://t.co/1znOdUoSMl]]></document>
		<document><![CDATA[Nice slip up from Ben Carson... "I guarantee that HUD's programs will not singularly benefit any American... all Americans."]]></document>
		<document><![CDATA[I've started to report for Real Clear Politics! Check out my first byline on Elaine Chao's confirmation hearing. https://t.co/u1Ds9aAKaF]]></document>
		<document><![CDATA[I mean but it can't be real. Can it? NOTHING IS REAL ANYMORE. WE ALL LIVE IN AN ALTERNATE REALITY. #GoldenShowers]]></document>
		<document><![CDATA[We're living in The Upside Down. #GoldenShowers https://t.co/aekYkkwVww]]></document>
		<document><![CDATA[Cue the waterworks when he said, "Michelle..." #ObamaFarewell]]></document>
		<document><![CDATA[Snapping emphatically by myself to Obama's farewell address... there are no words to discribe how much I'll miss this man. #obamafarewell]]></document>
		<document><![CDATA[Sessions' law enforcement talk is a bunch of barely coded bullshit.]]></document>
		<document><![CDATA[@vonna_husby I know you're replying to everyone who tweeted @ Trump, but you do realize you already responded to this one, right?]]></document>
		<document><![CDATA[The percentage of @realDonaldTrump's tweets about Meryl Streep will be in direct correlation with the number of intel briefings he has tmr]]></document>
		<document><![CDATA[I just came back on here to see if @realDonaldTrump had tweeted about Meryl Streep yet. You know the tweets are coming... #GoldenGlobes]]></document>
		<document><![CDATA[Little to no representation of Latinx folks at the #GoldenGlobes, of course. The best we get is Sofia Vergara pretending to botch her lines.]]></document>
		<document><![CDATA[Latest via @Bustle, brought to you by @FriendDogStudio... this thing literally gave me the chills. #2016TheMovie https://t.co/vqX1BiWUDK …]]></document>
		<document><![CDATA[The great ? of our times: just what, exactly, did TWD do to piss off @Slate's TV critic THAT badly? You'd think cancellation was imminent!]]></document>
		<document><![CDATA[A friendly reminder that Rick Perry is director of the ETA &amp; has significant stock invested in the DAPL pipeline. 

https://t.co/giRqvi2XJe]]></document>
		<document><![CDATA[Lady Gaga has been my angel for years, and now the world is getting to see her as one. Beautiful performance at the #VSFashionShow]]></document>
		<document><![CDATA[The Walking Dead's iron to the face is just 2016 in a nut shell. #twd]]></document>
		<document><![CDATA[Please order DoorDash so my poor self can eat! Free delivery if you sign up via this link.  https://t.co/sKgkJ36UGg https://t.co/zadBmZJRkZ]]></document>
		<document><![CDATA[#GoodbyeConvenienceStore, Hello @goPuff @elsewhat999 @josh_gossett  https://t.co/cI4KM2wX1c https://t.co/ztIC93ONdX]]></document>
		<document><![CDATA[I could really use health insurance right about now. :/]]></document>
		<document><![CDATA[@jdsenglishteach But seriously what to do if he wins? I need solace. And alcohol. But I can't have the latter because I'm working until 3 am]]></document>
		<document><![CDATA[@jdsenglishteach People are dumb. I saw someone saying that on Facebook today, that it was Obama's last day in office. Ugh.]]></document>
		<document><![CDATA[@jdsenglishteach This is true. Gives me some hope. Just feeling very, very nervous.]]></document>
		<document><![CDATA[*vomits incessantly until the election results are in* #ElectionNight]]></document>
		<document><![CDATA[*Easy Street creeps back into my head* https://t.co/wJZWiineej]]></document>
	</documents>
</author>