<author lang="en">
	<documents>
		<document><![CDATA[@MAB93 don't go breaking my heart. I couldn't if I tried.]]></document>
		<document><![CDATA[After all the Brock osweiler shit talking. He's in the playoffs. Broncos are not. #NFLPlayoffs]]></document>
		<document><![CDATA[If you don't look good enough to post a selfie without a dog filter, why are you even taking a selfie. Cuz you look like a dog, literally.]]></document>
		<document><![CDATA[@RamsNFL is the reason why the @TBBuccaneers are not in the playoffs. Jesus Christ.]]></document>
		<document><![CDATA[Aaron Rodgers. Ny goodness. Packers are going all the way. #SNF]]></document>
		<document><![CDATA[Could've told you that https://t.co/xHPBGAvIuj]]></document>
		<document><![CDATA[I now realize why people always asked for the boconccini that were inside the water. @viccarroccetto]]></document>
		<document><![CDATA[@MAB93 @JohnKerio @PFF_Mike that was a completion lol]]></document>
		<document><![CDATA[Chris Berman's hat 👌🏻@ESPNNFL]]></document>
		<document><![CDATA[Fuck off with the juice]]></document>
		<document><![CDATA[Been there https://t.co/qrDddPPjYk]]></document>
		<document><![CDATA[The boy @VH1PNUT_ https://t.co/5SFYDSz0PT]]></document>
		<document><![CDATA[@viccarroccetto Toronto can't have nice things]]></document>
		<document><![CDATA[@VH1PNUT_ the boy #NGCO showing love for my record https://t.co/pPMeITUNLR]]></document>
		<document><![CDATA[Honestly, fuck off with your juice and healthy life choices https://t.co/KKrGQZnwjh]]></document>
		<document><![CDATA[@MAB93 gotta go see Yankee stadium when we go to New York #momangia https://t.co/8rvefE0mXY]]></document>
		<document><![CDATA[I cast my #ProBowlVote for @Jaboowins! Cast your vote below &amp; #SiegetheDay! https://t.co/xiPPltu0nE]]></document>
		<document><![CDATA[But I guess they've endured enough?]]></document>
		<document><![CDATA[@viccarroccetto I can only imagine the DMs coming through right now.]]></document>
		<document><![CDATA[@JohnKerio happy thanksgiving brother John. All the best to Fat rob and Jason witten today]]></document>
		<document><![CDATA[House M.D. What a show.]]></document>
		<document><![CDATA[That helps no one!  @NFLfantasy]]></document>
		<document><![CDATA[Large. #SiegetheDay]]></document>
		<document><![CDATA[Was that not a forward Pass? @JohnKerio]]></document>
		<document><![CDATA[Bucs looking more '02 this week. Looked more like '07 vs the falcons last week]]></document>
		<document><![CDATA[What a toss https://t.co/FFTVDotvFU]]></document>
		<document><![CDATA[@JohnKerio no idea how jay cutler has a job]]></document>
		<document><![CDATA[@gambs87 trumps hate]]></document>
		<document><![CDATA[Diamond and Matz https://t.co/4ZVLzzC48S]]></document>
		<document><![CDATA[@JohnKerio time to join me in the great white north brother John]]></document>
		<document><![CDATA[The series finale of America. Premiers tonight. @JohnKerio]]></document>
		<document><![CDATA[@CNN this election seems a lot more like a concert]]></document>
		<document><![CDATA[@mike_depaulo you're time is important. We apologize for the delay, a customer service rep will be with you shortly]]></document>
		<document><![CDATA[Wrong]]></document>
		<document><![CDATA[We're gonna build a wall. We're gonna build it quickly. We're gonna build it effectively. And they're gonna pay for it. Vote zio]]></document>
		<document><![CDATA[Uncle Larry wants to cut taxes and free cotton candy.]]></document>
		<document><![CDATA[The reasons I can't change are the reasons why you love me.]]></document>
		<document><![CDATA[I'm like Eddie Murphy Raw but they wanna make me rated G like daddy day care, both great movies but sill. https://t.co/nRLloSIJCm]]></document>
		<document><![CDATA[@DemaryiusT this may be asking a lot. But I need 28 FP from you tn to get in first place. It's a win win situation if you follow through]]></document>
		<document><![CDATA[@ESPNFantasy start demaryius and flex either gio or mike Wallace or bench demariuys and start both #FFNow]]></document>
		<document><![CDATA[@juuliamartino must be Italian https://t.co/u6h9ueA4jZ]]></document>
		<document><![CDATA[@mike_depaulo man city pulled one out their dick holes]]></document>
		<document><![CDATA[@JohnKerio mike Wallace or gio]]></document>
		<document><![CDATA[@JamesDKoh gio or mike Wallace?]]></document>
		<document><![CDATA[@TheFFBallers GioBernard or Mike Wallace]]></document>
		<document><![CDATA[@ESPNFantasy #StartSitESPN Flex GioBernard or Mike Wallace]]></document>
		<document><![CDATA[#gmfb @heykayadams started Jordan Howard and Jordy Nelson. In two leagues.]]></document>
		<document><![CDATA[My life is empty without football.]]></document>
		<document><![CDATA[Winning a super bowl in your lifetime &gt; Texans fans @JohnKerio]]></document>
		<document><![CDATA[@McDonalds Bring all day breakfast]]></document>
		<document><![CDATA[#SiegetheDay https://t.co/1bxDICn4yF]]></document>
		<document><![CDATA[@JohnKerio spotted a Hall of Famer #99 https://t.co/LlwhbK6Qjm]]></document>
		<document><![CDATA[@NbcNfl def need to go back to the old intro song. So cheesy with what you make the players do.]]></document>
		<document><![CDATA[@CNN this is ridiculous. Like is this really that astonishing that these things came from trump. It's Donald trump. Like this is news]]></document>
		<document><![CDATA[@JohnKerio you live in a country where fairness is just an afterthought so I don't blame you #kaepernickforpresident]]></document>
		<document><![CDATA[@JohnKerio been waiting to book a flight to LAX dog]]></document>
		<document><![CDATA[What happened to all my single friends.]]></document>
		<document><![CDATA[Pumpkin pie blizzard with pumpkin pie]]></document>
		<document><![CDATA[Been saying this for time https://t.co/dluSWHTyzy]]></document>
		<document><![CDATA[@ESPNFantasy Blair Walsh missing that field goal saved me a W]]></document>
		<document><![CDATA[@NFLfantasy #MondayNightmare up playing against Blair Walsh https://t.co/BB9nXcey8z]]></document>
		<document><![CDATA[AM football. #ColtsVSJaguars 😁😁]]></document>
		<document><![CDATA[When Larry met zapper.]]></document>
		<document><![CDATA[When the uncle meets zio. The shit chronicles]]></document>
		<document><![CDATA[#teamwillie if you don't score you don't win]]></document>
		<document><![CDATA[@JoeRossi19 don't talk about your mom like that]]></document>
		<document><![CDATA[She don't believe in shooting stars https://t.co/Zqi7opaSrp]]></document>
		<document><![CDATA[Realized drake isn't the best "rapper" and he actually doesn't care about you. https://t.co/ueY3o4UlJM]]></document>
		<document><![CDATA[So many Jay's fans in Seattle]]></document>
		<document><![CDATA[@ESPNNFL what about @DeAngeloRB]]></document>
		<document><![CDATA[@Rotoworld_FB DT88 Rawls or Bernard to flex]]></document>
		<document><![CDATA[Not in Canada ....#TNF https://t.co/GDncl1pFV9]]></document>
		<document><![CDATA[@MattFranchise what's RB value can I get with kelvin Benjamin. Concerned with Rawls and AP]]></document>
		<document><![CDATA[@JohnKerio #SiegetheDay https://t.co/8OiZNSWVbb]]></document>
		<document><![CDATA[Jameis pulled one out his ass #SiegetheDay]]></document>
		<document><![CDATA[@Micheal_Fabiano so much for cj being a sit em. Goof]]></document>
		<document><![CDATA[Big time; states the same thing 4 times at least  https://t.co/jrpOvUdJ0E]]></document>
		<document><![CDATA[#SiegetheDay or at least a wildcard]]></document>
		<document><![CDATA[@DeAngeloRB not a big steelers fan but putting a lot of faith in you this year. One of my favourite players. Yes you're on both my teams.]]></document>
		<document><![CDATA[@JohnKerio subtract my last two add T Kelce and K Benjamin. Add fuller to @MAB93 https://t.co/4Q1damTjpR]]></document>
		<document><![CDATA[@EAMaddenNFL solo challenges on ultimate gameplay to slow, should allow feature to auto continue to next challenge]]></document>
		<document><![CDATA[@JohnKerio you think you're better than me]]></document>
		<document><![CDATA[No disrespect to the hip. But they're not my cup of tea]]></document>
		<document><![CDATA[@MAB93 @JosephDepaulo @JohnKerio @JoeRossi19 it's almost here https://t.co/MyoBBdM6kq]]></document>
		<document><![CDATA[That's why it's not worth watching. Only for Fifa events https://t.co/NLlJZkQj64]]></document>
		<document><![CDATA[If you weren't from Woodbridge and you saw Sonoma McDonald's for the first time. I don't understand.]]></document>
		<document><![CDATA[The plural form of BAE is an oxymoron and grammatically incorrect.]]></document>
		<document><![CDATA[God forbid that happened to the USA anthem. #ASG #AllLivesMatter @MLB @Sportsnet #thetenors]]></document>
		<document><![CDATA[I don't agree. Don't mess with the anthem.  #thetenors]]></document>
		<document><![CDATA[What happened with the anthem #thetenors]]></document>
		<document><![CDATA[The ice queen ❄️ https://t.co/RUzfypNzqg]]></document>
		<document><![CDATA[First Father's Day I'm thankful that I don't have kids.]]></document>
		<document><![CDATA[Sweatin]]></document>
		<document><![CDATA[Nothing will be funnier than misunderstanding.]]></document>
		<document><![CDATA[Sun is shining. The weather is sweet]]></document>
		<document><![CDATA[God bless America https://t.co/tcurbPnBs1]]></document>
		<document><![CDATA[I really wanna play some madden/ watch some NFL]]></document>
		<document><![CDATA[I'm no politician but a lot of people bashing k wynne for the free tuition. Why'd we elect her then?]]></document>
		<document><![CDATA[Thought my alarm clock read "tap to booze" this morning. Crazy weekend.]]></document>
		<document><![CDATA[Mark knight at cabana. My dream come true.]]></document>
	</documents>
</author>