<author lang="en">
	<documents>
		<document><![CDATA[#Nurse Kay- You are an inspiration &amp; breath of fresh air #NurseForLife @ANANursingWorld @PHNurse_org @schoolnurses https://t.co/CU85BJYZR7]]></document>
		<document><![CDATA[@NCSNNurse Absolutely! A visual guide to our practice. #NASN21stCF https://t.co/acYrbv8SwY]]></document>
		<document><![CDATA[@marynurs27 @schoolnurses We must bring it to the forefront of our practice #NASN #21stCenturyFramework]]></document>
		<document><![CDATA[Utilizing #NASN #21stCentury #Framework to guide our practice -Easy or Small--What's the return? @NJHI_ @NJ_CCN… https://t.co/MVMdBCKMXF]]></document>
		<document><![CDATA[Dr. Phillips navigating our activities to build a #CultureofHealth in #NJ! @NJHI_ @NJ_CCN https://t.co/vWDL8uqv11]]></document>
		<document><![CDATA[Our optimistic #mindset. #SchoolNurses can impact these---@LChewey scribing @NJHI_ @NJ_CCN https://t.co/iflH8HPzGW]]></document>
		<document><![CDATA[How do you promote #Health Justice Agenda? @schoolnurses @NJHI_ @NJ_CCN https://t.co/xqqAFVfYQa]]></document>
		<document><![CDATA[Jen Rosen-Valverde @RutgersLaw speaking to #NJ #SchoolNurses about legal services "We Need Each Other to Make a Dif… https://t.co/ztPW6pNEqH]]></document>
		<document><![CDATA[@NMNurseEileen @RobinCogan &amp; @PoMoNurseCathy created proposal #MentalHealth #FirstAid for #NJ #SchoolNurses - @NJHI_ @NJ_CCN @NJHospitals]]></document>
		<document><![CDATA[@NMNurseEileen speaking innovating ideas presented to @BobAtkins_ @NJHI_ for school nurses (#mentoring &amp;… https://t.co/lHFbnpZ2c1]]></document>
		<document><![CDATA[@BobAtkins_  "talk about what #communities have, not what they need" to build a #CultureofHealth with #NJ… https://t.co/iAr6CB8kEj]]></document>
		<document><![CDATA[@BobAtkins_ speaking about @NJHI_ initiatives in #NJ  building a #CultureofHealth @RWJF @NJ_CCN https://t.co/9KKaayE1zb]]></document>
		<document><![CDATA[@TupeAnna Welcoming attendees to #21stCenturyFramework Saturday session @NJHI_ @NJ_CCN https://t.co/qqjcGqPPUt]]></document>
		<document><![CDATA[@ednacadm @NJHI_ @NJ_CCN #Framework session on this Saturday morning https://t.co/wnCTzbk3Lg]]></document>
		<document><![CDATA[#NJ  #SchoolNurses learning about the "Framework" &amp; #collaborations @NJHI_ @NJ_CCN @RWJF @NJNIprogram https://t.co/I28ZaYRcPM]]></document>
		<document><![CDATA[We convene to discuss our expanding role in the 21st Century, our link to #pophealth, &amp; leadership opps! @NJHI_… https://t.co/AuswPXb2iu]]></document>
		<document><![CDATA[What do #NJ school nurses do on a Sat? @njhi @NJ_CCN]]></document>
		<document><![CDATA[@EtixWorld @NMAAHC @AskNMAAHC  Shameful that no one contacted me yet, I've even emailed]]></document>
		<document><![CDATA[@EtixWorld @NMAAHC How do I get tickets for May 20th ? That is the date https://t.co/RFfelU27qT]]></document>
		<document><![CDATA[@EtixWorld @NMAAHC  Now, I know you are kidding? Page notes only open til 10:30 am .. I don't think appropriately h… https://t.co/8CDgCQhiXo]]></document>
		<document><![CDATA[@EtixWorld @NMAAHC How do I get these tickets ???]]></document>
		<document><![CDATA[@EtixWorld @NMAAHC I was in cue since 9 am. Not my fault your system problem.. https://t.co/vV7ckEQQnL]]></document>
		<document><![CDATA[@EtixWorld @NMAAHC  Keeping the page open is not resolution... can you message me a number to call?? 4 hours in...]]></document>
		<document><![CDATA[@EtixWorld @NMAAHC Have this screen since 9 am.... There must be another way to get the tickets...tried to call num… https://t.co/zrlJMi7Smg]]></document>
		<document><![CDATA[@schoolnurses @bethmattey   did you see this? https://t.co/CBaXTM9jEW]]></document>
		<document><![CDATA[@NMAAHC @EtixWorld  I do understand, but is there someone I can call?]]></document>
		<document><![CDATA[@NMAAHC @EtixWorld  There should be a way at this point that someone can private message me to get the tickets via the telephone...]]></document>
		<document><![CDATA[@EtixWorld @NMAAHC  It's still in the loop, you can see date/time, but I didn't want to remove it. How do I get the… https://t.co/zi3IOW1IEw]]></document>
		<document><![CDATA[@EtixWorld -- so how do I get the tickets??
Private message me to speak to someone]]></document>
		<document><![CDATA[Still not going to next screen for tixs @EtixWorld @NMAAHC ... https://t.co/8ASFJ2O1yM]]></document>
		<document><![CDATA[Been calling @EtixWorld &amp; @NMAAHC numbers -- no one to help me! Message me!! https://t.co/YiWOY98Pvg]]></document>
		<document><![CDATA[@NMAAHC I've been in a loop of "I'm not a robot" for 1/2... your site extremely slow to issue tickets.. contact me https://t.co/PwEWu0eyWf]]></document>
		<document><![CDATA[@APA_Style @bergren Good to know!]]></document>
		<document><![CDATA[@MRMS_Nurse Don't forget, there is also Adrenaclick https://t.co/SPTfEWt2Lg]]></document>
		<document><![CDATA[Hmmm 🤔#WholeSchoolWholeCommunityWholeChild the way to go! Build that #CultureofHealth with #SchoolNursing… https://t.co/1hmColGnIZ]]></document>
		<document><![CDATA[Classy! Recognizing both sisters! #SerenavsVenus https://t.co/ORqwcVKW9A]]></document>
		<document><![CDATA[Wow! Two amazing sistas! #SerenavsVenus  https://t.co/ifbbkv0I3h]]></document>
		<document><![CDATA[#Children are suffering #TurnTheTide  https://t.co/UAEP0EPA3u]]></document>
		<document><![CDATA[Check if your state has an ALICE report  https://t.co/d1FYrjMEhn @UnitedWay]]></document>
		<document><![CDATA[New @UnitedWay ALICE report 37% household in #NJ could not afford basic needs. #News12NJ https://t.co/Vq7lcl6duS]]></document>
		<document><![CDATA[A family entertainment event that was seen &amp; enjoyed by many ...leaving.  A sign of the times. https://t.co/YZbxvbmRsI]]></document>
		<document><![CDATA[.@NurseMoritz - The 2nd "right" will be important for #SchoolNurses to note ➕ educating #UAPs, #parents &amp; #students… https://t.co/7E2opTIBoD]]></document>
		<document><![CDATA[AUVI-Q (epinephrine injection, USP 0.15 mg/0.3 mg auto-injectors) coming back in 2017 https://t.co/lBjruNYwS8]]></document>
		<document><![CDATA[The Cost of Raising a Child [Blog] https://t.co/9ZydqmMGPq via @GovDelivery]]></document>
		<document><![CDATA[#Wellness #HealthyNJ #PopHealthNJ https://t.co/ObomU3D6jm]]></document>
		<document><![CDATA[ACNJ eNews @ACNJforKids @NJCitizenAction #SaveOurHealthcare #ACA  https://t.co/ddWeJGZwrV https://t.co/FDQz0Xhqvy]]></document>
		<document><![CDATA[School Refusal Is a Real Thing — Here’s What You Can Do https://t.co/kA4ULFQvAe]]></document>
		<document><![CDATA[Addressing hunger by available #SchoolBreakfast &amp; #BreakfastAftertheBell - a plus for children.… https://t.co/Yx2ooTDu2L]]></document>
		<document><![CDATA[#CareCoordination is a mainstay for #SchoolNurses #BetterHealthBetterLearning #WholeChild https://t.co/97gfkc0GZh]]></document>
		<document><![CDATA[#HealthySchoolsDay - April 4th @HealthySchoolsD https://t.co/yWG9pYqKUJ https://t.co/d4GTVyrN9D]]></document>
		<document><![CDATA[Teachers Are Stressed, And That Should Stress Us All- Sounds like the 'whole community' needs to addressed. #WSCC  https://t.co/mZ8xKN2NiG]]></document>
		<document><![CDATA[Absolutely! #Educators, #SISPs, #Families, #Students, Communities &amp; #Organizations working together!
#WSCC… https://t.co/2gpBHkyrOT]]></document>
		<document><![CDATA[#SchoolNurses advocate as well! We'll check this out! #BetterHealthBetterLearning 
#WSCC #WholeChild https://t.co/eNTvG8Bgi5]]></document>
		<document><![CDATA[In Their Words: How Children Are Affected by Gender Issues - National Geographic https://t.co/J1BI4rq6OL]]></document>
		<document><![CDATA[#Health &amp; #Safety Conference @NJEA https://t.co/YAArrvHhlI]]></document>
		<document><![CDATA[Alert- CO2 &amp; Temperature are not enforceable for #schools! They are recommendations! All else is required! #IAQ… https://t.co/Q9mCTvKwUx]]></document>
		<document><![CDATA[Is your #school sick? @NJEA @NJWEC https://t.co/vzBLX4jNHo]]></document>
		<document><![CDATA[#BreathingBad #IAQ How's ventilation in your school? @NJWEC @NJEA https://t.co/qXECT0yZNC]]></document>
		<document><![CDATA[Captain John Staab - " #SchoolNurses case manage staff and student injuries" "Report injuries to him or her" @NJEA https://t.co/DwaGyPYgWG]]></document>
		<document><![CDATA["In schools, our working conditions are student learning conditions" @jaimesvalente @NJEA]]></document>
		<document><![CDATA[Be sure #SchoolNurse is on your Health &amp; Safety Committee! #HealthySchoolsNow]]></document>
		<document><![CDATA[Great point! @MarieBlistan "40% of U.S. #SchoolNurses know students are #absent because of the school conditions" @NJEA @NJWEC @ACNJforKids]]></document>
		<document><![CDATA[What It’s Like to Be In Love When You Have a Chronic Illness | The Mighty https://t.co/pCQ37KJEB5]]></document>
		<document><![CDATA[@HHSGov @HRSAgov @AAPNews @NASHPhealth  Apprx 1500 hrs/yr in school with extracurriculars &amp; before/after prgms! #Kids have POCs (IHPs) @ sch]]></document>
		<document><![CDATA[#SharedPOC Include #SchoolNurses We're on the #care team! Ck time in #school! @HHSGov @HRSAgov @AAPNews… https://t.co/5EdaVVPedD]]></document>
		<document><![CDATA[.@schoolnurses - you might want to share with families that have #children with #asthma https://t.co/sf7VSv5u2H]]></document>
		<document><![CDATA[@rdrogers99 @schoolhealth - Congrats #SHturns60 ! Doing so much for #SchoolNurses &amp; #Schools - #NJ Reps @2ddb1b6e0fa94c5 &amp; @LeahyKristi 👍🏾]]></document>
		<document><![CDATA[@Katalyst4change - this article says something..... https://t.co/ObHo5uhs57]]></document>
		<document><![CDATA[I was asked &amp; found this....... What is #Placemaking? - Project for #Public  Spaces &amp; #Communities  https://t.co/elhrfnzrZS]]></document>
		<document><![CDATA[#PlaceMaking #CultureofHealth #WSCC https://t.co/nhua7NW0NW]]></document>
		<document><![CDATA[#WholeChild #BetterHealthBetterLearning https://t.co/nmsfC5n2KS]]></document>
		<document><![CDATA[Wonder how many #nursing students in school? Hope to see an increase! #Nurses https://t.co/6mJuv5ccHe]]></document>
		<document><![CDATA[👏🏾Great preventative initiative @jschmidt159 @normarn722 @FrBenFSP ➕-Looking forward 2 CEUs 4 #nj #schoolnurses too… https://t.co/viUCbcPiR1]]></document>
		<document><![CDATA[Thank you @FLOTUS! https://t.co/1n1nSV8N0G]]></document>
		<document><![CDATA[.@btetweets  - High schools need to rethink the #college advice, too. Guidance just isn't guidance anymore...too ma… https://t.co/wJ5dssKBvI]]></document>
		<document><![CDATA[It Turns Out Spending More Probably Does Improve Education https://t.co/lgurwRQSNz via @UpshotNYT]]></document>
		<document><![CDATA[Technological changes can be both a boon and a bane for patient care https://t.co/35k5XTKG6b via @rwjf]]></document>
		<document><![CDATA[Important changes to note @schoolnurses @EpilepsyNJ https://t.co/rL00NbNxPQ]]></document>
		<document><![CDATA[#SchoolNurses are integral #SISPs to #RTI (Response to Intervention) &amp; #MTSS (Multitiered Systems of Supports) proc… https://t.co/ZalJk4Vkaw]]></document>
		<document><![CDATA[#SchoolNurse humor 😂 https://t.co/ZinRC1Hw5T]]></document>
		<document><![CDATA[#TurnTheTide #FacingAddiction https://t.co/TQUErfcYBI]]></document>
		<document><![CDATA[#TurnTheTide https://t.co/VwGwNP0ABy]]></document>
		<document><![CDATA[There are always clues of instability that #kids exhibit at #school. We just have to pay attention.… https://t.co/lZqB6EAExe]]></document>
		<document><![CDATA[.@schoolnurses share this toolkit #teens need sleep https://t.co/97O1IDmFLX]]></document>
		<document><![CDATA[Nice story to read in this season of giving #kindness #caring #ItTakesAVillage https://t.co/uBu8rymuiV]]></document>
		<document><![CDATA[.@PublicHealth see you signed... https://t.co/mtAYuzDBNY! Individual can too --https://t.co/YcZOxX6LlM #PlaceMaking #CultureofHealth]]></document>
		<document><![CDATA[#Placemaking is building a #CultureofHealth https://t.co/3pCp7vWni3]]></document>
		<document><![CDATA[#SchoolClimate - protecting or policing https://t.co/YVcaqdvnuQ]]></document>
		<document><![CDATA[#MostTrusted #Nurses https://t.co/17kGeGIymR]]></document>
		<document><![CDATA[#SchoolNurses are on the team for safe, supportive &amp; inclusive #schools - #WSCC #WholeChild… https://t.co/6KuPgN6oim]]></document>
		<document><![CDATA[#MentalHealth https://t.co/6mBEaLOhmW]]></document>
		<document><![CDATA[#Opioid Crisis #grants https://t.co/wFnLEsE2gO]]></document>
		<document><![CDATA[An interesting commentary   https://t.co/1Zf7YjdPMV]]></document>
		<document><![CDATA[❤️d learning abt #PinkSocks "connecting"/"disrupting healthcare from the ground up"      #ActofKindness https://t.co/3ZlDTC5Ktt @nickisnpdx]]></document>
		<document><![CDATA[Why kids miss school #AbsencesAddUp #SchoolEveryDay @schoolnurses @attendanceworks https://t.co/GXqhZMz7UT]]></document>
		<document><![CDATA[Let's see how it unfolds in 2017. Hope #health is one of the priorities. #ESSA #ESEA @schoolnurses https://t.co/J7E4qO7UXu]]></document>
		<document><![CDATA[.@TxSchlNurses - wonder how this will affect 'free care reversal'? @healthyschools https://t.co/f0KH7NAi2h]]></document>
		<document><![CDATA[Life is ever changing...it's inevitable https://t.co/dRU2Vh1uft]]></document>
		<document><![CDATA[@MayaRockeymoore Thanks for the update. I look forward seeing it soon]]></document>
		<document><![CDATA[@RobinCogan @schoolnurses Let's see generic epi actual pharm prices for those without ins ...(?will @MylanNews discount coupon still apply?)]]></document>
	</documents>
</author>