<author lang="en">
	<documents>
		<document><![CDATA[@crystaln2209 she's adorable. Really nice photo too.]]></document>
		<document><![CDATA[Dentist appoint today. I don't like getting dental work, but it was "interesting" with quakes. Stopped twice to wait for shaking to stop.]]></document>
		<document><![CDATA[Just watched season 1 of Cleverman. Great show! Looking forward to next season. https://t.co/Q7qsHUVPCx]]></document>
		<document><![CDATA[How Tae Dae The Scottish... https://t.co/dwpfZ7P2KT via @YouTube]]></document>
		<document><![CDATA[@Rossy167 @JimSterling the penalty for breaching the UK gambling act is maximum 51weeks in prison, a fine or both for each offence.]]></document>
		<document><![CDATA[YouTube Ads: Not For Everybody? - A Dose of Buckley https://t.co/sucV4RLjtf via @YouTube]]></document>
		<document><![CDATA[Saw @kubothemovie with niece and husband over the weekend, we all loved it. I love the miniatures and stop-motion. #KuboAndTheTwoStrings]]></document>
		<document><![CDATA[‘Eraserhead - re:View’ by Red Letter Media on #SoundCloud https://t.co/8a8JhQ0kWC]]></document>
		<document><![CDATA[I loved "Warcraft: the Beginning". Looking forward to the next movie.]]></document>
		<document><![CDATA[I Took A Pill In Ibiza - (ELECTRIC VIOLIN) https://t.co/q2eWceotOj]]></document>
		<document><![CDATA[I just bought Feeding Frenzy (Movie + Extras) https://t.co/ejh4fNhXQA]]></document>
		<document><![CDATA[Zoning Out [Life of Boris Animated] https://t.co/D91zbzsxtJ via @YouTube]]></document>
		<document><![CDATA[Ori and the Blind Forest - Game Review by Cossack-HD https://t.co/JsiZvjcjOv via @YouTube]]></document>
		<document><![CDATA["Dear hearing people..." Great video, great message! https://t.co/TCyFhSkdqW]]></document>
		<document><![CDATA[Noam Chomsky on the death of the  American Dream https://t.co/6ANqzB1k7u]]></document>
		<document><![CDATA[@Harlack thanks for sharing your thoughts on fair use on YouTube. You make a really great point. I hadn't thought of it that way. Thanks.]]></document>
		<document><![CDATA[I just got Gorilla Interrupted + How Not to Make a Movie on @vhxtv https://t.co/DJXVaZfL1T via @redlettermedia]]></document>
		<document><![CDATA[Everything Thats Wrong With Youtube (Part1/2) - Copyright, Reactions and... - @GradeAUnderA https://t.co/CdpAoPUzE6 via @YouTube]]></document>
		<document><![CDATA[We saw Star Wars: TFA at Lighthouse Cinema, Cuba earlier today (xmas eve). Only 5 other ppl in cinema, it was great! Really enjoyed movie!]]></document>
		<document><![CDATA[They're Esports. Like how driving around a track is MOTORsports. It's competitive &amp; requires skill. https://t.co/7o2yySDFvU]]></document>
		<document><![CDATA[This review made me more excited about Krampus. I'm still trying to convince my husband to watch it with me. https://t.co/IJPOMxQ5L8]]></document>
		<document><![CDATA[Joined the @redlettermedia message boards a few hours ago. It's now 4.30am and I know I should sleep but this fan art thread is amazing!!]]></document>
		<document><![CDATA[@BlackCapsNo1Fan sorry you've had a sad day. *hugs* hope you feel better in the morning!]]></document>
		<document><![CDATA[@BlackCapsNo1Fan i agree, that would be nice. I hear from friends less since I deleted my facebook.]]></document>
		<document><![CDATA[Yet Another Games as Art Thing https://t.co/EJCE8hVrzW via @YouTube]]></document>
		<document><![CDATA[Watching @PreviouslyRec on Twitch play Keep Talking and Nobody Explodes. It's great! http://t.co/KtfjqLjDK8]]></document>
		<document><![CDATA[The final of #FindMeAMāoriBride was brilliant! If you haven't seen it, you should definitely check it out @maoritv http://t.co/fEY8oNhANZ]]></document>
		<document><![CDATA[@Steejo. Really enjoying your current series. Loved your Michelle Bell Project Zomboid. Will you be doing another Project Zomboid lets play?]]></document>
		<document><![CDATA[Really enjoying #FindMeAMaoriBride on @maoritv. Great show with a great cast and crew! http://t.co/fEY8oNhANZ]]></document>
		<document><![CDATA[I just backed We Happy Few - Welcome to Wellington Wells, you Saucy Minx on @Kickstarter http://t.co/W3BFOLxjsg]]></document>
		<document><![CDATA[The game probably isn't for me but I love the trailer! Makes me want to play it. https://t.co/1iZ5GaCSpI]]></document>
		<document><![CDATA[I'm a Real Platinum God!! #bindingofisaacrebirth]]></document>
		<document><![CDATA[Perfect view of moon while still being able to watch youtube videos on tv and play Isaac (Rebirth) on laptop. Moon is partially eclipsed.]]></document>
		<document><![CDATA[Ordered! "Check out Pocket Egg - Northernlion! Available for the next 4 days via @Teespring: http://t.co/G24UtW1Wdq "]]></document>
		<document><![CDATA[10 Photos of People Taken RIGHT Before They DIED! Part of new segment for Seriously Strange by @TheRobDyke http://t.co/NygAxErAF3]]></document>
		<document><![CDATA[Apparently, it's St Patrick's Day... that explains the raging party next door that I can hear through our apartment wall.]]></document>
		<document><![CDATA[@TheRobDyke My husband read the comic book series of it and he didn't like it at all. Gonna give the show a watch but expectations are low.]]></document>
		<document><![CDATA[@catelecast, I think I was too young when I saw Donnie Darko &amp; didn't get it. Your podcast has made me want to give it another watch.Thanks!]]></document>
		<document><![CDATA[@crystaln2209 that's cool. Don't worry, we haven't told (&amp; wont tell) anyone. Don't really talk to many ppl.]]></document>
		<document><![CDATA[.@crystaln2209. Doing some research and found this old photo... that's Uncle Kelvin, right?! http://t.co/ayGXniC4OI]]></document>
		<document><![CDATA[Affordable housing on Wellington land http://t.co/7rqs1NIK0t #radionz]]></document>
		<document><![CDATA[.@MatthewSantoro is a great guest narrator in the @cinemasins EWW Underworld: Evolution video! http://t.co/nicK1B33l7]]></document>
		<document><![CDATA[@crystaln2209 that's cool. you catching a ride? Your welcome to stay here if you need to btw.]]></document>
		<document><![CDATA[@crystaln2209 text me details of your flights when you get them, k.]]></document>
		<document><![CDATA[First paragraph is brilliant,the rest deserves a read too "Playing video games linked to breast-feeding,not crime http://t.co/9ioXJdAoTk"]]></document>
		<document><![CDATA[Truth In Gaming: An Interview with The Fine Young Capitalists http://t.co/IojzQR6gQa via @APGNation]]></document>
		<document><![CDATA[Minister used wrong figures to justify gang policy, police admit http://t.co/91hjFCXuQa via @nzherald]]></document>
		<document><![CDATA[@crystaln2209 that sounds awesome! thanks! I don't think I have any books you'd be interested in reading.]]></document>
		<document><![CDATA[@MrTunupopo haha. I'm good. Feeling kinda sick right now tho,ate lots of dessert at chocolate buffet for dinner. Sugar overload! How're you?]]></document>
		<document><![CDATA[Going to the Chocolate Buffet at Amora later today with friends. Super excited! So much chocolate! #Wellington]]></document>
		<document><![CDATA[In movies, when ppl only hear part of a full conversation their perspective is skewed. This can be the same for reading cropped screencaps.]]></document>
		<document><![CDATA[@BlackCapsNo1Fan yes, but advanced voting started a few days ago. We did it early because we won't make it to booths on 20th.]]></document>
		<document><![CDATA[Voted! Don't forget to vote if you haven't already.  #Election2014 #nzpol]]></document>
		<document><![CDATA[@bigmfraser amazing video! Thanks for sharing!]]></document>
		<document><![CDATA[The gaming community is not a wretched hive of sexism and misogyny. http://t.co/15KHPe2oqT via @examinercom]]></document>
		<document><![CDATA[Thank god for @JimSterling! Jimquisition : Social Justice Warriors ... and Ganondorf http://t.co/EI8c6UjVPH via @TheEscapistMag]]></document>
		<document><![CDATA[@crystaln2209 that'd be awesome. I'll let you know if I end up buying any before then. I have other books I should finish reading.]]></document>
		<document><![CDATA[@crystaln2209 I'll try find Paper Towns next. We have an awesome bookstore here which has a lot of his books for like $18.]]></document>
		<document><![CDATA[@crystaln2209 awesome. I thought he might be who you suggested ages ago. I've been watching  his youtube videos and realised he writes books]]></document>
		<document><![CDATA[@crystaln2209 what books (if any) have you read by John Green? Read 'A Fault in Our Stars', loved it. Wanted to read before seeing film.]]></document>
		<document><![CDATA[@crystaln2209 cool cool.]]></document>
		<document><![CDATA[I love Peter Capaldi as The Doctor. Watched Doctor Who - Deep Breath (and extras) at Lighthouse Theatre this arvo, it was brilliant.]]></document>
		<document><![CDATA[Brian Rudman: It's only dirty politics when someone else does it http://t.co/0gSBr3RQ6Z via @nzherald #hagerbook]]></document>
		<document><![CDATA[@crystaln2209, when you text asking how I know Jarrod did you referred to your now boyfriend as a "mutual  friend"?]]></document>
		<document><![CDATA[5 of 5 stars to In Pale Battalions by Robert Goddard http://t.co/HFKHlXJM0S]]></document>
		<document><![CDATA[Wow, I'm on that diet too! It's the best. "@Dommoschitti: I'm on this new diet where I eat whatever I want and you can go fuck yourself."]]></document>
		<document><![CDATA[@MLukeBrown awesome, thanks.]]></document>
		<document><![CDATA[@MLukeBrown, is that 10pm EDT?]]></document>
		<document><![CDATA[Watching @Dommoschitti on Friend Zone. Is that Old Snickerdoodles I hear? http://t.co/gz4JJzGN6C]]></document>
		<document><![CDATA[A friend from Taranaki, NZ is still missing. Police contact numbers at end of article if you have info. http://t.co/GXC3kzIe5g]]></document>
		<document><![CDATA[Another great episode! "@SyndicationPod: The new episode is up! We talk X-Files - Darkness Falls [S1E20] http://t.co/jydySWe3cw"]]></document>
		<document><![CDATA[3 of 5 stars to Darkness Falls by Les Martin http://t.co/xgUEsOWlue]]></document>
		<document><![CDATA[@hughlaurie when I worked in a hotel, several front desk people/porters played sudoku when there was nothing else to do. They're really good]]></document>
		<document><![CDATA[@crystaln2209 Yay! I've pretty much stopped using Facebook (trouble loading site &amp; mobile app sucks on my tablet so I gave up)]]></document>
		<document><![CDATA[Because I haven't drawn in such a long time, I'm super rusty... Going to have a re-learn a few things. Practice makes perfect. Sleep now tho]]></document>
		<document><![CDATA[@HeyNickMurphy I like "scarily handsome". I'm going to call my husband that when he gets home from work and see how he reacts.]]></document>
		<document><![CDATA[Watched @ContinueShow BMX XXX (PS2) ep., I learnt a game dev tip (if your game is bad, add titties) &amp; laughed a lot. http://t.co/FrY6PJ4ifq]]></document>
		<document><![CDATA[@SyndicationPod Awesome! We don't get Netflix in NZ but we have other similar things.]]></document>
		<document><![CDATA[Sad I can't grow a gnarly wizard beard. I look awesome with a moustache. Although, I've only had fake ones... Plan B: buy fake wizard beard.]]></document>
		<document><![CDATA[@SyndicationPod I think it'd be awesome if you guys did Sliders and/or Quantum Leap. Don't know how accessible they are though]]></document>
		<document><![CDATA[Photo of my first attempt at a plush toy. Hand sewn. It's a squid! Not perfect but close enough for a first time. http://t.co/JQ1MQ92XyZ]]></document>
		<document><![CDATA[It's late on a Sunday night and I'm attempting my first soft toy project... A squid for my husband.]]></document>
		<document><![CDATA[@Dommoschitti of boobs?]]></document>
		<document><![CDATA[Listened to first episode of @SyndicationPod. Fantastic podcast! This episode they talked about the X-files pilot http://t.co/IhUxdlqIud]]></document>
		<document><![CDATA[These look amazing! "Red Bull Superheroes by Diego Fonseca http://t.co/D4M7jRRuzt via @YouTheDesigner"]]></document>
		<document><![CDATA[@SyndicationPod , I'm so excited that you're talking about X-files for the first episode! It was one of my favourite shows as a kid.]]></document>
		<document><![CDATA[Worst part about NZ summer, the sun feels like it's melting my face off.]]></document>
		<document><![CDATA[@Henderson1983 I'm jealous you've had snow. I would happily swap weather with you if I had that sort of magical powers.]]></document>
		<document><![CDATA[&lt;3 @ZanePants story from episode 24 &amp; @PaulRitchey story from episode 14 of @FantasyFicPod . Would &lt;3 to hear more stories from them.]]></document>
		<document><![CDATA[Happy valentines day! This is what my husband got me. He's wonderful. I &lt;3 Watchman graphic novel and white roses. http://t.co/gScIdbQ4u7]]></document>
		<document><![CDATA[Started listening to Fantasy Fiction podcast ( @FantasyFicPod ). Thoroughly recommend. It makes me laugh so much. I love it!]]></document>
		<document><![CDATA[How Lord of The Rings Should Have Ended: http://t.co/Zyp5FW5kAX via @youtube]]></document>
		<document><![CDATA[Conway's Secret Blog (Acknowledged Ludonarrative Dissonance achievement) http://t.co/XVDZpCFeTk]]></document>
		<document><![CDATA[Finished reading "Is It Just Me?" by @mermhart. Funny and inspiring. She's amazing and so is her book. &lt;3]]></document>
		<document><![CDATA[I just got some free music from @babybeemusic on @noisetrade. Download it here: http://t.co/NUy5WOUwCI]]></document>
		<document><![CDATA[Steam surpasses 7 million concurrent users for the first time http://t.co/WGKP2dW7Fe]]></document>
		<document><![CDATA[Just finished watching the 50th anniversary episode of Dr Who and I loved it. I now want to do a Dr Who marathon in the near future.]]></document>
		<document><![CDATA[Worms Clan Wars is free to play until Sun at 1pm PDT on Steam http://t.co/ByroRpcCkF Katherine Parkinson's voice acting in it is great.]]></document>
		<document><![CDATA[3 of 5 stars to Dreamland by Sarah Dessen http://t.co/MkpxfDuLLt]]></document>
		<document><![CDATA[Revenue for this skin will be donated to Make-A-Wish Foundation: Awesomenauts - Private Mels http://t.co/dhwBZ0VNjm from @steam_games]]></document>
	</documents>
</author>