<author lang="en">
	<documents>
		<document><![CDATA[Could Parklife just to see Frank Ocean]]></document>
		<document><![CDATA[@channehmsee @HollyPassmore glad u introduced me to him]]></document>
		<document><![CDATA[Setlist for Drake makes me weak in the knees 😻]]></document>
		<document><![CDATA[@chelseamorris10 that can be kept for our bday tweets]]></document>
		<document><![CDATA[@chelseamorris10 you're just as bad don't do this to us]]></document>
		<document><![CDATA[Actual freaks me out how people can be so obsessive and clingy 24/7]]></document>
		<document><![CDATA[You're doing your best to stay engrossed in your daily routine... More for Leo https://t.co/mKKG8xHf5R]]></document>
		<document><![CDATA[You have a natural tendency to run yourself into the ground, b... More for Leo https://t.co/mKKG8xHf5R]]></document>
		<document><![CDATA[Andrew Garfield is a dream in Hacksaw Ridge 👅]]></document>
		<document><![CDATA[White chicks never fails to cheer me up]]></document>
		<document><![CDATA[@chelseamorris10 @whatagaby still makes me laugh randoms saying they'll cash us outside]]></document>
		<document><![CDATA[You're ready to dive headfirst into a passion project, feeling... More for Leo https://t.co/mKKG8xpEej]]></document>
		<document><![CDATA[@chelseamorris10 remember be up early you're getting married]]></document>
		<document><![CDATA[Just basically danced an Irish fling and that's no how I thought my night would end up like]]></document>
		<document><![CDATA[You're reluctant to show your hand just yet, preferring to wat... More for Leo https://t.co/mKKG8xHf5R]]></document>
		<document><![CDATA[Going from an iPhone 5s to a 7 plus is maybe no the best idea since I keep dropping it every 5 mins]]></document>
		<document><![CDATA[Can't wait for the day my mum finally puts her read receipts on and stops being a snake]]></document>
		<document><![CDATA[@mirrensummers_ Happy bday !! Have a good one Xxx]]></document>
		<document><![CDATA[A casual conversation with your partner or a close friend may ... More for Leo https://t.co/mKKG8xHf5R]]></document>
		<document><![CDATA[@_abbieeddington happy birthday Abbie! Have a good one 😽 Xx]]></document>
		<document><![CDATA[U wanna talk about mothers]]></document>
		<document><![CDATA[Can't wait to get the brows redone 💆🏻]]></document>
		<document><![CDATA[@eilidhmcbridexx Happy bday babes!! Have a good one xxx]]></document>
		<document><![CDATA[Getting enough rest should be top priority now, whether or not... More for Leo https://t.co/mKKG8xHf5R]]></document>
		<document><![CDATA[Everyone has to have that one person u can send screenshots to without any judgement]]></document>
		<document><![CDATA[Rewatching prison break and T-bag still manages to give me heebie jeebies]]></document>
		<document><![CDATA[Whenever I'm bored I end up online shopping and it's becoming a bad habit]]></document>
		<document><![CDATA[Meant to be looking after sister and have no idea where she is at, good one]]></document>
		<document><![CDATA[You take it personally when something doesn't go your way now.... More for Leo https://t.co/mKKG8xpEej]]></document>
		<document><![CDATA[You may be inspired or overwhelmed by irrepressible waves of c... More for Leo https://t.co/mKKG8xHf5R]]></document>
		<document><![CDATA[You may be inspired or overwhelmed by irrepressible waves of c... More for Leo https://t.co/mKKG8xHf5R]]></document>
		<document><![CDATA[So much love for Dreamgirls 😿❤️]]></document>
		<document><![CDATA[You may act as if everything is copacetic today, but you're li... More for Leo https://t.co/mKKG8xHf5R]]></document>
		<document><![CDATA[Emily's mum has her location 😭😭]]></document>
		<document><![CDATA[Relationship dynamics grab your attention today, requiring tha... More for Leo https://t.co/mKKG8xHf5R]]></document>
		<document><![CDATA[Channeh needs friends for when I'm at work]]></document>
		<document><![CDATA[Plenty of concentration and effort are necessary now to make a... More for Leo https://t.co/mKKG8xHf5R]]></document>
		<document><![CDATA[I swear when my mum starts healthy eating the whole house gets forced to do the same]]></document>
		<document><![CDATA[Everything you fix today seems to create new problems, like th... More for Leo https://t.co/mKKG8xHf5R]]></document>
		<document><![CDATA[Sophie picked up my hand sanitiser and asked me if it was for your vagina, eh no babes]]></document>
		<document><![CDATA[@SophieMur98 she'll probs see u tonight! Give u dating advice like usual]]></document>
		<document><![CDATA[Agreed to buy katie food and I've left the gyle £70 down cause she persuaded me to buy her stuff 🙃]]></document>
		<document><![CDATA[It feels good to boldly state your needs without much of a fil... More for Leo https://t.co/mKKG8xpEej]]></document>
		<document><![CDATA[Smashed yet another one of my mac highlighters which means I'm two down in the space of a month 😭]]></document>
		<document><![CDATA[It feels good to boldly state your needs without much of a fil... More for Leo https://t.co/mKKG8xHf5R]]></document>
		<document><![CDATA[So after about 6 years channeh's hair has finally grown an inch]]></document>
		<document><![CDATA[All girls should have a magic mike in their life]]></document>
		<document><![CDATA[When I'm sad I just think of Natalie having a dance off in maga with a Mike Tyson lookalike]]></document>
		<document><![CDATA[Going downstairs every morning to see mum's put a selfie of me in a photo frame makes me want to top myself]]></document>
		<document><![CDATA[My life would be that bit better if I had a dog for company when I'm off a Monday]]></document>
		<document><![CDATA[It feels good to boldly state your needs without much of a fil... More for Leo https://t.co/mKKG8xHf5R]]></document>
		<document><![CDATA[Some people are just straight up creeps]]></document>
		<document><![CDATA[I swear to god I'll drop kick my dad if he keeps putting shan music on his sonos speaker]]></document>
		<document><![CDATA[@Scalesy94 it'll be worth it]]></document>
		<document><![CDATA[@christiemackay1 drinks when we both have money sis!]]></document>
		<document><![CDATA[@christiemackay1 so amaze and pretty just want them to be cheaper]]></document>
		<document><![CDATA[£50 for a bra from Victoria Secret is a nuke and a half but gotta do what u gotta do]]></document>
		<document><![CDATA[You are free to choose what to share when you are ready becaus... More for Leo https://t.co/mKKG8xHf5R]]></document>
		<document><![CDATA[Wearing boots to work cause refuse to go into town for drinks after work being 5 foot nothing]]></document>
		<document><![CDATA[Nothing more worrying than waking up to phone calls]]></document>
		<document><![CDATA[@amie_see @DrakeBible_ @abbyymballow @emilycombe_ that's u Amie]]></document>
		<document><![CDATA[Friday the 13th and Drake has postponed tour surely the day can't get worse]]></document>
		<document><![CDATA[You are free to choose what to share when you are ready becaus... More for Leo https://t.co/mKKG8xHf5R]]></document>
		<document><![CDATA[Can't wait to sleep]]></document>
		<document><![CDATA[You might be harboring unresolved concerns today about the bou... More for Leo https://t.co/mKKG8xHf5R]]></document>
		<document><![CDATA[Could fajitas]]></document>
		<document><![CDATA[Withdrawal symptoms from Channeh and Amie 😿]]></document>
		<document><![CDATA[See sometimes I wish I was a only child like why are siblings so annoying]]></document>
		<document><![CDATA[I've got the worst luck ever 😴😴]]></document>
		<document><![CDATA[It's nearly impossible to tell if you're more exciting or exci... More for Leo https://t.co/mKKG8xHf5R]]></document>
		<document><![CDATA[It's nearly impossible to tell if you're more exciting or exci... More for Leo https://t.co/mKKG8xHf5R]]></document>
		<document><![CDATA[It's nearly impossible to tell if you're more exciting or exci... More for Leo https://t.co/mKKG8xHf5R]]></document>
		<document><![CDATA[@chloechristie_x Happy bday pretty! Xx]]></document>
		<document><![CDATA[@Saran_Robertson Happy bday Saran! Have the best day 😚 Xx]]></document>
		<document><![CDATA[Your tenderness is both a blessing and a curse. Your interacti... More for Leo https://t.co/mKKG8xHf5R]]></document>
		<document><![CDATA[Your tenderness is both a blessing and a curse. Your interacti... More for Leo https://t.co/mKKG8xHf5R]]></document>
		<document><![CDATA[The more I watch the 50 shades trailer more I can't wait for it to come out]]></document>
		<document><![CDATA[Ready for bed and mum's brought me dark fruits to my room mmm maybe not]]></document>
		<document><![CDATA[As if my day couldn't be any worse mongo sister has went in my makeup with her friends 🙃🙃]]></document>
		<document><![CDATA[There's people in my house but can't recognise their voices so refuse to go down]]></document>
		<document><![CDATA[The thought of all my mum and dads friends coming to my house is making me whitey]]></document>
		<document><![CDATA[@Scalesy94 @scalesy1994 socks and sandals all the way]]></document>
		<document><![CDATA[10 mins into silk and lauren changes her shoes to sandals 🤒]]></document>
		<document><![CDATA[You could use a fun distraction tonight, but you'll need to ov... More for Leo https://t.co/mKKG8xHf5R]]></document>
		<document><![CDATA[It's time to turn over a new leaf and be accountable for your ... More for Leo https://t.co/mKKG8xHf5R]]></document>
		<document><![CDATA[@natalieweirx @_MeganLambert wouldn't expect anything less]]></document>
		<document><![CDATA[@_MeganLambert @natalieweirx I can already see this happening to u]]></document>
		<document><![CDATA[I'm in such a bad mood and cba with work tomorrow]]></document>
		<document><![CDATA[It's time to turn over a new leaf and be accountable for your ... More for Leo https://t.co/mKKG8xHf5R]]></document>
		<document><![CDATA[Family are so sick making me bus to queen street and back at this time]]></document>
		<document><![CDATA[You begin to feel very positive about improving your health as... More for Leo https://t.co/mKKG8xHf5R]]></document>
		<document><![CDATA[Can't wait for brow day tomorrow 💆🏻]]></document>
		<document><![CDATA[@sophie_hardiex Happy bday Soph! Have a good one 😽]]></document>
		<document><![CDATA[I'm so nervy to go home to see my New Year dress cause guaranteed it'll be stinking]]></document>
		<document><![CDATA[You're having fun with your daydreams as they become more and ... More for Leo https://t.co/mKKG8xHf5R]]></document>
		<document><![CDATA[So new groupchat topic of the day 🙃 https://t.co/y1pLigVtIo]]></document>
		<document><![CDATA[Everyone you encounter today seems to be in a festive mood, li... More for Leo https://t.co/mKKG8xHf5R]]></document>
		<document><![CDATA[Ordered two dresses for Hogmanay in the hope that at least one looks decent otherwise I'm fucked]]></document>
		<document><![CDATA[Hogmanay plans finally sorted with the girls 💃🏽]]></document>
		<document><![CDATA[@abbyymballow you'd fit in abby it's fine]]></document>
	</documents>
</author>