<author lang="en">
	<documents>
		<document><![CDATA[@DrNO_NC @Meaningness @Kalieezchild Thank you for the wonderful discourse. I really appreciate it!!]]></document>
		<document><![CDATA[@DrNO_NC @Meaningness @Kalieezchild it's a basic desire - to be 'more' fulfilled.]]></document>
		<document><![CDATA[@DrNO_NC @Meaningness @Kalieezchild The bigger question would be - what had you hoped you would experience from achieving such a goal?]]></document>
		<document><![CDATA[@Meaningness @DrNO_NC This recognizes the fluidity of thought - one time good - next time not so good. What lies underneath it?]]></document>
		<document><![CDATA[@Meaningness @DrNO_NC Yes, useful perhaps for a short term - but long term, the goal will constantly change. That's all.]]></document>
		<document><![CDATA[@Meaningness @DrNO_NC I hear that - but again 'pragmatically' is subjective. Better is only determined an individual's story about life]]></document>
		<document><![CDATA[@Meaningness @DrNO_NC One cannot improve thought. It simply arises. Seeing it as an 'object' is possible - and is the 'goal' in itself.]]></document>
		<document><![CDATA[@Meaningness @DrNO_NC using thought to improve thought is a fools errand. Any and all 'gains' are purely subjective.]]></document>
		<document><![CDATA[@AncestryCA Nothing, actually...]]></document>
		<document><![CDATA[@VIAwesome Not a photo from 1974 - the vehicles are not of that vintage]]></document>
		<document><![CDATA[@morethanmySLE Yes, I saw this too. Only days after an official reassurance no such discrimination would occur.]]></document>
		<document><![CDATA[@IMSA waking up on the west coast - catching up with your tweets - OUTSTANDING &amp; entertaining work - thank you!!!]]></document>
		<document><![CDATA[@PathlessWay One cannot 'stop thinking' - but can allow thought to arise and decay without attaching focus to it]]></document>
		<document><![CDATA[@PathlessWay The same as photo of an apple give no hint of it's taste...]]></document>
		<document><![CDATA[@M_Wayne Selling a 'better future' which does not exist has no appeal. What is forever changeless - be here now - is the only point of focus]]></document>
		<document><![CDATA[@TheZenGardner Ha Ha! He certainly will, if that's a sarcastic take on it! (as in: shit = nothing)]]></document>
		<document><![CDATA[@smerconish Really like the polls you do - thanks for inviting input!!]]></document>
		<document><![CDATA[@2upTogether @BMWMotorrad @senabluetooth Thanks for sharing these! Oh man, summer get here faster!!]]></document>
		<document><![CDATA[What an impressive display of democracy today. Time and energy spent by many to join and deliver a unified message - heard loud and clear]]></document>
		<document><![CDATA[@beingsoShoel seeing that moment of speechlessness was more than worth It! Fine friends indeed - it's an honor to be in such great company!]]></document>
		<document><![CDATA[@Zen_Guy there is no future - that's duality to a tee]]></document>
		<document><![CDATA[@Kalieezchild @BentinhoMassaro most stables smell of shit too]]></document>
		<document><![CDATA[@BigDogsVancity wondered where you went!]]></document>
		<document><![CDATA[@jeanjeanw5 so be it!]]></document>
		<document><![CDATA[@jeanjeanw5 Here's a bottom line: https://t.co/P5jvV6MIaV]]></document>
		<document><![CDATA[@Nollowa @MaxGraham @BijouBoston don't make him wait pho ever!]]></document>
		<document><![CDATA[@Jayytteee self analysis NOT to improve, but to clearly see what IS - that which underlies all experience / life]]></document>
		<document><![CDATA[@MoebiusArt1 @wilw Is that a cape or a really huge newspaper?]]></document>
		<document><![CDATA[@VanishingBlue Especially in space, where 'no one can hear you scream']]></document>
		<document><![CDATA[@joshelledge @EmpoweredByJohn Be advised, this is a quote from the Dan Millman book "Way of the peaceful.." NOT the real Socrates...]]></document>
		<document><![CDATA[@Jayytteee and then you realize there is no mountain or path, not even a 'you']]></document>
		<document><![CDATA[VanDusen Botanical Gardens - Christmas Lights right after a snowfall https://t.co/xr3Up4OW73]]></document>
		<document><![CDATA[@Kalieezchild @TalyaEidelman The key indicator here is 'MY world'. Ugh, no. Definitely a story woven from a need to be 'special' &amp; different]]></document>
		<document><![CDATA[@SarahKSilverman If you listen carefully, Joe is saying it's patriotism solely to MONEY, not a country or the people within it.]]></document>
		<document><![CDATA[@vedicfolkscom uh, no. Nice story, and only a story. To propose one story over another story as a remedy for dissatisfaction is foolhardy]]></document>
		<document><![CDATA[@Kalieezchild As with most 'teachings' - one may not mess with an original 'narrative'. Leads to loss of control for those in 'charge']]></document>
		<document><![CDATA[@nikonrumors dump yahoo - that's faster!]]></document>
		<document><![CDATA[@ZENShredding oh yeah! Know it all too well]]></document>
		<document><![CDATA[@Kalieezchild @SriSri it's the grifter 'lifter']]></document>
		<document><![CDATA[@Kalieezchild @TranshumanWoman @FutureThinkers_ @leashless yup, misses the boat on nearly every level. Future? Decisions? Choices? Crap]]></document>
		<document><![CDATA[In her favorite place - a tube https://t.co/5OOiKqSONy]]></document>
		<document><![CDATA[@Kalieezchild @SriNithyananda 'rare living avatar'? - more like 'duplicitous lying sack of shit' x 10 for vigorous self promotion]]></document>
		<document><![CDATA[@midnight big trouble in little China syndrome]]></document>
		<document><![CDATA[@santaspice It's not where the believer seeks - which was the point of the first tweet. Unity is all there is, all else believed is illusion]]></document>
		<document><![CDATA[@santaspice  there is never a moment without unity - only a believer who believes they are separate. All is quite literally 'God Willing']]></document>
		<document><![CDATA[@santaspice 'others' = BLIND. Blind telling the blind what they think they heard from those who 'see' is often very misleading]]></document>
		<document><![CDATA[@SwamiDoseDaily philosophical 'truths' can only ever be religiously believed-keeping believers in story, evading the experience of 'reality']]></document>
		<document><![CDATA[@TheZenGardner take it as a compliment! Being outside the herd dynamic is the best place IMO]]></document>
		<document><![CDATA[@TheZenGardner beautifully put, and solidly true for many]]></document>
		<document><![CDATA['If I don't feel loving or connected, I have to look to my own mind' - Bryon Katie]]></document>
		<document><![CDATA[@ZENShredding nailed it right on the head. The single greatest addiction.]]></document>
		<document><![CDATA[@MaxGraham new floors are worth the wait!]]></document>
		<document><![CDATA[@MaxGraham I hope they actually take a month and not longer with the clean up. 'Pain in the ass' - mild understatement!]]></document>
		<document><![CDATA[@Kalieezchild  Andy was such a prick. Probably still is.]]></document>
		<document><![CDATA[@ZENShredding you could also say it as thought believing thinker]]></document>
		<document><![CDATA[@SwamiDoseDaily all boil down to thoughts. There is no 'doer', only thought arising]]></document>
		<document><![CDATA[@SwamiDoseDaily wrong on both counts. If no one is here, who's mind or intellect is at play?]]></document>
		<document><![CDATA[@SwamiDoseDaily 'you' can't drop the 'I', it can only be seen past.]]></document>
		<document><![CDATA['People with too much freedom and a sense of entitlement are the most sophisticated and persistent con artists on the planet' - Mark Mushet]]></document>
		<document><![CDATA[@Starbucks4359 from my workplace to yours!]]></document>
		<document><![CDATA[@Kalieezchild Yeah, that's fair.]]></document>
		<document><![CDATA[@Kalieezchild which basically implies NEVER]]></document>
		<document><![CDATA[@kleinenberg that's how it happens to pretty much everything.]]></document>
		<document><![CDATA['Religion was invented when the first con man met the first fool' - Mark Twain]]></document>
		<document><![CDATA[@TheZenGardner @2weelz thank you!]]></document>
		<document><![CDATA[@TheZenGardner what is a TENS unit?]]></document>
		<document><![CDATA[@Porsche countless? Bet you could tell me without the slightest hesitation!]]></document>
		<document><![CDATA[@ReformedBroker Great stuff! Thought provoking and an unconventional view. Well done!]]></document>
		<document><![CDATA[@wmiddelkoop yup, demonized what you want to control.]]></document>
		<document><![CDATA[@Kalieezchild nice stories and notions, but not much else]]></document>
		<document><![CDATA[Wonderful video on the simplicity of non-duality. Watch "Life in Freefall" on @Vimeo https://t.co/Rwo4UIOgqu]]></document>
		<document><![CDATA[@ZENShredding Congratulations on another book!]]></document>
		<document><![CDATA[@Kalieezchild @EckTOLLEQuotes so what you mean to say is: crap spewing forth from a spiritual prostitute?]]></document>
		<document><![CDATA[It's Roy Batty's incept day! #BladeRunner #RoyBatty https://t.co/ZxlGrj7FQ7]]></document>
		<document><![CDATA[@TheZenGardner not a waste of time, but it's true that few have the fortitude or will to uncover that which is 'permanent']]></document>
		<document><![CDATA[If Kermit the Frog &amp; Bugs Bunny could have a love child, it just might look like Dr Seuss's Grinch]]></document>
		<document><![CDATA[@TheZenGardner mmmm.... Coffee... Must make now...]]></document>
		<document><![CDATA[@jeanjeanw5 @tricyclemag Apparently 'someone', but in reality, no one. The 'truth' cannot be told, for there is no one to tell it too...]]></document>
		<document><![CDATA[@SwamiDoseDaily Emotions = thoughts. Thoughts believed sap anyone's energy]]></document>
		<document><![CDATA[@TheZenGardner Thanks for sharing your wealth here...]]></document>
		<document><![CDATA[@mtaibbi Ben Carson!! did I guess right?]]></document>
		<document><![CDATA[@torquilcampbell yup, the ol' 'do as I say,  not as I do' bullshit.]]></document>
		<document><![CDATA[Only the mind that believes what it thinks is capable of creating imperfection - BK]]></document>
		<document><![CDATA[Jeb can fix it? Campaign slogan based on his brothers win in 2000?]]></document>
		<document><![CDATA[It's only ever TODAY]]></document>
		<document><![CDATA[@Kalieezchild @dailyzen especially when you're teaed off...]]></document>
		<document><![CDATA[@Kalieezchild @JamesGleick you nailed it Jody - ca$h greases the deal]]></document>
		<document><![CDATA[@GaryJanetti @SethMacFarlane 'Christians' would be the first to call him Satan...]]></document>
		<document><![CDATA[@TheZenGardner we each create our own BELEIFS about the world around us, and still have  zero control over what actually happens.]]></document>
		<document><![CDATA[Finding the 'way' leaves no trace behind, and you need to be comfortable with walking into a misty fog in front of you.]]></document>
		<document><![CDATA[It's often never what you plan (for), but it's always what you have (around 'you' right now)]]></document>
		<document><![CDATA[@jeanjeanw5 correct on both counts. What 'seems' to be happening is merely an interpretation of ultimately neutral events]]></document>
		<document><![CDATA["The unexpected is bound to happen, while the anticipated may never come." - Nisargadatta]]></document>
		<document><![CDATA[@jeanjeanw5 does the infinite oneness supersede the apparent separation within it?]]></document>
		<document><![CDATA[@jeanjeanw5 yes, fear is what keeps the appearance of a separate self alive. Yet, that which IS is indivisible - regardless of appearances.]]></document>
		<document><![CDATA[@jeanjeanw5 if you faced the fear of the loss of individuality and got through it, would you fear anything anymore?]]></document>
		<document><![CDATA[You cannot earn what is already YOUrs]]></document>
		<document><![CDATA[Change in Alberta! Astonishing results - never thought I'd see such sweeping change!]]></document>
		<document><![CDATA[The absence of the self as the center of behavioural expression is the condition of the freedom to love - R. Wolfe]]></document>
		<document><![CDATA[@ZENShredding the statement is just as true if you drop 'spiritually speaking']]></document>
	</documents>
</author>