<author lang="en">
	<documents>
		<document><![CDATA[@ActonPies haha far less stressful in LA traffic...]]></document>
		<document><![CDATA[@ActonPies beautiful car. Incredible to drive.]]></document>
		<document><![CDATA[@AWray7 trophy cabinet looking a bit empty compared to Franks ;)]]></document>
		<document><![CDATA[The real highlight of the trip? Sharing another hotel room with the man and myth that is @danielbru. Austin, Vegas and now Atlanta.]]></document>
		<document><![CDATA[@dummyolson all over this... https://t.co/yEjxO3xReu]]></document>
		<document><![CDATA[The best English midfielder of our generation. Period. #superfrankielampard]]></document>
		<document><![CDATA[First time in #Hotlanta as well. Looking forward to checking out the @EL studios as part of the trip!]]></document>
		<document><![CDATA[Delighted to be returning to @SEATconference for the 3rd year running. Talking Esports, pro sports and how both can learn from the other.]]></document>
		<document><![CDATA[This is a clever activation from the @warriors - nice way of tying exciting highlights with a relevant product. https://t.co/CAqJdiRBOU]]></document>
		<document><![CDATA[@SleepytimePM you choose to bless us in the shower room? with a selfie? 😂]]></document>
		<document><![CDATA[@TaintedOrg what's wrong with pink outside the logo? https://t.co/BJROmKfPSn]]></document>
		<document><![CDATA[That awkward moment you get usurped by West Ham... https://t.co/uhIVuzPrhO]]></document>
		<document><![CDATA[@MTBorker for sure. We'll have to catchup when you get here - talk esports and I'll show you around town!]]></document>
		<document><![CDATA[@MTBorker thx. A relic of my British Tennis days. Less hair and more greys thanks to travel + a child!]]></document>
		<document><![CDATA[@DewayneHankins sharp new look buddy. CMO suits you! https://t.co/O4K9yJdk0P]]></document>
		<document><![CDATA[How is this relevant? Tennis a global sport, Pro Bowl a national one. Viewing hours adverse. https://t.co/Cd8y13i7of]]></document>
		<document><![CDATA[I won't lie. Half the joy in having a kid is that I can relive my childhood vicariously and buy all the toys I want… https://t.co/MZ6oUsWRex]]></document>
		<document><![CDATA[@Charlie_Boss @njh287 changing that will be a challenge when you consider content consumption habits are ingrained.]]></document>
		<document><![CDATA[I've got an example of a former colleague crashing a car somewhere...@FIAformulaE https://t.co/qO4R93sLmG]]></document>
		<document><![CDATA[@esportsobserved didn't the International smash 1m concurrent?]]></document>
		<document><![CDATA[@amiller @Thooorin timing for EU was great. We miss a lot of big majors due to NA localisation. Certainly helped numbers.]]></document>
		<document><![CDATA[For instance, you pop my handle in and find out how many of my followers also follow you.]]></document>
		<document><![CDATA[Social buddies; anyone know of an app/API that allows you to check what %/amount of someone's followers also follow you?]]></document>
		<document><![CDATA[Insane numbers for the #ELEAGUEMajor https://t.co/rESx80cYX4]]></document>
		<document><![CDATA[Let's go Will! Bring home the trophy! https://t.co/8vYSwAx3AU]]></document>
		<document><![CDATA[@ShayedOW @TakAttackCanada it's their Team Manager/Social Person. In an industry that lacks any kind of regulated dress code anything goes..]]></document>
		<document><![CDATA[@ShayedOW watched all 4 seasons. Felt it confused rather than enlightened on Norman's backstory and struggle to maintain any pace.]]></document>
		<document><![CDATA[@sokane1 @jaketapper so the administration is actually the biggest fake news outlet of them all??]]></document>
		<document><![CDATA[Snapchat the ultimate second screen experience for many watching the game on TV, but will it ever be more than that? https://t.co/Nr6yErCKVY]]></document>
		<document><![CDATA[Honoured to have worked with Michael. He was a brilliant mentor throughout my time @BritishTennis &amp; will be missed. https://t.co/AAJGGUdkUf]]></document>
		<document><![CDATA[Anyone looking to buy an #HTCVive? Mine's been used twice...£550 + P&amp;P before it goes on fleabay!]]></document>
		<document><![CDATA[@PezRadar @SleepytimePM yeah they need to get on that....]]></document>
		<document><![CDATA[This. Would love to see some tweaks to the spectating client to simplify the viewing experience. https://t.co/u0vxwSkB9a]]></document>
		<document><![CDATA[Noted. Digging into this tomorrow am. May stream. https://t.co/Cupgqybpld]]></document>
		<document><![CDATA[So many 'CEOs' of esports teams on LinkedIn use a bathroom mirror selfie. If this is you, please don't call yourself a professional.]]></document>
		<document><![CDATA[@WhatsUpPizzas I wouldn't buy Windows rubbish for my worst enemy ;)]]></document>
		<document><![CDATA[Late Xmas present to myself... https://t.co/F4vxEkNhIC]]></document>
		<document><![CDATA[@numlocked @samiface you know the offers there ;)]]></document>
		<document><![CDATA[The fact that one of my son's first words is 'cake' makes me equally worried and proud.]]></document>
		<document><![CDATA[So we settled on Franco. Points if ppl can guess why. Bonus points for amusing reasoning. https://t.co/FmP4MHa2ym]]></document>
		<document><![CDATA[So proud to be a member of the #NRGFAM. What a 12mths it's been. Bring on the rest of 2017: big things are happenin… https://t.co/5dDL2y7rkZ]]></document>
		<document><![CDATA[@numlocked I'll sell you mine for a heavily discounted price. Played twice. Doesn't play nice with my Mac.]]></document>
		<document><![CDATA[Well this'll be interesting given broadcast exclusivity right on other networks...and for the BTS stuff? Everyone's… https://t.co/lRQHS4RuBx]]></document>
		<document><![CDATA[This x1000. Industry desperately needs wider business experience and sports is a strong model to learn from. https://t.co/Oj9YKqzvAL]]></document>
		<document><![CDATA[@247LS @JoBinding @eMarketer why isn't Twitch featured? Doing huge numbers]]></document>
		<document><![CDATA[@BenjiJanssens mine is not an opinion, but rather based on evidence; I've seen too many young naive staff fall into this trap.]]></document>
		<document><![CDATA[@BenjiJanssens @Canoodlez suggest reading up. Don't want the next gen of SoMe staff to think this is acceptable; I wouldn't hire as a result]]></document>
		<document><![CDATA[@BenjiJanssens @Canoodlez it's basic media training. We gave it to all our players/drivers in my previous roles. There is a way to act.]]></document>
		<document><![CDATA[@BenjiJanssens @Canoodlez i can point out numerous examples of employees being fired because of inappropriate comments made on their SM.]]></document>
		<document><![CDATA[@BenjiJanssens @Canoodlez ..specifically if they have indicated they work for a brand. You are associated with that brand. It reflects.]]></document>
		<document><![CDATA[@BenjiJanssens @Canoodlez every major brand I've worked for has had very clear guidelines on how employees need to react across social..]]></document>
		<document><![CDATA[@BenjiJanssens @Canoodlez so much wrong with that statement. If you work in SoMe and state you work for a team, there absolutely is.]]></document>
		<document><![CDATA[@BenjiJanssens @Canoodlez can only assume it's not a deeply offensive term in Denmark. Everywhere else that's sackable language.]]></document>
		<document><![CDATA[@BenjiJanssens @Canoodlez find me an example of a professional running a bit social channel that uses language like that.]]></document>
		<document><![CDATA[@BenjiJanssens @Canoodlez of professional sports teams, or esports teams for that matter. Have to remember your an advocate for the brand.]]></document>
		<document><![CDATA[@BenjiJanssens @Canoodlez ...potential employees social background when hiring. This kind of language wouldn't be tolerated by the majority]]></document>
		<document><![CDATA[@BenjiJanssens @Canoodlez of course she can say what she wants, but anyone in charge of SoMe should be smarter than this. I look at my..]]></document>
		<document><![CDATA[Luggage delayed due to a technical fault. So you lost the key for the hold @British_Airways? Why did it take 25 mins to tell us that!]]></document>
		<document><![CDATA[Guy at baggage claim talking about Craig David being on the flight. Doing the 'Craaaaaig David'. Currently unaware he's stood next to us.]]></document>
		<document><![CDATA[@Canoodlez @BenjiJanssens ..this fashion. Ironic given your pinned tweet. Doesn't help our industry.]]></document>
		<document><![CDATA[@Canoodlez @BenjiJanssens might want to state that. I'm not sure FC Copenhagen would appreciate any of their staff or players to act in...]]></document>
		<document><![CDATA[@Canoodlez this doesn't seem like an appropriate way for someone representing a brand to talk...]]></document>
		<document><![CDATA[See you later LA. It's been real as always. Until next time. https://t.co/kxD61RL8Hy]]></document>
		<document><![CDATA[The legend that is @RealSirTomJones has blessed us with his presence. Fanboying ever so slightly...]]></document>
		<document><![CDATA[Strange forecast back home...anyone seen this before? #ios https://t.co/gKZJ39oiz3]]></document>
		<document><![CDATA[@MTBorker @PlayOverwatch a Magic Mouse or touchpad...]]></document>
		<document><![CDATA[Turns out I'm ok at @PlayOverwatch when I have an actual mouse and keyboard. https://t.co/nFuCwaZMlp]]></document>
		<document><![CDATA[@booker213 @delwoodM8 @NRGgg @NRG_LBYS nope. He's nothing to do with us - he's been reported.]]></document>
		<document><![CDATA[Are there any good parody accounts of @PressSec yet? Oh, NVM.]]></document>
		<document><![CDATA[Spicer is genuinely out of his depth. I've had rookie team members handle press conferences and media events 100x more professionally.]]></document>
		<document><![CDATA[Watch this, and try not to laugh. I dare you. The stutter from pure anger/confusion is brilliant. https://t.co/gm5yHebzD1]]></document>
		<document><![CDATA[@Fawkes_Lament @RequineGG @NRGgg we're on it!]]></document>
		<document><![CDATA[@JABLOL @NRG_LBYS you realise we're not trolling? He's legit nothing to do with the org, but fooled a few it appears ;)]]></document>
		<document><![CDATA[Stopped by a family favourite in Santa Monica. Cupcakes are out of this world. https://t.co/tpreGk3xdh]]></document>
		<document><![CDATA[LETS GO PETE! Looking forward to cheering you on in person; make it happen! #NRGFAM https://t.co/FQzWJCMXeb]]></document>
		<document><![CDATA[@NRG_Brettbox I approve. Those would look great in my office.]]></document>
		<document><![CDATA[Santa Monica now on the list of 'yup we'd move there' locations... https://t.co/jfdHh11GN4]]></document>
		<document><![CDATA[@numlocked @Mendokusaii @dummyolson @NRG_Brettbox I'm #TeamTim now. He's my boy. https://t.co/2DBsvFeSSs]]></document>
		<document><![CDATA[@numlocked it's not going to eat that throw I suppose. Although it might be sick on it. Also, kudos for the Husky. Real dog.]]></document>
		<document><![CDATA[@dummyolson @NRG_Brettbox @numlocked I'm not part of this inside joke.]]></document>
		<document><![CDATA[@numlocked the most shocking part of this isn't the outfit. It's the couch.]]></document>
		<document><![CDATA[@numlocked I'm only talking in cockney rhyming slang. This should be fun.]]></document>
		<document><![CDATA[NO! I already pay enough for #Marmite in the US without you bumping it up Donald! https://t.co/ARrDuzSgak]]></document>
		<document><![CDATA[@MurrayBarnett @EmmaVetriano to them last year]]></document>
		<document><![CDATA[@MurrayBarnett @EmmaVetriano everyone of my contacts in UK and US has gone. Snapchat aren't hiring them either! They lost loads of ad execs]]></document>
		<document><![CDATA[@ActonPies looking forward to it man; will be watching with interest. See you in London!]]></document>
		<document><![CDATA[Also, genius from @Netflix. If you're going to news jack an inauguration, which is risky at the best of times, this is the way to do it.]]></document>
		<document><![CDATA[Oh Donald...wonder if he paid for the image too; convienient crop... https://t.co/dC0n2cYGMp]]></document>
		<document><![CDATA[Twitter is killing it with informative updates. Snapchat slaying it on the live coverage though. #Inauguration]]></document>
		<document><![CDATA[@NRG_Zwei @Sushirrito @numlocked it was DELICIOUS. And about $12. Worth every cent.]]></document>
		<document><![CDATA[Experienced @Sushirrito today. The UK doesn't know what it's missing. 'Fish in a wrap' @numlocked]]></document>
		<document><![CDATA[Always a pleasure spending time with the #NRGFAM. Exciting times await! @WhatsUpPizzas @NRG_Brettbox @amiller]]></document>
		<document><![CDATA[@Matt_Andrews your pc has a DVD drive?]]></document>
		<document><![CDATA[3 @Uber drivers have cancelled on me; each going 5 mins on their journey before cancelling. Riders get fined; assume drives too?]]></document>
		<document><![CDATA[Going to bed at 8pm wasn't a great idea. Wide awake at 2am with a wake up call in 3hrs...]]></document>
		<document><![CDATA[@MGilbert @Apple nope that's fake]]></document>
		<document><![CDATA[@WhatsUpPizzas @SacramentoKings @Pacers @Lizbeth_Vincent enjoy! Catch you tomorrow for the debrief!]]></document>
		<document><![CDATA[Yo @dummyolson, you leave this behind? https://t.co/KMuSDiv9pn]]></document>
		<document><![CDATA[Great opportunity to work with some of the best in the biz! https://t.co/wkTfxwhvTr]]></document>
		<document><![CDATA[@chrisfino when they work it's a beautiful thing. Especially transitioning from my phone to iPad to iMac and back to watch]]></document>
	</documents>
</author>