<author lang="en">
	<documents>
		<document><![CDATA[@kednar what... you mean thats not the next Ariane series rocket?]]></document>
		<document><![CDATA[@ABCmediawatch hmm. Audio mix could be better for mobile. A bit low and dynamic]]></document>
		<document><![CDATA[@kednar its not important but I wondered if the craters were based on reference?]]></document>
		<document><![CDATA[@kednar Thats amazing! Congratulations, and its a super cool design as well ;-)]]></document>
		<document><![CDATA[@AndyGainey reminds me of bubble tension. Pretty cool result]]></document>
		<document><![CDATA[And me too...  :( https://t.co/rAb6ef2Zoc]]></document>
		<document><![CDATA[@wingrove did you wear out your outrage?]]></document>
		<document><![CDATA[@artistcdmj I've got a trackpad and macbook keyboard thats missing half the shortcuts. Its like blender hell]]></document>
		<document><![CDATA[@quollism its the https://t.co/54dNUHAnOg.002]]></document>
		<document><![CDATA[I wonder if you can defeat it like a Dalek? Run up stairs? #robopocalypse https://t.co/Y5q4vWRJOj]]></document>
		<document><![CDATA[@manuelalbertcom yeah I'm pretty sure this tutorial exists everywhere as well. But this is my reminder :D]]></document>
		<document><![CDATA[Made at work for TV, now you can make it too! https://t.co/dfotmR2jGb]]></document>
		<document><![CDATA[If there are this many jellies near the coast then I guess there are "sea lice" (baby jellies) as well :(… https://t.co/Ggvi0xNjPa]]></document>
		<document><![CDATA[@mauro_pfister haha... I feel bad about pointing it out but everyone who lives here will be annoyed by it. Nice result BTW]]></document>
		<document><![CDATA[@P_McCutch are we allowed to have signs in parliament in Aus? https://t.co/QTXB5KU2nN]]></document>
		<document><![CDATA[@Bram_van_Vliet Don't you need a ball for that lamp ;-)]]></document>
		<document><![CDATA[@mauro_pfister also we drive on the left so the steering wheel is wrong...]]></document>
		<document><![CDATA[@mauro_pfister I remember those from living in the NT. Heres what the plates look like https://t.co/JuCKK1YCQV]]></document>
		<document><![CDATA[Aww, so pretty... pretty deadly. https://t.co/afkNVwd80A]]></document>
		<document><![CDATA[@jimo_67 @marsrader good point. But I guess its micro G because they have to boost up all the time?]]></document>
		<document><![CDATA[Quick I need an animated wifi logo.. no problem let Blender get that for you #b3d at work! https://t.co/gOP7nYTXFQ]]></document>
		<document><![CDATA[Its not just Mark Latham then https://t.co/gYzIZIjxLk https://t.co/19WtMN2syg]]></document>
		<document><![CDATA[UX and UI is hard. Hope there are of lots of new designers ;-) https://t.co/jN9GMiRUpG]]></document>
		<document><![CDATA[@artistcdmj no no no i dont want to hear it no no....]]></document>
		<document><![CDATA[@blahblahellis i must save this tweet for later]]></document>
		<document><![CDATA[@TerriReports @RACQ_LifeFlight @zonca @abcbrisbane my daughters were holding their breaths listening this morning. Can't wait to show them]]></document>
		<document><![CDATA[@whereisdaz generally give audience Qs that you go on to answer later. Intrigue is key, 7min average on 730report is long when subject dull]]></document>
		<document><![CDATA[@whereisdaz audience is broad but stays same. Story subject drives structure. But tv is picture lead so you have to grab eyes at start.]]></document>
		<document><![CDATA[@whereisdaz thank you]]></document>
		<document><![CDATA[@whereisdaz is the order dependent on the form, speech or written etc? Or is it based on the story structure?]]></document>
		<document><![CDATA[What was #ausgov saying about affordable energy again? https://t.co/f38Q7wIUSI]]></document>
		<document><![CDATA[@the_mantissa this is a nice one. I love shallow dof but it takes sooooo long to clean up on cycles]]></document>
		<document><![CDATA[@jimmygunawanapp what the heck!? Wow]]></document>
		<document><![CDATA[Was making a tutorial only to find that i couldn't rellicate the effect from yesterday. Not sure if it was a lucky #b3d  bug now.]]></document>
		<document><![CDATA[@nikos_prinio @UniversiteCergy will it be finished in a students lifetime?]]></document>
		<document><![CDATA[@nikos_prinio @agraphafx if Disneylabs open source license it like their other libs, then maybe...]]></document>
		<document><![CDATA[Just, wow. Thanks for sharing @Ashthorp https://t.co/E5XrTGMDLq]]></document>
		<document><![CDATA[@Rubicon_Paul doh. Of course.  Does it get dev love tho?]]></document>
		<document><![CDATA[@Rubicon_Paul i wonder how to suggest it as a feature? On the mailing list i suppose as i dont irc]]></document>
		<document><![CDATA[@Rubicon_Paul ayes thank you. I'm using vert emission so i matched vert count - particle count. Would be nice to clamp emission value tho]]></document>
		<document><![CDATA[@faaaaarck yeah ok that fixed it, thanks :D  Seems like it would be nice to have a clamp for that value if you want it limited tho #b3d]]></document>
		<document><![CDATA[@faaaaarck is there a way to limit emission frames/verts to particle count tho?]]></document>
		<document><![CDATA[Ouch, he tore what off? https://t.co/KGVq9QaQ4t]]></document>
		<document><![CDATA[@HappySinger trickle trickle, hear the economics go...]]></document>
		<document><![CDATA[@MasonBlender @andrewpprice its very presidential]]></document>
		<document><![CDATA[@JtheNinja nope, instead I'm using pick random from group...]]></document>
		<document><![CDATA[@worsteditorever baths are billable aren't they?]]></document>
		<document><![CDATA[Any #b3d tweeps know why my particle instances double up on emission? Rendering from a group I get both items inste… https://t.co/IKwBlHs1pM]]></document>
		<document><![CDATA[@jimmygunawanapp Nice! What is that surface made of?]]></document>
		<document><![CDATA[Wow, just reading that 4K video is valid after all. Its micro movement that counts, see Vernier Acuity https://t.co/6eVqSvVwIg]]></document>
		<document><![CDATA[@CDisillusion hahaha, Optical Flow fixes everything! #toungeincheek]]></document>
		<document><![CDATA[@Daniel_Loxton spending time with the future, otherwise known as my kids is hard. How did they explain WW2 to kids?]]></document>
		<document><![CDATA[Omg. Well it was nice knowing you America. https://t.co/I7SKRkoZHL]]></document>
		<document><![CDATA[Does this mean we get a new Indiana Jones series? https://t.co/zoGdtl2XSo]]></document>
		<document><![CDATA[@Daniel_Loxton yes parenting and reality of loss. And loss of my youth,  realizing that I'm supposed to pass the torch. Damn im crying now]]></document>
		<document><![CDATA[@Daniel_Loxton and the older i get the more i understand that. Sadly some people never seem to grow up]]></document>
		<document><![CDATA[@scott_squires yes its legitimately terrifying as both believe in talking bigger than the opponent]]></document>
		<document><![CDATA[@quollism see, thats what I'm afraid of... https://t.co/3VhMQJ3q4W]]></document>
		<document><![CDATA[@JeisonAmihud @gleb_alexandrov sure but i couldn't throw chalk at the noisy kids]]></document>
		<document><![CDATA[@gleb_alexandrov you know what some asked after class... where can we get it!? They love the idea of free as its empowering to kids]]></document>
		<document><![CDATA[@gleb_alexandrov kids are always fascinated by #b3d and love realtime examples. They most loved seeing a ball animation over their school]]></document>
		<document><![CDATA[@jamesneale yup. Every time i see a tyre ad.... i think of you ;-)]]></document>
		<document><![CDATA[@the_mantissa nice, I guess emission materials makes render time a bit quicker? Is it animatable then, within reason?]]></document>
		<document><![CDATA[@gleb_alexandrov Speaking to my daughter's class to inspire new Blender Heads! It felt pretty epic #b3d #101 FTW https://t.co/SFUDVkMF4A]]></document>
		<document><![CDATA[@jamesneale I still remember your visit to Blender Day Brisbane 2014! Thanks for the cool presentation #b3d https://t.co/a8nL3mT8Rr]]></document>
		<document><![CDATA[@SaphireSouldier @sidx1024 except that I spend to much time evaluating how many samples I can get away with for each category!]]></document>
		<document><![CDATA[Is there a simple redirected link page to remember instead of 2 seperate ones? Time is of the essence in store ;-)… https://t.co/gPhx6Z0nM1]]></document>
		<document><![CDATA[@KarleeKanz @gatorloop sorry? I think that you mean your "hole" life...]]></document>
		<document><![CDATA[https://t.co/7vNdgLIweu via @youtube wow it's like being there!]]></document>
		<document><![CDATA[Hey @DoctorAtlantis  it looks like Q was possible after all! https://t.co/QOwCSBw2X4 https://t.co/EfkeoYvPqh]]></document>
		<document><![CDATA[@loochmunz and its fun to guess the author from the vernacular of the writing]]></document>
		<document><![CDATA[OMG how ethereal and otherworldly is this Infra RED photography. Drool https://t.co/2QzLQ227W1]]></document>
		<document><![CDATA[@AndrewMayne seen direct video of exo planets yet? Amazing and Weird ;-) https://t.co/s2l9scROlJ]]></document>
		<document><![CDATA[This is an OMG science thread! Otherworldly in fact https://t.co/faqiwUqU6l]]></document>
		<document><![CDATA[@reynantem @troy_s "but make sure you do it all scene reffered"]]></document>
		<document><![CDATA[@the_mantissa ok so how.many samples for this bounce intensive render?]]></document>
		<document><![CDATA[@walterbiscardi @SpeakerRyan yeah but you guys aren't paying for it anyway ;-)]]></document>
		<document><![CDATA[International diplomacy is such a subtle art... don't you think @dlewis89 ? https://t.co/t1lqe8SosB]]></document>
		<document><![CDATA[@somebadideas modern society has been all about removing our selves from existential crisis. Guess the 1% succeeded only to thow us all in.]]></document>
		<document><![CDATA[@JimMorren Thats insane! Is it real time here or a render?]]></document>
		<document><![CDATA[@Youdaman @EricHolthaus true. I've got to be more aware of sources. It's such an easy trap]]></document>
		<document><![CDATA[@Youdaman @EricHolthaus i wasn't able to include links sorry. Ran out of characters]]></document>
		<document><![CDATA[@Youdaman @EricHolthaus ironic indeed. along w frozen grants, EPA staff got this memo (sent anonymously by an EPA s… https://t.co/gkIu57YeKw]]></document>
		<document><![CDATA[Hey @AidyBurrows3D another lighting study https://t.co/oQ4zNydJgO]]></document>
		<document><![CDATA[Just realized that Star Wars has IP crossover with Smurfiverse. Drinking the pureed bodies of Smurfs… https://t.co/kWMzkernZ8]]></document>
		<document><![CDATA[@JimMorren clever textures]]></document>
		<document><![CDATA[@AndrewMayne same title.makes for a recent might nake differentiation difficult for general public?]]></document>
		<document><![CDATA[@AndrewMayne hmm, great minds think alike. Sorry mate. Hope your gets cut through https://t.co/3yI6FA08Hu]]></document>
		<document><![CDATA[@PatrickWilliams but its so classy in this modern age. He could be a political heavy weight]]></document>
		<document><![CDATA[@HanSoliton @CDisillusion the #B3D compositor will also fo this with infill node]]></document>
		<document><![CDATA[@tvaziri where did the trees go?]]></document>
		<document><![CDATA[@ryanrants74 @andrewpprice No displace on the bricks to the left looks odd, why not hide with shallow DOF?]]></document>
		<document><![CDATA[At last, slow motion tooth paste comes to Blender! ;-) #b3d https://t.co/9qJJOJr066]]></document>
		<document><![CDATA[Hey @quollism this sounds a bit like cartoon motion blur? #b3d https://t.co/a30qb29H3a]]></document>
		<document><![CDATA[@antonioya_blend @YouTube so cool and we get to choose colours in the viewport! #b3d]]></document>
		<document><![CDATA[@gleb_alexandrov technically only good for shots of moons]]></document>
		<document><![CDATA[Spectacle over a dusty outback https://t.co/VxzgTMz1vB]]></document>
		<document><![CDATA[@i_karasavvidis @PabloVazquez_ exactly like that. But all i get is panning not channel allocation. I think its broken #b3d]]></document>
		<document><![CDATA[And I thought placebo only worked on animals that could reason? Not babies or pets. But surprisingly on the parents… https://t.co/l9sSlIDRsu]]></document>
		<document><![CDATA[Hey @AidyBurrows3D and @gleb_alexandrov this is amazing lighting! https://t.co/WyQdWNbJg8]]></document>
	</documents>
</author>