<author lang="en">
	<documents>
		<document><![CDATA[@ASAappraisers Know anyone that wants to move to Canada? ;) Universal Appraisal is #hiring an #Appraiser. https://t.co/3isIpqNIZY]]></document>
		<document><![CDATA[@AppraisersAssoc Universal Appraisal is looking to hire an Appraiser... https://t.co/3isIpqNIZY Anyone there looking to move to Canada? ;)]]></document>
		<document><![CDATA[Are you an Appraiser? Looking for a change? Universal Appraisal is hiring! https://t.co/3isIpqNIZY]]></document>
		<document><![CDATA[For those of you that were waiting for the matching thank you card design to come out for our Bowling Party... https://t.co/mHsOltvqYx]]></document>
		<document><![CDATA[With all the snow and ice here lately this little polar bear came to visit for all those frosty birthday parties!... https://t.co/EwjWrAnyGd]]></document>
		<document><![CDATA[Wishing you a very Happy New Year!!! Party time is fast approaching! How are you ringing in the New Year? This... https://t.co/KGvXuCUr3F]]></document>
		<document><![CDATA[I love modern design, and am so excited to attach these simple gift tags to my gifts this Christmas. NEW, and now... https://t.co/THwtL8EFVu]]></document>
		<document><![CDATA[Loved and were loved. Lest we forget. https://t.co/BAoGDJkuSo]]></document>
		<document><![CDATA[More birthday party invitations are up in the shop! Kitty cats, penguins, pandas and more...... https://t.co/NbIjN3GpA3]]></document>
		<document><![CDATA[@topherjprice @Etsy Thanks Chris! Just saw this!]]></document>
		<document><![CDATA[Gradually getting the new designs up in the shop. This modern typographic cityscape using the alphabet is the... https://t.co/Ln6DpyrbeF]]></document>
		<document><![CDATA[NEW LISTING! This little guy is joining his friends in the shop! https://t.co/hn74yfXV0U]]></document>
		<document><![CDATA[It may be wrong to play favourites, but this polar bear invitation is fast becoming a fave around here! https://t.co/jssxrLBCyP]]></document>
		<document><![CDATA[Our illustrated panda print is back in stock! Inspired by my panda-loving little guy, and available in a birthday... https://t.co/CVLTSa4Woc]]></document>
		<document><![CDATA[Bring on the weekend! Happy Friday!!! #iwasborn4this https://t.co/ggi7UaazA9]]></document>
		<document><![CDATA[Super excited to share some of the new items that will be in the shop very soon! https://t.co/Db7oVUXLtF]]></document>
		<document><![CDATA[@climbbase5 You guys open today?]]></document>
		<document><![CDATA[@poutinerie Do you have GF gravy option?]]></document>
		<document><![CDATA[Thank You to all the teachers out there! Here's a printable card for the special teacher's in your child's life. https://t.co/D7ll01Jk51]]></document>
		<document><![CDATA[Printable Mother's Day Cards! Here's another design. This time minimal and modern, with a crafty edge. Can you... https://t.co/6huGdZPlp7]]></document>
		<document><![CDATA[Need a card for mom? Download a printable Mother's Day card! New Listing at Flutter Flutter Studio! https://t.co/566ylce2Ix]]></document>
		<document><![CDATA[Need a card for mom? Two new printable Mother's Day cards are up in the shop.... https://t.co/EzhbIDprkm]]></document>
		<document><![CDATA[Happy Valentine's Day! Choose love! https://t.co/CsaZYIKBUk]]></document>
		<document><![CDATA[Happy Chinese New Year, and Family Day here locally! https://t.co/c5KqmUbSRH]]></document>
		<document><![CDATA[A little panda party love on the blog! https://t.co/khBWXCP4u3]]></document>
		<document><![CDATA[“David Bowie’s ‘Lazarus’ Video Isn’t Just A Goodbye, It’s A Harrowing Warning” by @killyourfm https://t.co/NgnOqk05AA]]></document>
		<document><![CDATA[Modern Panda in the house! NEW LISTING @HelloGreatly https://t.co/LupgNB1z4j https://t.co/TDLzH45DFD]]></document>
		<document><![CDATA[@SheratonSeattle I've heard good things. Thinking of November 21-23.]]></document>
		<document><![CDATA[@refresheddes Thanks Kelly! I have a whole lot that will be making there way into the shop over the next week. :)]]></document>
		<document><![CDATA[Super Spy Birthday Party invitation and party extras are now up in the shop! http://t.co/YxdPFRvOgi]]></document>
		<document><![CDATA[SHINE // New listing in my @HelloGreatly boutique! https://t.co/wraARAMORv #greatly #design http://t.co/effdmCvERA]]></document>
		<document><![CDATA[New print in the shop! And if it doesn't make you feel STRONG... well, there's always the mask. 😉… https://t.co/na6j198vcI]]></document>
		<document><![CDATA[I love it when the weather forecast calls for a rainy day and then it's full of sunshine! I got to… https://t.co/eOWLfmmLhL]]></document>
		<document><![CDATA[@HelloGreatly Thank you! Happy Friday from Tofino!!!]]></document>
		<document><![CDATA[It's like a fireworks display inside the studio today! (aka, my living room) ;) https://t.co/QZjsz6Bb6w]]></document>
		<document><![CDATA[I'm going to take a cue from this pillow at the @chaptersindigo Holiday Preview and make some soup… https://t.co/guiv32Xh2q]]></document>
		<document><![CDATA[Happy Canada Day! Here's an idea for creating patriotic fruit! http://t.co/gAfTSAwnml http://t.co/07nTgsXZNx]]></document>
		<document><![CDATA[@fyfeworks Right?!! LOL]]></document>
		<document><![CDATA[I believe that if I succeed in sheltering them from adversity, I will have failed as a parent. - Andrew Solomon http://t.co/7JnxEYLDOC]]></document>
		<document><![CDATA[Just assembled the donations from @IKEACanada for a teachers lounge makeover happening Monday morning! #TeacherAppreciationWeek #portmoody]]></document>
		<document><![CDATA[@reviewedhome Thanks for sharing!]]></document>
		<document><![CDATA[Let's get 'er done this week! Bring it on, Monday morning, we're ready for ya! https://t.co/Ho9F8p0k0p]]></document>
		<document><![CDATA[This juju hat is on its way from YVR to LAX and I'd love to tag along!!! https://t.co/AJPmnYLjBS]]></document>
		<document><![CDATA[@ollie_and_me On holidays, walked past your store this morning before you were open... I suddenly want more babies!!! ;) Great store!]]></document>
		<document><![CDATA["Don't let one cloud obliterate the whole sky." ~ Anais Nin https://t.co/e3SkraoXKA]]></document>
		<document><![CDATA[@EvergreenArts Great show!!! Talented ladies!]]></document>
		<document><![CDATA[Well @TraceyAyton we wanted to do this &amp; now there's instructions! Thnx @HouseandHome 😘 #noexcusesnow #exceptyourreno http://t.co/HDl675dND1]]></document>
		<document><![CDATA[Juju hats in #bright Spring colours are popping up in the shop... and all over my walls! (Link in… http://t.co/p2cswpaTW0]]></document>
		<document><![CDATA[This little guy had a birthday recently, and he's loving his new desk! And I'm pretty sure this map… http://t.co/eFDqv4a5jU]]></document>
		<document><![CDATA[New print in my @Etsy shop today!  Nautical themed &amp; typographic. Is it Spring yet?! (Link in profile) http://t.co/mSw2QwoSNQ]]></document>
		<document><![CDATA[New Listing! Sail Away With Me by flutterflutterstudio http://t.co/VqW7B57VGp via @Etsy]]></document>
		<document><![CDATA[@Emily_Jeffords Great Idea Emily!]]></document>
		<document><![CDATA[@nylafree Me too! Have you seen the coffee table book Northern Delights? Swoon.]]></document>
		<document><![CDATA[Awesome! Have a blast Shannon! @shannonspeak @TEDxBCIT]]></document>
		<document><![CDATA["Faith is taking the first step even when you don't see the whole staircase." - Martin Luther King Jr. http://t.co/eH2dLwX3vl]]></document>
		<document><![CDATA[I'm glad you like our bathroom update! Thanks @CILPaints]]></document>
		<document><![CDATA[@HyattConcierge Is there a shuttle from Huntington to Disneyland? Also, what happened to your Disneyland package?!!]]></document>
		<document><![CDATA[@Xenotees Just followed you on @Pinterest and bumped you up to an even 1K! You're welcome. ;)]]></document>
		<document><![CDATA[@Xenotees @HelloGreatly @houzz You're so welcome! I love your goods!]]></document>
		<document><![CDATA[Showcasing some amazing @HelloGreatly makers in my Guest Picks @houzz today! @Scoutlifestyle @Lovejoycreate @Xenotees http://t.co/GcI5BRWE4e]]></document>
		<document><![CDATA[I spy the cutest little hedgehog duvet on @houzz today! Available at @Arrow_HouseDS http://t.co/GcI5BRWE4e]]></document>
		<document><![CDATA[Thanks @thedesconf for stocking my gift tags in your @HelloGreatly shop! http://t.co/ZFJ42XaCQT]]></document>
		<document><![CDATA[.@CanyonGFree Where have you been all my GF life?!!! Your bread is amazing! Thanks for carrying it @PommePoco]]></document>
		<document><![CDATA[So honoured to be a part of the community that has come together to support the One More Day campaign!… http://t.co/Lh1kB6f6PP]]></document>
		<document><![CDATA[@suzannedimma @thisfairland Fabulous work! The film is absolutely beautiful. And I was already in love with the cottage...]]></document>
		<document><![CDATA[@WestJet Will you be adding earlier flights for tomorrow out of Calgary?]]></document>
		<document><![CDATA[@temperpastry I'm at a party with these little balls of goodness that everyone is swooning over... Gluten free?! http://t.co/jHSwFyRKzf]]></document>
		<document><![CDATA[Working with great clients is always fun! Big changes for warline #process #design #branding… http://t.co/cuOlJukYIX]]></document>
		<document><![CDATA[Thanks so much! @uppercasemag Great job curating!]]></document>
		<document><![CDATA[@PearlAmourJewel Thank you! :) You too!]]></document>
		<document><![CDATA[@uppercasemag I'm an #uppercasereader :) https://t.co/zOK9QaTW3t :)]]></document>
		<document><![CDATA[Celebrating our 100th sale in our @Etsy shop today! Thanks for all of the support!!! @EtsyCA https://t.co/zOK9QaTW3t #maker #design]]></document>
		<document><![CDATA[Excited to see my holiday gift tags stocked in Holly Becker's @HelloGreatly shop! @decor8 http://t.co/LFGXHS01T2 Thanks Holly!]]></document>
		<document><![CDATA[This holiday, I pledge to #GiveBooks! To be counted, RT or take the @ChronicleBooks @FirstBook pledge at http://t.co/cXG0lzASfG]]></document>
		<document><![CDATA[So excited to pick up my tee to support the lovely @arrow_houseds and @themodernfort in their… http://t.co/hqxDDWHacK]]></document>
		<document><![CDATA[How clever is this Lego necklace! Designed by Talia Sari, and available on @HelloGreatly http://t.co/cnRpkugiSV]]></document>
		<document><![CDATA[Loving @Ian_Barnard 's Woodblock Kit! Adding texture to logo I designed for @Calvary__BC ! https://t.co/rk5glnJ7Oa http://t.co/Ja5Gaq1OGR]]></document>
		<document><![CDATA[Thanks for carrying my work in your @hellogreatly boutique! @xantheberkeley Great way to end the night! xo]]></document>
		<document><![CDATA[@allison_sadler_ Thanks for stocking my work in your @HelloGreatly boutique Allison! Great end to the night! :)]]></document>
		<document><![CDATA[Thanks so much for stocking my prints Emily! @emilyquinton End Halloween with a sale is pretty fun! xo]]></document>
		<document><![CDATA[Thanks for the follow @mommikin Happy to discover your site!]]></document>
		<document><![CDATA[@GoodChickToKnow you did a great job for @thegoodshome @raincityhsg tonight! #thegoodsforraincity http://t.co/NloZ9HdU5C]]></document>
		<document><![CDATA[Modern Illustrated Holiday Gifts tags are now up on @HelloGreatly http://t.co/fKV8laIYXS]]></document>
		<document><![CDATA[An inspiring video from Debbie Millman to start your morning! http://t.co/I4YjPRfbXP]]></document>
		<document><![CDATA[My latest Product Picks for Houzz are up! Featuring beautiful items from West Elm, Indigo, Chapters and Coles,... http://t.co/e4DNSLG4UH]]></document>
		<document><![CDATA[I have some exciting news to share!!! http://t.co/yN1ib2TQqV]]></document>
		<document><![CDATA[Did you know that you can put fiddle leaf figs outside in the Spring/Summer?! Who knew, right? Mine… http://t.co/hvPOJI73Aj]]></document>
		<document><![CDATA[Love the yarn colour of this custom juju hat that I'm working on right now. #makingwallspretty #etsy… http://t.co/2UAAZUMF6q]]></document>
		<document><![CDATA[Great to connect with you last night JoAnne! :) @Jo_STylin]]></document>
		<document><![CDATA[Kicked off the weekend with these lovelies last night, after the #vancouverdesignweek event by… http://t.co/0wpHQ76wyE]]></document>
		<document><![CDATA[@tiffanytdesign @Etsy Aw, thanks Tiffany!! :) Have a great weekend!]]></document>
		<document><![CDATA[@HelloBC it is an awesome design by @rsdk_ca]]></document>
		<document><![CDATA[Love this sticker on the crab dock in #tofino by @rsdk_ca Need to get one of these! #explorebc… http://t.co/jCruD382P5]]></document>
		<document><![CDATA[This is one of the many reasons I love this place. #pictapgo_app #tofino #beautifulbc http://t.co/B1kD6HcLXW]]></document>
		<document><![CDATA[@RPIceCream My seven year old is a huge fan... And he's asked me to put in a request to you for gluten free cones as an option. :)]]></document>
		<document><![CDATA[Just finished felting the tips of this orange yarn for my next juju hat! I love how it looks like… http://t.co/YvwOjAR4K2]]></document>
		<document><![CDATA[“@AcupuncturePro: @flutterflutters @mashdown @mamaneedsarun have a fabulous sunny long weekend, pretty mamas!” U2 lady! :)]]></document>
		<document><![CDATA[Thrilled to see @ajdesigngirl using my wool juju hat in one of her beautifully designed spaces! Thanks… http://t.co/KHAZtRK2ks]]></document>
		<document><![CDATA[@Lowes Any chance you want to change your rule and allow me to take home a tile sample, not a box... say, in the next five mins...?]]></document>
		<document><![CDATA[@darrylbueckert your "twin" works at @Lowes Crazy!]]></document>
	</documents>
</author>