<author lang="en">
	<documents>
		<document><![CDATA[A sweat of shirts made for the in-house chef #ontheblog now.… https://t.co/FX0AgfmMiB]]></document>
		<document><![CDATA[In the days before I joined IG. #fivesyearsinNZ… https://t.co/jZLjyfYoQv]]></document>
		<document><![CDATA[The in-house chef is finally trying out the new toy! #masportbarbq https://t.co/FNEyGnxr5V]]></document>
		<document><![CDATA[Don't care how much of the US is on my bucket list, it can wait until they sort themselves out. #lotsmoreworldtoseeansvisit]]></document>
		<document><![CDATA[Poor #smudge has had a tough day. He's fast asleep with his tongue… https://t.co/mdnfwEYNf0]]></document>
		<document><![CDATA[Not quite 2nd Feb but hey, it fits my mood! https://t.co/0J9Mse98Iu]]></document>
		<document><![CDATA[#yearoftherooster #wellingtonnightmarket #chinesenewyear @ Cuba… https://t.co/cmc3gGJRXa]]></document>
		<document><![CDATA[#chinesenewyear at #wellingtonnightmarket #yearoftherooster @ Cuba… https://t.co/LcoZ4MZ04d]]></document>
		<document><![CDATA[Celebrity Solstice on her way to the next port of call. #cruiseship… https://t.co/QB5R6Qm5gF]]></document>
		<document><![CDATA[@KiwiLibrarian hoping for a nice day tomorrow.]]></document>
		<document><![CDATA[Please do not disturb me, I am watching the Masterchef Aus final. I need to watch it for the support and depth of feeling near the end.]]></document>
		<document><![CDATA[A pink line of cloud. #redskyatnight https://t.co/pXsyjsTYeT]]></document>
		<document><![CDATA[The highlight of my day - a free spoon in my #sultanabran… https://t.co/qC8PgH6RN6]]></document>
		<document><![CDATA[I reckon I have some really good friends out there. They sent me… https://t.co/fu4V50NdQb]]></document>
		<document><![CDATA[📷 26 January 2017 15-20 degrees, sunny and breezy Cardi, dress https://t.co/UdYLg24Jnd]]></document>
		<document><![CDATA[22 January 2017
12-16 degrees, cold, wet, very windy
Cardi, tunic and RTW leggings https://t.co/bFTXInTTx8]]></document>
		<document><![CDATA[21 January 2017
13-19 degrees, fine am, windy and wet pm
Dress, cardi https://t.co/xdnmoZjcE1]]></document>
		<document><![CDATA[#whanganui #library has a real live #kitty who lives in the library.… https://t.co/bSHVDOmIs1]]></document>
		<document><![CDATA[These trees are everywhere here. Not sure what it is #notapohutukawa… https://t.co/Ct5N9yH95p]]></document>
		<document><![CDATA[I like this #ladiesrest #bathrooms #whanganui @ Wanganui, New Zealand https://t.co/wIQYD09ag7]]></document>
		<document><![CDATA[Going for a wee walk around #whanganui this evening. @ Royal… https://t.co/ulfA9qjmpg]]></document>
		<document><![CDATA[This afternoon I've caught up with the fabulous staff here at… https://t.co/CRyOXtBxZD]]></document>
		<document><![CDATA[Got caught in an evacuation drill today! #excitement #librariesofnz… https://t.co/6vp3CV3eV2]]></document>
		<document><![CDATA[Holidays are for #icedcoffee @ Taranaki St Wharf https://t.co/N0UrQ0GngZ]]></document>
		<document><![CDATA[#summer on #wellingtonnz #viewfrommysewingroom @ Wilton, New Zealand https://t.co/VBZwIwcg7p]]></document>
		<document><![CDATA[Some just have to test out the furniture... #canttakehimanywhere 😝 @… https://t.co/oetlBmCGzD]]></document>
		<document><![CDATA[20 January 2017
13-20 degrees, fine and sunny
Dress https://t.co/CHOOI84wUi]]></document>
		<document><![CDATA[📷 19 January 2017 14-20 degrees, weather bomb am, sunshine pm Cardi, top, skirt https://t.co/gzUcfymp0N]]></document>
		<document><![CDATA[I've made a thing and #blogged about it! It has pockets!… https://t.co/oxoFluH6Er]]></document>
		<document><![CDATA[Wellies or shoes today? Wellies would be more appropriate for the… https://t.co/RaoGNZ1NHl]]></document>
		<document><![CDATA[The #weatherbomb has arrived and so I'm dreaming of summer and… https://t.co/BRlYeO3J3a]]></document>
		<document><![CDATA[It's 9.30 am and 24 degrees in #Masterton #whakaoriori… https://t.co/iQgZukBjh7]]></document>
		<document><![CDATA[Please can I scream? Thanks, cover your ears AAAAAAAAAAAAHHHHHHHHHHHHHH #shipping]]></document>
		<document><![CDATA[📷 14 January 2016 12-19 degrees, overcast and breezy Blouse, skirt https://t.co/fytYKLDcm5]]></document>
		<document><![CDATA[The colours this evening are beautiful #nofilter #wellingtonnz… https://t.co/FlvkPwjhPL]]></document>
		<document><![CDATA[And so she leaves... #ovationoftheseas #cruiseship #wellingtonnz… https://t.co/qmdrhPVrN2]]></document>
		<document><![CDATA[Went for an early walk today. #ovationoftheseas was just coming into… https://t.co/SkqjQzGFP7]]></document>
		<document><![CDATA[Morning, evening contrasts #fourseasonsinoneday #summer… https://t.co/nBgj0j1xsI]]></document>
		<document><![CDATA[The #sun finally came out so I went for a quick walk. These… https://t.co/m1GBe8xOZO]]></document>
		<document><![CDATA[Just completed a 3.94 km walk with @Runkeeper. Check it out! https://t.co/gEG0bIuHzy #Runkeeper]]></document>
		<document><![CDATA[Living in the clouds today... #summer #wellingtonnz @ Wilton, New… https://t.co/Oa1Kn5n8ti]]></document>
		<document><![CDATA[Have just unpacked the care parcel we sent ourselves from the UK. I… https://t.co/f0RY8Wf9tS]]></document>
		<document><![CDATA[Oops! #brownie all gone. #dietstartsmonday #recommended @ Marine… https://t.co/xbGnXlqT2L]]></document>
		<document><![CDATA[#dominionpost cartoon of the week. https://t.co/k9lVLRzPAZ]]></document>
		<document><![CDATA[Just completed a 3.51 km walk with @Runkeeper. Check it out! https://t.co/4pYEW4Gg5e #Runkeeper]]></document>
		<document><![CDATA[According to those still on annual leave, 3.30pm on Fridays is… https://t.co/um2PQSroDF]]></document>
		<document><![CDATA[It's a windy old day out there. Hold on to those blossoms… https://t.co/a1HH3c7acL]]></document>
		<document><![CDATA[Just completed a 3.12 km walk with @Runkeeper. Check it out! https://t.co/hbwRZ4VwbT #Runkeeper]]></document>
		<document><![CDATA[@JuliadeRuiter Most of us don't like them, but tea and cake makes everything better. #stuffthenewyeardiet]]></document>
		<document><![CDATA[Back to work for me today and I'm so glad for my nespresso machine.… https://t.co/yAxfDzeKR2]]></document>
		<document><![CDATA[Back to work for me tomorrow so just a bit of silliness for the last… https://t.co/c3X2bVRdcq]]></document>
		<document><![CDATA[Home sweet home and this black ball of fluff won't leave my side! He… https://t.co/GhTG57Jq2C]]></document>
		<document><![CDATA[22 days and a total of 11 flights, travelling around the world,… https://t.co/er2M4A7oll]]></document>
		<document><![CDATA[Finally made it to NZ. One last flight to go. No thanks to Customs… https://t.co/yGWnVHHhCh]]></document>
		<document><![CDATA[Mahalo Hawaii. Home time. Next stop AKL... @ United Club https://t.co/EAfVFFHSlj]]></document>
		<document><![CDATA[#fireworks Every Friday night here in #honolulu #waikiki Great way… https://t.co/7wxxuo2e0O]]></document>
		<document><![CDATA[Getting in some more #prosecco which seems to be on tap here before… https://t.co/MBFjeZW7Ip]]></document>
		<document><![CDATA[Last day. I'm going to miss this lounger! #sun #holidays @ The… https://t.co/nM7I4cte8o]]></document>
		<document><![CDATA[Last full day. I think I need to relax by the pool today. #holidays… https://t.co/3vKjJUWRZy]]></document>
		<document><![CDATA[Finally managed to get a good cup of tea at the restaurant last… https://t.co/iPnOwS03FP]]></document>
		<document><![CDATA[#sunset this evening was making beautiful colours on the sand.… https://t.co/2FXMpRuzv3]]></document>
		<document><![CDATA[#blacksandbeach #bigislandhawaii @ Panalu'u Beach (Black Sand Beach) https://t.co/FGK5u0RNex]]></document>
		<document><![CDATA[Look Mum I'm by a #volcano #ihaveinsurance #hawaii #bigislandhawaii… https://t.co/L1OPLYnM0E]]></document>
		<document><![CDATA[Hello from #kona #bigislandhawaii @ Kona International Airport https://t.co/eaVU8tDykP]]></document>
		<document><![CDATA[Up early this morning. We're off to #bigislandhawaii #islandair @… https://t.co/flvkWpgJFR]]></document>
		<document><![CDATA[Only in #Honolulu would you get a cheese slider with a cocktail… https://t.co/3O66M17plA]]></document>
		<document><![CDATA[#fishtacos seem to be everywhere here. I had to try them. #ok… https://t.co/eMFtTWEUUD]]></document>
		<document><![CDATA[#kauaimaitai #cocktail, #easyreading #daybed #shadefromsun #holidays… https://t.co/10SNxF0Te2]]></document>
		<document><![CDATA[#sunset #nofilter @ Honolulu, Hawaii https://t.co/SG4k5WwEZu]]></document>
		<document><![CDATA[Round of applause for #sunset today. @ Waikiki Marina https://t.co/tP7uHFDBtk]]></document>
		<document><![CDATA[Any takers? #tabascochocolate @ ABC Superette https://t.co/Y3jbAb0k2O]]></document>
		<document><![CDATA[Please sit, could you box this up? #stuffedfull… https://t.co/HajomkqhJl]]></document>
		<document><![CDATA[Eeny meeny miney moe... which one shall I choose? @ Cheesecake… https://t.co/0mEzZfvYsD]]></document>
		<document><![CDATA[I'm accompanied by my #hawaiiancowboy today. https://t.co/p50yIT4RRZ]]></document>
		<document><![CDATA[A bit of sightseeing today. #honolulu #redline #nofilter @ Aloha Tower https://t.co/taBXsZWQwA]]></document>
		<document><![CDATA[23 hours after the folks at home, it's finally midnight! Happy New… https://t.co/PZYvEBpc0r]]></document>
		<document><![CDATA[Happy New Year all 🎉🎉🍾🍾 @ The Modern Honolulu https://t.co/SFOLTS72F1]]></document>
		<document><![CDATA[NYE entertainment @ The Modern Honolulu https://t.co/acJEh83bKZ]]></document>
		<document><![CDATA[Early NYE dinner before the party later. #shrimpstuffedmushrooms… https://t.co/r0VP6TD20W]]></document>
		<document><![CDATA[#hawaiiancoffee #latergram @ Honolulu Coffee https://t.co/cxOZGeo7Mj]]></document>
		<document><![CDATA[Now this is the life... #holidays #sun #blueskies #nofilter… https://t.co/WiQ1s71Uzo]]></document>
		<document><![CDATA[#history and #culture in one visit. #pearlharbour #ussarizona @ USS… https://t.co/ZISfF9tfVo]]></document>
		<document><![CDATA[Nearly #sunset #oahu #honolulu @ The Modern Honolulu https://t.co/TwjTLQFDHY]]></document>
		<document><![CDATA[Holiday tradition - tick. #manicure #pedicure #nailart @ Luxure'… https://t.co/8wvfwFcKnc]]></document>
		<document><![CDATA[Lining them up... #roughridingsweettalking #frozencoconutmojito… https://t.co/2jnsj4jSoU]]></document>
		<document><![CDATA[#brunch at #Goofys this morning. #kaluapork #eggsbenedict complete… https://t.co/l9l540dvsT]]></document>
		<document><![CDATA[The competition here seems to be how many fairy lights can you put… https://t.co/rDwxdkGtAu]]></document>
		<document><![CDATA[Spied in Ala Wai Canal today #stingray @ Ala Wai Canal https://t.co/ZDrkqNNJnV]]></document>
		<document><![CDATA[Home for the next 11 nights. Yes there is a #ukulele in the room! @… https://t.co/wq0khW6Tma]]></document>
		<document><![CDATA[Aloha from Hawaii! This is our night time time room view. #holidays… https://t.co/8o4h7IWVMw]]></document>
		<document><![CDATA[Finally after 11 hours, some interesting turbulence (even for a… https://t.co/pxCHttGO4e]]></document>
		<document><![CDATA[Sunrise over the #northsea #nofilter https://t.co/Vwq1XT7CNn]]></document>
		<document><![CDATA[Telltale signs I'm at a German airport. #cuckooclocks #musicalboxes… https://t.co/2c9ESA9zVo]]></document>
		<document><![CDATA[It's dark and chilly out there this morning. Flight 5 about to go.… https://t.co/8T7RfljiZL]]></document>
		<document><![CDATA[#whiteport and #cheese My #christmas is complete! @ Basingstoke https://t.co/2AGFQpE2lB]]></document>
		<document><![CDATA[Hours of fun for a #christmasday afternoon. #merrychristmas… https://t.co/FUsKeZbBR5]]></document>
		<document><![CDATA[Merry Christmas #merikirihimete to everyone both at home in NZ and… https://t.co/2YofA014Qc]]></document>
		<document><![CDATA[We have #clistmasclackers and plawnclackers #sillyhats and #badjokes… https://t.co/Po5SBxp5so]]></document>
		<document><![CDATA[Visited the elderly relatives today. They were pretty quiet. 😜 @ St… https://t.co/iCyfWIMS83]]></document>
		<document><![CDATA[#brunch #recommended @ Cinnabar Stevenage Club https://t.co/PRx7xBjBPu]]></document>
	</documents>
</author>