<author lang="en">
	<documents>
		<document><![CDATA[Gym and college done, accommodation nearly sorted for hideout and an interview for a new job tomorrow, Very productive day!]]></document>
		<document><![CDATA[@KhloDevlin Defo the most 40 year old mam tweet i'll read today]]></document>
		<document><![CDATA[prefer weekdays than weekends atm, nothing worse than sitting around all weekend eating &amp; feeling shite..dying to get back at the gym today]]></document>
		<document><![CDATA[The Doughnut and Burger scenes in Dublin are booming at the minute, what a time &amp; what a city]]></document>
		<document><![CDATA[@Eric_OBrien77 ..that paints a powerful picture of how obamas hands were tied and his true opinion on the middle east,Trump needs to go asap]]></document>
		<document><![CDATA[Being surrounded by constant negativity leaves its mark no matter how positive you are or what your outlook is..very challenging at times]]></document>
		<document><![CDATA[gonna buy loads of ed sheeran tickets on tuesday and sell them at extortionate prices just to be called a scumbag]]></document>
		<document><![CDATA[might get out of Dublin for a while absolutely nothing keeping me here]]></document>
		<document><![CDATA[@jadeg300797 Jade i honestly thought you had a brain]]></document>
		<document><![CDATA[youd know the African cup of nations is in full flow, it took me an hour to get a taxi last night]]></document>
		<document><![CDATA[when you let go of desire you become happy]]></document>
		<document><![CDATA[@lilcaoimhe housecoat]]></document>
		<document><![CDATA[hate seeing my sister getting older gonna be so protective]]></document>
		<document><![CDATA[Tears rolling down my face thinking about Many Clouds' death fucking hell havent cried in years]]></document>
		<document><![CDATA[@DaniellePxx @nic0leburke the plaza]]></document>
		<document><![CDATA[YEYE love spotting gains]]></document>
		<document><![CDATA[I'd rather have Down syndrome than dont know when to go home syndrome , its a fucking curse]]></document>
		<document><![CDATA[hate losing stuff youd wanna be a miserable cunt to not hand a wallet in]]></document>
		<document><![CDATA[Rest in peace many clouds absolutely gutted so sad]]></document>
		<document><![CDATA[lost my wallet in ballyer this morning with a stupid amount of money in it honestly feel like killing myself never drinking again]]></document>
		<document><![CDATA[head is bouncing think this is the end]]></document>
		<document><![CDATA[don't know what it is but nina kraviz just makes me feel uncomfortable]]></document>
		<document><![CDATA[@Eric_OBrien77 #Hideout]]></document>
		<document><![CDATA[such a cheat day today need to cop the fuck on]]></document>
		<document><![CDATA[Fair play to all the boys today getting the job done,into a semi final &amp; a quarter final!also fair play to @rcfesport getting us food after!]]></document>
		<document><![CDATA[girl in carlisle who loves cardio and wears grey just be mine]]></document>
		<document><![CDATA[that Bianca Gascoigne one is a fucking knacker]]></document>
		<document><![CDATA[@MarkSalmon13 Liverpools year next year hahaha]]></document>
		<document><![CDATA[get in there! London for the final]]></document>
		<document><![CDATA[the iphones are just getting stupid at this stage, give me a solid 5s any day]]></document>
		<document><![CDATA[dont understand people who happily sit around all day I cant sit still for 5 minutes without wanting to get on the move]]></document>
		<document><![CDATA[nothing better than seeing your mam happy]]></document>
		<document><![CDATA[walking down the canals with the boys talking about winning that 88m in the euromillions &amp; then having to walk back in your front door..sad]]></document>
		<document><![CDATA[nothing like tshirt weather in the manor my friendddddd]]></document>
		<document><![CDATA[@dodgedthat no i was just being a prick hahaha]]></document>
		<document><![CDATA[back at it today feeling freshhhhhh]]></document>
		<document><![CDATA[@caitlinbrady122 Business was my worst by far!! just stay away from life and forbidden fruit and you should be grand]]></document>
		<document><![CDATA[@caitlinbrady122 I can give you grinds if you want, guaranteed D1]]></document>
		<document><![CDATA[@caitlinbrady122 youd wanna start learning because it literally makes or breaks your whole exam]]></document>
		<document><![CDATA[Kestrel Carvery, Divisional championship games, cinema and loads of shit food to top off a quality weekend.. love sundays]]></document>
		<document><![CDATA[@aaronod96_ @LaurenDec The Ripper would wake your nanny up from death]]></document>
		<document><![CDATA[@Vicko213 Break man last night out for a good while! we're all in the same boat heading in early to avoid disappointment]]></document>
		<document><![CDATA[@Eric_OBrien77 its all a distraction]]></document>
		<document><![CDATA[just because you have pink hair and a septum piercing doesnt make you a spokeswoman for the left wing hahah pipe down about trump,braindeads]]></document>
		<document><![CDATA[David Gray and chill at the 40 ft is what dreams are made of]]></document>
		<document><![CDATA[SAIL AWAY WITH ME HONEY]]></document>
		<document><![CDATA[when Nino Brown says SO IM GON' TELL YOU SOMETHIN' you know you better listen]]></document>
		<document><![CDATA[Feeling freshhhh nothing better than playing a friendly against a top side and running for 90 mins]]></document>
		<document><![CDATA[Nothing better than giving a good roasting on a new friendship on facebook]]></document>
		<document><![CDATA[looking at the exchange rate in Croatia has me dying to get over, Be living like the King of Nigeria for 10 days]]></document>
		<document><![CDATA[@caitlinbrady122 You'd wanna get Hideout booked before you do anything tbh letting me down:(]]></document>
		<document><![CDATA[@Eric_OBrien77 @caitlinbrady122  and i haven't even seen you there yet]]></document>
		<document><![CDATA[what the fuck does Beyonce even be on about half the time]]></document>
		<document><![CDATA[this years Life line up is looking fairly rubbish... Ez AND Nina Kravis give me a fucking break]]></document>
		<document><![CDATA[Fall in love with someone new in Carlisle every day]]></document>
		<document><![CDATA[I'd love to have a house or an apartment with the boys, very soon hopefully!]]></document>
		<document><![CDATA[@JordanRock__ need a ngiht out soon bro &lt;3]]></document>
		<document><![CDATA[mad how something that hurts initially can be such a blessing after the initial pain, happiest i've been in a long long time]]></document>
		<document><![CDATA[Never forget Paul Kalkbrenner closing up life fest with Sky and Sand last year, would bring a tear to a glass eye]]></document>
		<document><![CDATA[used to love porridge but now its just fucking vile]]></document>
		<document><![CDATA[Feel so fresh after a gym session! Hideout ready boys wha]]></document>
		<document><![CDATA[@KarlBray97 @EPfestival Hahahahaha showing off on twitter]]></document>
		<document><![CDATA[When someone dies in unusual circumstances everyone becomes a Sunday world journalist]]></document>
		<document><![CDATA[so embarrassing when birds who run a nail business out of their bedroom call their customers ''Clients'' hahahaha geebags]]></document>
		<document><![CDATA[BOLLOX have an assignment due tomorrow]]></document>
		<document><![CDATA[whats up whos on x]]></document>
		<document><![CDATA[back in my facebook and insta yeye]]></document>
		<document><![CDATA[@RobertNolan0 especially at this time man, pacing the floors when you should be out cold hahah]]></document>
		<document><![CDATA[have a sneaky feeling about the Texans here]]></document>
		<document><![CDATA[cans and pizza watching the match who in their right mind still goes out??]]></document>
		<document><![CDATA[Devin Hester playing like he's back in 2008 the fucking speed of him]]></document>
		<document><![CDATA[Drinking a can of carling watching the match &amp; its bringing back so many memories, smells &amp; tastes like all them park sessions..miss 2011-14]]></document>
		<document><![CDATA[Andy Carroll has serious tekkers]]></document>
		<document><![CDATA[vegetable soup with brown bread is proper]]></document>
		<document><![CDATA[love when your leg goes proper dead and then feeling starts coming back gradually and its like a warm burning sensation from heaven]]></document>
		<document><![CDATA[ZERO laugh in our chat anymore its either one of the boys acting the fitness freak talking about vegetables or me getting ignored]]></document>
		<document><![CDATA[if you havent pretended to an english bird on holidays that youre a pro footballer back home then you're doing it so wrong]]></document>
		<document><![CDATA[Florence Welsh is the best artist of our generation by a long stretch she can do no wrong]]></document>
		<document><![CDATA[feel so sorry for Mike Tyson he was set up on that rape charge by the state bc he was a successful black man..fucking scumbags all involved]]></document>
		<document><![CDATA[@saintlytea fuck off]]></document>
		<document><![CDATA[@Court_Knee_Mc must be official so, well done Courtney from Drimnagh you've cracked the case]]></document>
		<document><![CDATA[Bouncin' in the club where the heat is on
All night on the beach til the break of dawn.
I'm going to Miami, welcome to Miami]]></document>
		<document><![CDATA[Gommorah has taken over my life]]></document>
		<document><![CDATA[@KarlaNolann theyre class do have you wired hahaha]]></document>
		<document><![CDATA[@KarlaNolann Order Tegreen supplements they're not too expensive and 1 a day is the equivalent of 4 cups of green tea]]></document>
		<document><![CDATA[Clinton on Holiday Vs Trump in Ibiza 1989... there was only ever one winner lets be honest https://t.co/kidYXa7SRC]]></document>
		<document><![CDATA[@chloe__feighery Never usually sober enough to notice so im just gonna stick with my version dont wanna ruin the magic hahaha]]></document>
		<document><![CDATA[At work I just take time
And all through my coffee break time
I say a little prayer for youuuuuuuuuuuuuuuuuuuuuu]]></document>
		<document><![CDATA[Ouu Whaa Whaa he's the greatest dancer]]></document>
		<document><![CDATA[anyone selling an iphone in good nick]]></document>
		<document><![CDATA[jordan roe fucking impossible to contact]]></document>
		<document><![CDATA[@httpmartha_ what do you call it??? ive heard some very funny ones]]></document>
		<document><![CDATA[@KarlBray97 your a freak its been a housecoat since forever]]></document>
		<document><![CDATA[its a fucking housecoat]]></document>
		<document><![CDATA[Getting locked at bowling is the best idea ever thought of... Tuesday nights are the new weekends]]></document>
		<document><![CDATA[January poorness is crap]]></document>
		<document><![CDATA[Caffeine is my worst enemy]]></document>
		<document><![CDATA[Aer Lingus music they play when you on hold is even worse than the shit tunes on the plane]]></document>
		<document><![CDATA[@jack_odonnell7 hot sauce mixed peppers jalepeno stuffing and southern fried chicken with a wholemeal wrap got absolutely SLAUGHTERED yday]]></document>
		<document><![CDATA[@jack_odonnell7 is this even a question??]]></document>
	</documents>
</author>