<author lang="en">
	<documents>
		<document><![CDATA[@miguelmyriad Men-straay-shun, whaaaa'?? Where's the "u"?]]></document>
		<document><![CDATA[@thecitizenaor @PizzaExpress Now I want dough balls!]]></document>
		<document><![CDATA[@thecitizenaor @PizzaExpress This exchange has been both enjoyable and informative.]]></document>
		<document><![CDATA[@FancyHam89 Yeah, short eps too. Just did 5 in a row. Barrymore &amp;Olyphant are so charming and beautiful. And it's funnier than I'd expected.]]></document>
		<document><![CDATA[Unsurprisingly, Timothy Olyphant is ageing like a fucking boss.]]></document>
		<document><![CDATA[I feel Blade Runner and Dune reboots are in safe hands with Villeneuve but don't want him becoming the reboot guy. https://t.co/JDrk3FDp3L]]></document>
		<document><![CDATA[These streets are full of ghosts... #Smithfield https://t.co/eAbSO58Xp3]]></document>
		<document><![CDATA[@Darren_Mooney That's how I did it]]></document>
		<document><![CDATA[@Darren_Mooney Oh yeah, that's a problem. Less bingeable! :)]]></document>
		<document><![CDATA[@Darren_Mooney Crazy ExGirlfriend! But I feel you need to give it a few eps to settle into itself. It's richer than it looks at first.]]></document>
		<document><![CDATA[Revisiting The People Vs Larry Flynt. Edward Norton's speech on freedom/cebsorship packs a significant punch today. https://t.co/NBAGeUsDTW]]></document>
		<document><![CDATA[**DREAM Saturday night crew https://t.co/iOQ3Lk815l]]></document>
		<document><![CDATA[A class act, always. #RIPJohnHurt https://t.co/Bp4vbOyFyr]]></document>
		<document><![CDATA[@AntonyRoland Yeah it's kind of intense. I was populating some very dull spreadsheets at the time so was grateful for the drama :)]]></document>
		<document><![CDATA[@AntonyRoland I listened to it twice today. It's remarkably effective in the film but as a record, it works beautifully also.]]></document>
		<document><![CDATA[If Mica Levi doesn't get her Oscar for the Jackie soundtrack it's all a cod! Unreal. https://t.co/KgfXTofWsr]]></document>
		<document><![CDATA[Ahhh feck! #SingStreet really deserved a Best Song nomination. Yay for #ConsolataBoyle though!]]></document>
		<document><![CDATA[@ronandusty Ah, he was such a find. Super performance in a really tough role!]]></document>
		<document><![CDATA[@TheShiftyShadow Aw we can't hold that against her forever.]]></document>
		<document><![CDATA[I won't be happy unless #AmyAdams gets TWO #OscarNoms]]></document>
		<document><![CDATA[A great trailer for Colossal, one my faves from the Vanguard section in TIFF last year. https://t.co/9MEittFVIa]]></document>
		<document><![CDATA[@TonyMcKiver @LightHouseD7 Thanks to YOU for hounding me for Jesse James. One of my greatest accomplishments :)]]></document>
		<document><![CDATA[Five years of trying to achieve maximum fun in @LightHouseD7. Think this  karaoke dance-fest photo represents accur… https://t.co/L8vVoVllfP]]></document>
		<document><![CDATA[@ach0 That's all I can imagine now! :)]]></document>
		<document><![CDATA[@lukemcmanus @Dream_Dare_Do I know! It would have been really cool to experience in a cinema.]]></document>
		<document><![CDATA[Wait a minute, Greg from Crazy Ex Girlfriend is this guy?!? Mad, had no idea.
https://t.co/hg7j3XMtLU]]></document>
		<document><![CDATA[@Dream_Dare_Do We tried to make it happen but it didn't work out :(]]></document>
		<document><![CDATA[@DublinFilmFest There's a lotta circles! :)]]></document>
		<document><![CDATA[@FancyHam89 It's a tough job but someone's gotta do it or there'd be no festival! ;)]]></document>
		<document><![CDATA[At home by the fire drawing circles around everything I wanna see at #ADIFF17. Exciting!! https://t.co/8XBIgextQP]]></document>
		<document><![CDATA[The songs in Crazy Ex Girlfriend have really improved this season. And the staging. Everything. Really enjoying it.]]></document>
		<document><![CDATA[#LALALAND for the third time is still a delight. If anyone needs someone to bring them to see it I volunteer.]]></document>
		<document><![CDATA[@Immikesheridan This and A Fish Called Wanda are tied for me in the "Greatest Comedy Ever" stakes.]]></document>
		<document><![CDATA[@JayCoyle Jay, are you trying to rip off the #LiveByNight poster??? https://t.co/x7zzuuvbL3]]></document>
		<document><![CDATA[@JayCoyle I saw it at the Fleadh with a VERY responsive audience, which was a delight. Those lead actors are outrageously talented!]]></document>
		<document><![CDATA[@sazzybm I really liked the film. So many good films out in the next few weeks!]]></document>
		<document><![CDATA[@sazzybm @CinemaBookClub I think I can 100% say that next month is Postcards from the Edge. The rest is sooooo close to being confirmed.]]></document>
		<document><![CDATA[@JayCoyle One of the most genuinely hilarious films I saw last year. I hardly stopped laughing for the whole film. Belly laughs.]]></document>
		<document><![CDATA[@sazzybm I have indeed. One of my faves.]]></document>
		<document><![CDATA[Lots of watching and reading to do after the #IFB2017 launch. Exciting stuff in there. https://t.co/PEAItRXlMw]]></document>
		<document><![CDATA[@JVickyOwens Berlin is always fun!]]></document>
		<document><![CDATA[@JVickyOwens I'm not going to Berlin. I just went last year on holidays. You'll have to go alone I'm afraid.]]></document>
		<document><![CDATA[This day last year we all awoke to the  shocking news of David Bowie's death. Hard to believe a year has passed. I still miss him.]]></document>
		<document><![CDATA[Not to mention revolting hats. https://t.co/vFfAX4Y9Dy]]></document>
		<document><![CDATA[@mashob Except this. It's The One That Got Away. And Fantastic Beasts.]]></document>
		<document><![CDATA[@davidk30 @davidk30 Of course I'm thinking it. Need to know who has it over here though. Let's get on the case.]]></document>
		<document><![CDATA[@mashob I am dyyyyyyying to see it!]]></document>
		<document><![CDATA[@mashob @dublinbowiefest @singalongsocial I shall sing with you tomorrow so - through my Manchester By The Sea tears!]]></document>
		<document><![CDATA[@mashob @dublinbowiefest @singalongsocial I missed it too so we'll plan one for just ourselves when you're feeling better.]]></document>
		<document><![CDATA[Yep, Donald Glover is the greatest. Look at that suit! Yes. https://t.co/air8pN8lUo]]></document>
		<document><![CDATA[John Hughes really knew how to kick off a movie! Happy Birthday #DavidBowie.  #TheBreakfastClub #Changes… https://t.co/Db5L77foAM]]></document>
		<document><![CDATA[A fine evening in the newly refurbished @barbersd7 in #Grangegorman. Always happy to find a new local.]]></document>
		<document><![CDATA[Really hope to get down to @LightHouseD7 this weekend to finally see #TheManWhoFellToEarth on the big screen as par… https://t.co/04VW52Vc1T]]></document>
		<document><![CDATA[@mashob we discussed it but decided to stick to scores.]]></document>
		<document><![CDATA[yhis #SingStreet soundtrack #vinyl is so spot-on. I love it! https://t.co/AWQVDFqZmN]]></document>
		<document><![CDATA[That was an emotional chat! #EndaWalsh discussing the creative process behind #Lazarus. Fascinating. https://t.co/6pcHqIwi0z]]></document>
		<document><![CDATA[First event of #DubBowieFest - An Evening With Enda Walsh. Excited for this. https://t.co/wIf99nbhP5]]></document>
		<document><![CDATA[@emerosheaa Neither of us drive. Seems a tricky place to not drive but day trip by train is certainly doable.]]></document>
		<document><![CDATA[@JamiePaisley89 Sostrene Green...all the pretty things!]]></document>
		<document><![CDATA[@mrhig Right, I'll investigate that further then. Thanks!  Fingers crossed for less fires when we go there! :)]]></document>
		<document><![CDATA[@mrhig Thanks! Great list. I was under the impression that The Magic Castle is a members or invite-only place?]]></document>
		<document><![CDATA[@mashob Oh! Well that goes without saying.]]></document>
		<document><![CDATA[@mickmahon13 Oh I do indeed. Sounds great. Thanks!]]></document>
		<document><![CDATA[@MarkDByrne Oh that sounds interesting!]]></document>
		<document><![CDATA[@mickmahon13 Oh I'd heard of that. Definitely on the list. Good one!]]></document>
		<document><![CDATA[@ronandusty Here's hoping.]]></document>
		<document><![CDATA[@ronandusty I have a feeling I will be in a constant state of "beside myself".]]></document>
		<document><![CDATA[@ronandusty I've never been to any of the Disneylands!]]></document>
		<document><![CDATA[@sarahfran Great shout, thanks!]]></document>
		<document><![CDATA[Honeymoon in L.A. Any tips for lovely things to do and see that I may not have stumbled upon in my years of dreaming about this trip?]]></document>
		<document><![CDATA[Jaysus there's David Cross and Jay Mohr! Haven't seen this film in yeeeears #smallsoldiers]]></document>
		<document><![CDATA[@DonaldClarke63 I couldn't sleep for a week after that terrifying Acid Queen sequence. Kudos to Tina for that horri… https://t.co/VUpuP5Qogb]]></document>
		<document><![CDATA[Can't actually believe that's Edward Herrmann as FDR in #Annie. https://t.co/HS8YyCLHM0]]></document>
		<document><![CDATA["I told you Cha Cha Heels!!". Have a John Waters Christmas everybody. https://t.co/Ubc8I6ko1l]]></document>
		<document><![CDATA[Merry Christmas friends! https://t.co/8EC4rAoP1k]]></document>
		<document><![CDATA[@LightHouseD7  Merry Christmas you old movie house! https://t.co/ihLQQIfbrl]]></document>
		<document><![CDATA[@mashob @r_smalls I'm better with Christmas carols...jussayin']]></document>
		<document><![CDATA[@lennyabrahamson It's a pretty seriously big deal. And oh my god how great is Jacob? Little legend.]]></document>
		<document><![CDATA[@mashob @r_smalls I don't ever know words to things. My lyric retention os dreadful! You'll have to write them down for me.]]></document>
		<document><![CDATA[@mashob @r_smalls "Hurry boy, it's waiting there for yoooooou..."]]></document>
		<document><![CDATA[@lennyabrahamson You know you've made it when you're being name-dropped on Billy On The Street. https://t.co/44ZJDYJ9vx]]></document>
		<document><![CDATA[@LightHouseD7 Ooh, The Witch and Little Men! And Train To Busan.]]></document>
		<document><![CDATA[@LightHouseD7 So many, GreenRoom,SwissArmyMan,MadMary, Room, NeonDemon,NocturnalAnimals,OneMoreTimeWithFeeling,CaptFantastic,Wilderpeople...]]></document>
		<document><![CDATA[Wish @BretEastonEllis would release a compilation of those wonderfully random songs from his podcast. It'd be a delightful Christmas gift.]]></document>
		<document><![CDATA[@JayCoyle @BrianMLloyd There usually a couple per episode that makes me giggle. Some shows more so than others.]]></document>
		<document><![CDATA[@BrianMLloyd @JayCoyle Casey Affleck is NOT a comedian though.Talented guy but not a comedian.]]></document>
		<document><![CDATA[@MarkDByrne I did think he was a bit of a Sully try-hard alright. Still charming though]]></document>
		<document><![CDATA[@petes_sake And Redford was great!]]></document>
		<document><![CDATA[@petes_sake Exactly! It felt very comfortable. Like a warm hug.]]></document>
		<document><![CDATA[Finally saw Pete's Dragon. I thought it was super sweet. I enjoyed how simple it was and looked beautiful. And I cried.]]></document>
		<document><![CDATA[S2 of #TheAffair is so ambitious in the scope of it's writing. Really enjoying it.]]></document>
		<document><![CDATA[@mickmahon13 That's ok then ;)]]></document>
		<document><![CDATA[@stevefanagan Thanks, that's really nice of you to say. Appreciated!]]></document>
		<document><![CDATA[The joy! https://t.co/K55ZFaO2Y9]]></document>
		<document><![CDATA[Me too. I remember a time when Irish audiences weren't quite so receptive. So great to see such support at home and… https://t.co/vLGtKMxAvN]]></document>
		<document><![CDATA[@mickmahon13 Should I fear for some kind of All About Eve scenario?]]></document>
		<document><![CDATA[@calipotheatre There's certainly cause to raise a few Carlsbergs this evening ;)]]></document>
		<document><![CDATA[@calipotheatre So lovely to see Mad Mary in yet another end of year list :)]]></document>
		<document><![CDATA[Really pleased that @LightHouseD7's three biggest films of 2016 were #IrishFilms. It's been a good year! https://t.co/8z9tlEFlrb]]></document>
		<document><![CDATA[@IrishTimesCultr @colliethorn @SeanaKerslake Great choice! :)]]></document>
	</documents>
</author>