<author lang="en">
	<documents>
		<document><![CDATA[@SimpleSall StarWalk is an awesome app - brings the night sky to life!]]></document>
		<document><![CDATA[@SimpleSall think it's Venus!]]></document>
		<document><![CDATA[@matchavez departure. They are still cost cutting so I moved to @bauermedia]]></document>
		<document><![CDATA[@Nomel79 ha! Excellent work. :)]]></document>
		<document><![CDATA[@Whafe my advice to MPI end of this week will be to give serious drought considerations for HB, Gisborne &amp; Northland some point in February]]></document>
		<document><![CDATA[@Whafe yeah pretty much - sometimes you can get some spillover there from the west, but not often is it much (ie, more than 10/20mm)]]></document>
		<document><![CDATA[@Whafe no the west - and front is dying around Southern HB by the looks of it, might rain further being night time and all..]]></document>
		<document><![CDATA[@Nomel79 when you finally get around to this please take photos and send to me.]]></document>
		<document><![CDATA[@Whafe you could sell that to eastern North Islanders for more than petrol!...which, oddly, is cheaper than water normally.....]]></document>
		<document><![CDATA[@Whafe slip, slop, slap and cover up with a raincoat and all that other Summer advice...]]></document>
		<document><![CDATA[@SimpleSall I thought the same thing.]]></document>
		<document><![CDATA[Thank you @NewstalkZB &amp; @nzherald for over 10 years of working together. Many of you like family, we'll stay in touch. V.excited about 2017!]]></document>
		<document><![CDATA[I miss this view... https://t.co/fv0XKmjeNC]]></document>
		<document><![CDATA[My pleasure Vince - am searching far and wide for rain for you! Thanks for your #HawkesBay update --  @Country_TV https://t.co/pqLDFkdMuP]]></document>
		<document><![CDATA[This is the weirdest thing ever! https://t.co/fquOpiaNcq]]></document>
		<document><![CDATA[@WhiteDiamonds13 hmmm, Sac i thought was a super clean, healthy place. Obv not (wasn't that a city that went bankrupt under Dems recently?)]]></document>
		<document><![CDATA[@WhiteDiamonds13 definitely no pity - we all have our issues in life, but pain is not cool - you get some pity for that, sorry! :)]]></document>
		<document><![CDATA[@WhiteDiamonds13 just very curious as to where in the US u can get poisoned like that. And yes I'm keeping faith that commonsense prevails]]></document>
		<document><![CDATA[@WhiteDiamonds13 which State are you in?]]></document>
		<document><![CDATA[@WhiteDiamonds13 I find it fascinating you follow me. I care very much - possibly too much. Always fighting left/right thoughts/ideals.]]></document>
		<document><![CDATA[@WhiteDiamonds13 oh I am so so sorry to hear your news :( Seriously that is awful. Oh &amp; work partially work in MSM - believe me I hear ya!]]></document>
		<document><![CDATA[@WhiteDiamonds13 you're dying due to illness? Pres wants to end open visa from NZ/Australia, even thou we're part of US 5 eyes spy network.]]></document>
		<document><![CDATA[@WhiteDiamonds13 Jesus talked about being good stewards of cash?! I thought he opened his arms to those in need without selfish question?]]></document>
		<document><![CDATA[@WhiteDiamonds13 you're a Christian right? What part of the president's immigration policy sounds/is compassionate like Jesus taught us?]]></document>
		<document><![CDATA[@WhiteDiamonds13 it's sad when you automatically think ppl who disagree with you hate America. I love America &amp; now can't visit yearly.]]></document>
		<document><![CDATA[@WhiteDiamonds13 You may not realise but these actions are making white christians not want to visit the US now, on a major scale.]]></document>
		<document><![CDATA[@sillymidoff you have a sea breeze I think...lucky!]]></document>
		<document><![CDATA[@sillymidoff I got SW where I am!  Blaaaaaaaaaah.  Looks like a hint of more easterlies next couple weeks too :) #Summer!]]></document>
		<document><![CDATA[@oldmannato @farmerjase @bullhale I see Fox News just fired her!  Sorry man...]]></document>
		<document><![CDATA[@farmerjase @oldmannato @bullhale Thanks Jason - you're a fantastic guy, truly terrific. Thanks Nate - you must be "my brown guy" supporter]]></document>
		<document><![CDATA[@GenePark @washingtonpost As a weather forecaster I have a number of analogies I want to use about this leaky White House!]]></document>
		<document><![CDATA[@CivMilAir nice endorsement....I guess...
Love your hashtag :)]]></document>
		<document><![CDATA[@farmerjase @bullhale snow, gales, record breaking low]]></document>
		<document><![CDATA[@farmerjase @bullhale my record was climbing it in 1hr 50 and getting down in 1hr 10. (i think!)]]></document>
		<document><![CDATA[@five15design yeah it's depressing as heck,esp when you know the summer clock ticks faster in Otago !]]></document>
		<document><![CDATA[@five15design ugh that is the most depressing summer tweet]]></document>
		<document><![CDATA[Your long weekend forecast/infographic for upper North Island and Upper South Island - mmmm, summer!… https://t.co/2haPifMb9O]]></document>
		<document><![CDATA[@five15design yeah but at least it's light for longer in Dunedin ... so um...more time to watch the said rain ☔️]]></document>
		<document><![CDATA[@AndreneLow agreed re horrifying and fascinating! It's totally up to the GOP to manage him - but if they have the 'balls' is another thing]]></document>
		<document><![CDATA[Yes, but go New Zealand, Australia, Canada :) https://t.co/R472nKeymh]]></document>
		<document><![CDATA[@BenRoss_AKL @NZTAAkl that's the worst interchange ever - I will only use SH1 to avoid that one part, which defies the point of SH20.]]></document>
		<document><![CDATA[@BenRoss_AKL @NZTAAkl shush - let me have a few good months on it before it turns to gridlock due to slow cars in fast lanes etc]]></document>
		<document><![CDATA[@NZTAAkl I know I'm a nerd, but I'm super excited about this! Talk about having to wait 3 years to unwrap this present....]]></document>
		<document><![CDATA[@AndrewKayNZ @trudinelson @MikePuruNZ @RadioLIVENZ I've been agreeing with @PeterDunneMP on this for years!! Yes to Feb!]]></document>
		<document><![CDATA[Great chat with @trudinelson &amp; @MikePuruNZ just then on @RadioLIVENZ - February looking to start more settled than January weather-wise.]]></document>
		<document><![CDATA[Got an email last night from a central Hawkes Bay farmer who is nearly 80. He says about the #BigDry "Very dry now, worst in 50 odd years".]]></document>
		<document><![CDATA[Don't worry, Sunday's high in #Gisborne has now dropped from 35 to 34... https://t.co/7tqsBE55gn]]></document>
		<document><![CDATA[Airliner causes rare fallstreak hole in clouds above South Australia's Riverland https://t.co/ShMZvQo867 via @ABCNews]]></document>
		<document><![CDATA[@PhilipDuncan @RFStew @FlyAirNZ hopefully their Accountant CEO will see the $ they are about to lose if the US impose this dumb idea.]]></document>
		<document><![CDATA[@RFStew @FlyAirNZ damn I just deleted that tweet as had a better version! But yes, too right/good point.]]></document>
		<document><![CDATA[@RFStew @nzherald a terrific read - so accurate.]]></document>
		<document><![CDATA[@RFStew Stunning. Makes me actually feel sick to think this is how it's going to go.]]></document>
		<document><![CDATA[Well, that's me finished with my frequent yearly travels to the USA - seems it's turning into North Korea now... https://t.co/2PxP1etzPf]]></document>
		<document><![CDATA[We are forecasting a high of 35 degrees in the shade in #Gisborne on Sunday.]]></document>
		<document><![CDATA[@ZeldaWynn @nzherald just scraping the surface of the incorrect or nasty things they say to me off the record/privately/behind the scenes.]]></document>
		<document><![CDATA[@ZeldaWynn @nzherald GG also said I'm only accurate within my bubble of supporters - I laughed, knowing they never admit when wrong &amp; I do!]]></document>
		<document><![CDATA[I won't lie, it's gone behind the fridge and I'm too lazy to fish it back out... but I'm getting complaints now, so… https://t.co/OqMoxAlKFC]]></document>
		<document><![CDATA[@ZeldaWynn @nzherald my exact words to her! (Was the day we forecast snow in Auckland in 2011, she said they did too - just not publicly!)]]></document>
		<document><![CDATA[@ZeldaWynn @nzherald she wasn't nervous when she rang me at home one day to blast me for an interview that WW got right &amp; they got wrong!]]></document>
		<document><![CDATA[True - it's miserable for this far north... https://t.co/LbgddhqKBE]]></document>
		<document><![CDATA[@macgibbons @waihisurfie there's something artistic in it :)]]></document>
		<document><![CDATA[@RFStew what else does a private weather bum do]]></document>
		<document><![CDATA[@RFStew you get retweets because a) I still feel bad for how hungover I was, and b) I'm watching Fargo TV series for first time + scotch]]></document>
		<document><![CDATA[@TomSaterCNN it's as if Trump is running the weather now too! ;)]]></document>
		<document><![CDATA[With this weather in Auckland I may as well be back in Fargo - at least it was sunny with the cold]]></document>
		<document><![CDATA[Finally!  Make the most of it WestCoasters aka WetCoasters https://t.co/Kt9HG09ndD]]></document>
		<document><![CDATA[@FoxNews Tucker looks cartoonishly freaked out in every single screenshot you have *ever* shown of him...]]></document>
		<document><![CDATA[@TomSaterCNN Coz you're in charge of global weather can you please take a little summer away from Australia &amp; give to us in New Zealand?!]]></document>
		<document><![CDATA[Sick of New Zealand's summer and wish it was spring or autumn? Perhaps #Southland may be the place to go for the ne… https://t.co/iefemPwMOE]]></document>
		<document><![CDATA[Sick of New Zealand's summer and don't want to go to Australia? How about #Gisborne - their 10 day forecast looks s… https://t.co/1jUVtY5cta]]></document>
		<document><![CDATA[Sick of New Zealand's summer? Why not head to Alice Springs in Australia - it's looking sunny, hot and settled next… https://t.co/ybupNbpsoA]]></document>
		<document><![CDATA[@blairdrysdale77 Have you not seen the women's movement globally right now!?  Haha!! Mother Nature may simply be protesting in WashingtonDC!]]></document>
		<document><![CDATA[@kiwijanna you captured the city at the perfect time - it looks kinda boring out there now!]]></document>
		<document><![CDATA[@kiwijanna awesome pics!]]></document>
		<document><![CDATA[@ZeldaWynn @nzherald still doing Focus videos for now, always enjoyable :)]]></document>
		<document><![CDATA[@blairdrysdale77 @rowie_nz @TheCountry yeah it's slipped behind the fridge - bit of admin to get it out, but working on it]]></document>
		<document><![CDATA[@rowie_nz @TheCountry haha! Yes, always a fun challenge.....!!]]></document>
		<document><![CDATA[A month ago it was Christmas Eve.]]></document>
		<document><![CDATA[@geekbeagolfer @AklTransport noticed the same thing Neill.]]></document>
		<document><![CDATA[@belperi I can't believe I didn't know that - what an odd flight, but cool that they are flying in to Wellington &amp; on such a big plane!]]></document>
		<document><![CDATA[Ok, so I may be behind the times but since when did Singapore Airlines fly Canberra to Wellington in a B777? https://t.co/s0FgLSxeU5]]></document>
		<document><![CDATA[@Vectorltd always just an email away if you need a decent detailed update before an event, to help limit any potential surprises :)]]></document>
		<document><![CDATA[I've had about 30 tornado alerts from the US southeast so far today - unusual for winter https://t.co/9FFV75daas]]></document>
		<document><![CDATA[@blakers_newport best you don't look at the long range forecast then... oh but Saturday looks ok!]]></document>
		<document><![CDATA[@Vectorltd - We warned NZ of this storm last Weds...if you're keen to chat with us about services we can help you better plan for storms!]]></document>
		<document><![CDATA[@stevebiddle yeah possibly a safe bet that one.... !!]]></document>
		<document><![CDATA[@stevebiddle nothing yet - my gut instinct is that a neutral pattern will remain into Autumn (meaning much more of the same to come)]]></document>
		<document><![CDATA[@TonyStuart55 @aotearoaxi we are only 8 hours into "this week"...!]]></document>
		<document><![CDATA[Summer-like weather returns to NZ this week, but without a doubt the further south you are in NZ the more 'spring-like" the weather is.]]></document>
		<document><![CDATA[@nzta_news so long as by safe speed you're not encouraging people to drive 65 in 100 zones, which leads to forced overtaking]]></document>
		<document><![CDATA[@YvonneMilroy yay! I'm happy with that - honoured to serve! :)]]></document>
		<document><![CDATA[@YvonneMilroy whoop! Thanks :) nice to see!]]></document>
		<document><![CDATA[Back on @Country_TV tomorrow night - can't wait! So much to talk about as we head into what may be a dry February for many.]]></document>
		<document><![CDATA[@drewdeakin it may be getting a little bumpier before it gets calmer - but not as bad as yesterday for most. Have a good flight!]]></document>
		<document><![CDATA[Forecasting NZ's weather at the moment gives me an appreciation of what it's like to be a parent with their children eating loads of sugar.]]></document>
		<document><![CDATA[@chilled_as @BallyshonogFarm @tutukaus @PaulBMcGill @WoolstonDavid in NZ there's *always* someone who loves the current weather pattern :)]]></document>
		<document><![CDATA[@chilled_as @BallyshonogFarm @tutukaus @PaulBMcGill @WoolstonDavid ouch... and the next two weeks don't look wet.]]></document>
		<document><![CDATA[@BallyshonogFarm haha!! Excellent - send more upset tweets about no rain today and maybe it will start pouring!]]></document>
		<document><![CDATA[Depressing. Can see the ranges stopping the rain - not good. Still some chance over next 24 hours so good luck! https://t.co/1FzZBGGEwq]]></document>
		<document><![CDATA[@PaulBMcGill @WoolstonDavid yeah that's disappointing - the front was very fractured so some had decent rain, others a shorter burst]]></document>
	</documents>
</author>