<author lang="en">
	<documents>
		<document><![CDATA[Without clicking on the link, I just assumed it was about the last two weeks in US Politics. @NYMag]]></document>
		<document><![CDATA[What are you lot talking about? We've just had Melbourne Family Christmas - was awesome! @maungle @Ashley_MD_Allen @LowLinda]]></document>
		<document><![CDATA[We're up at Easter @LouPartridge, should we have a strategy meeting?]]></document>
		<document><![CDATA[Happy Birthday @MelbourneBitter - sounds like you're having a cracker.]]></document>
		<document><![CDATA[Lots of other nation states learning from Russia. The more you deny, better the impact. @abcnews @TimWellsmore https://t.co/E0TfVoMfFf]]></document>
		<document><![CDATA[As I recall @jturner_ibrs - you predicted this... https://t.co/DMf2FcSMQF]]></document>
		<document><![CDATA[I'm back tomorrow @LouPartridge - have decided to not wash hair and hold onto beach dreadlocks for one more day! #salt #sand #summer]]></document>
		<document><![CDATA[The world can only weep. @MelbourneBitter]]></document>
		<document><![CDATA[@MelbourneBitter Fortunately, nothing of us at the concert - just of them  (That whole 80's pre-teen look was not one that dates well)]]></document>
		<document><![CDATA[First ever concert. First ever pre-teen crush. @MelbourneBitter, me, Melbourne Entertainment Centre Dec 1984 and Wh… https://t.co/rvoykl1gAi]]></document>
		<document><![CDATA[Massive shout-out to all our ER Drs and Nurses this Christmas season, &amp; our well funded medial system. We are lucky, and so grateful. #RNSH]]></document>
		<document><![CDATA[Nice tip @SquigglyRick, I'll start following @MichaelRoddan]]></document>
		<document><![CDATA[We're giving ourselves an 8 out of 10 on our 2016 Predictions - what's on the cards for the security industry in 2017? @FireEye]]></document>
		<document><![CDATA[Group screening of the @FireEye 2017 Predictions webinar with @TimWellsmore and @BryceBoland https://t.co/W2SgGbjnTb]]></document>
		<document><![CDATA[Sitting down for tea and scones w @TimWellsmore &amp; @BryceBoland as they kick off our 2017 Predictions webinar.… https://t.co/vpzoL6yugz]]></document>
		<document><![CDATA[90mins before @TimWellsmore and @BryceBoland are live w @FireEye's 2017 Predications. It's not too late to register https://t.co/PWZFjRd3C5]]></document>
		<document><![CDATA[Want to look into our 2017 @FireEye Cyber Security Crystal Ball? Join TimWellsmore &amp; @BryceBoland on 14-Dec https://t.co/PWZFjRd3C5]]></document>
		<document><![CDATA[Am I the only one thinking of Triffids?@MelbourneBitter @KristinaKukolja @tihomirkukolja]]></document>
		<document><![CDATA[@Jxnewton - follow me and I'll DM you a heap of stuff.]]></document>
		<document><![CDATA[Have NONE of them ever watched The West Wing? https://t.co/tOtFlHd5BT]]></document>
		<document><![CDATA[Yes, this all ends with a Trump sex tape. https://t.co/DMf2FcSMQF]]></document>
		<document><![CDATA[So fabulous to see you @LouPartridge - come by @FireEye booth tomorrow for a #Remediation RecoveryKit! (@RDMetcalfe1 will need 2 of them)]]></document>
		<document><![CDATA[It wouldn't be a @FireEye party without a fiery cocktail. Welcome to #AISA National Conference! https://t.co/LyzMPosF5E]]></document>
		<document><![CDATA[Welcome to AISA National Conference - @FireEye is on fire! https://t.co/W89JKaF3oU]]></document>
		<document><![CDATA[This is a parody right? @SenatorAbetz @4Corners or Utopia?]]></document>
		<document><![CDATA[So @jonfavs - what happens if he says "Thanks, I've had a lovely time, bye-bye!" and pulls out? Then what do you poor buggers do?]]></document>
		<document><![CDATA[That would be "hysterical" - right? https://t.co/IP9BNnzNET]]></document>
		<document><![CDATA[Do not back down on the greyhound racing ban @mikebairdMP - this is your Howard Gun Reform moment. NSW will be a better place for it.]]></document>
		<document><![CDATA[Just a few more minutes before Rich Costanzo takes to the stage at #Vantage16 in Silent Theatre A https://t.co/f36RC6gH12]]></document>
		<document><![CDATA[Next session in Silent Theatre A @FireEye's own Rich Costanzo #Vantage16 https://t.co/WTg6JP7MrP]]></document>
		<document><![CDATA[Next session at #telstravantage in Silent Theatre A - @FireEye's Rich Costanzo https://t.co/EA5xCZjEXA]]></document>
		<document><![CDATA[The power of language. And how we are manipulated. https://t.co/eSEFXGkBiI]]></document>
		<document><![CDATA[The fabulous Dom Whitehand from Exclusive - Hall of Fame, @ARNnet #ARNAwards https://t.co/SfXYSLSBPr]]></document>
		<document><![CDATA[She's holding court at her party of the year - thank you Susie! @ARNnet #ARNAwards https://t.co/ZBDuYBC2xN]]></document>
		<document><![CDATA[We love @bbbartoni, Finalist in the 2016 #ICTAwards for @FireEye https://t.co/mDaKtCBbfD]]></document>
		<document><![CDATA[Oh it is SO on! Love this night, thank you @ARNnet #ICTAwards @philvasic @seankopelke https://t.co/fzxBhofOZE]]></document>
		<document><![CDATA[Love the @ARNnet #ICTAwards - it's like Christmas and NYE for techies https://t.co/xIWK36cx1y]]></document>
		<document><![CDATA[Here we are in @ARNnet celebrating our ANZ @FireEye Partners at 2016 Partner Momentum https://t.co/LZcUqTCCCc]]></document>
		<document><![CDATA[Just called @glassbrasserie to book a private lunch, phone system not working. And now I'm  calling someone else. Perhaps talk to @Shoretel?]]></document>
		<document><![CDATA[Livin' the dream Nick! https://t.co/UahWw9S8sS]]></document>
		<document><![CDATA[The World of the Sad Donut - how to make an unhappy Security Customer from @FireEye #FYEMomentum in Sydney https://t.co/f1Dljoy8Yd]]></document>
		<document><![CDATA[Thank you @FireEye Partners for being with us today at #FEYEMomentum in Sydney https://t.co/j2h1r5pHsb]]></document>
		<document><![CDATA[It's all happening @FireEye ANZ Partner conference is T-20mins! #FEYEMomentum https://t.co/dcBgyw7L2P]]></document>
		<document><![CDATA[Bad guys are in yr network for 17 mnths before you notice. Who else is reading your email?@TimWellsmore @australian

https://t.co/AcKUd3zLgK]]></document>
		<document><![CDATA[This Cyber genie is not going back in the bottle. I'm now officially very uncomfortable. #4Corners]]></document>
		<document><![CDATA[What company has discovered and responsibly disclosed more Zero Days than anyone else? #4Corners #CyberWar]]></document>
		<document><![CDATA[Husband currently completing ESTA application online while watching #4Corners. Nothing to worry about, right @jturner_ibrs @TimWellsmore?]]></document>
		<document><![CDATA[Ahhh, yep. I'm multi screening while watching #4Corners about #CyberWar and our online vulnerabilities]]></document>
		<document><![CDATA[Interested in what @TimWellsmore has to say about #cyber in Australia on #4Corners? They spoke to him for   their Cyber War investigation]]></document>
		<document><![CDATA[It's not fictional TV, it's real and it's happening in Aust today. #4Corners on #cyberwar - the bad guys are watching.]]></document>
		<document><![CDATA[Exploding cyber myths, one breach at a time with @BryceBoland at #FEYELive @FireEye https://t.co/X120XfzkQg]]></document>
		<document><![CDATA[What % of breached organisations have up to date, best of breed anti-virus software? #FEYELive @FireEye (100) https://t.co/oFqLoULlNL]]></document>
		<document><![CDATA[Delegates to #FEYELive Singapore from SG, PH, MY, Bangladesh and Indonesia - welcome! @FireEye https://t.co/VR0evPiHLF]]></document>
		<document><![CDATA[Kicking off #FEYELive in Singapore - with special guest speaker @GradyS for @FireEye https://t.co/voYRMn8m6d]]></document>
		<document><![CDATA[Big day for @FireEye with SVP &amp;CTO @GradyS delivering the keynote https://t.co/zmScgfB8Wg]]></document>
		<document><![CDATA[And we're LIVE in Singapore for @FireEye #cyberdefense Live https://t.co/ut6Ky0w9Wo]]></document>
		<document><![CDATA[I actually have a reality TV pitch I want to talk to you about @jturner_ibrs Will call next week!]]></document>
		<document><![CDATA[Everything you always wanted to know about Red Teaming, but were too afraid to ask. From @FireEye on Tue 23 August. https://t.co/wxitnIcdZW]]></document>
		<document><![CDATA[We missed the Rose Bay Blue Smurfs at  #City2Surf this year - anyone know what happened to them?]]></document>
		<document><![CDATA[And we're also in Melbourne for @Viccouncils MAV Technology Conference -  @Fireeye Everywhere https://t.co/PRyaOsZVJc]]></document>
		<document><![CDATA[Rich Costanzo - owns the stage like a Boss for @FireEye at the IT Leaders Summit in WA https://t.co/Onfvvqh4v2]]></document>
		<document><![CDATA[We're also in Brisvegas with a CIO Lunch and an Intel briefing from @FireEye's Paul DiBello https://t.co/DAf8fqTv5u]]></document>
		<document><![CDATA[And at #TheEdge with @ARNnet - @FireEye Everywhere https://t.co/lJVxie2Yew]]></document>
		<document><![CDATA[@FireEye is everywhere today - in WA for the IT Leaders Summit https://t.co/8GBkUaxV3C]]></document>
		<document><![CDATA[Why is an air raid siren going off in #Queenstown?]]></document>
		<document><![CDATA[You are very good man @mikebairdMP Thank you for your leadership.]]></document>
		<document><![CDATA[Young people compete by differentiation. What do they offer that is better than someone who does it more cheaply?#futureofwork #4Corners]]></document>
		<document><![CDATA[Growth in the need for baristas, decline in the need for lawyers and accountants. #futureofwork #4corners Sounds OK to me!]]></document>
		<document><![CDATA[I predict that we'll also have a hung #AFL 2016 Grand Final. #ausvotes2016]]></document>
		<document><![CDATA[Needs to be angled across the diagonal of the slice of white bread @Neighorn #democracysausage (And thank you) https://t.co/ZhaHcVOdf7]]></document>
		<document><![CDATA[I do love an #Election2016, especially with @annabelcrabb, @leighsales &amp; @AntonyGreenABC - #democracysausage for dinner too?]]></document>
		<document><![CDATA[And the second wave of hangover horror reveals itself #Britexit  https://t.co/6oNGp9qdEJ]]></document>
		<document><![CDATA[And the hangover kicks in, one hideous wave at a time. Ugh #Brexit  https://t.co/WxYBPnqUNw]]></document>
		<document><![CDATA[Could it actually be possible that Trump has a chance?  https://t.co/5IiSD8jd88]]></document>
		<document><![CDATA[My 6th Year Twittterversary. Been quite a ride. (I'm exhausted) https://t.co/0TClsgi1rz]]></document>
		<document><![CDATA[Oh - those would be the Chinese cyber units identified by @FireEye and @Mandiant, right?? #SecretCity @jturner_ibrs https://t.co/BA7CXgCCCY]]></document>
		<document><![CDATA[Or #SecretCity! https://t.co/0VAXp5YkPg]]></document>
		<document><![CDATA[Thanks for alerting us to this @Racey19 and @Emsyanna  https://t.co/inwNk5FkUl]]></document>
		<document><![CDATA[Did you see this https://t.co/e0AFa93KfT @clementine_ford?]]></document>
		<document><![CDATA[Just seen the preview for next #SecretCity from @CUhlmann - Life Imitating Art @jturner_ibrs re: the BOM hack?]]></document>
		<document><![CDATA[Whack-a-Mole - possibly the least effective #CyberSecurity Strategy on offer. From @ananalytical via @zdnetaustralia]]></document>
		<document><![CDATA[Critically important Community Service Announcement - Stop your iPhone writing "duck" when it's not what you meant. https://t.co/B9tcJR3M31]]></document>
		<document><![CDATA[Which one next @rglover702? https://t.co/EFwbTaiv5K]]></document>
		<document><![CDATA[Thank you @rglover702 https://t.co/qz8VuUbEYz]]></document>
		<document><![CDATA[At the risk of live tweeting your book @rglover702, I made it past P1 and am now as conflicted as I feared I would be. Thank you. (I think)]]></document>
		<document><![CDATA[Oh lord it's going to be OK. I should have trusted you @rglover702 aka @god - snorting out loud. https://t.co/s4cjHRAtAd]]></document>
		<document><![CDATA[Bit scared to start this @rglover702 - but if you were brave enough to write it, I'll give it a damn good crack https://t.co/cRiZhwNiQi]]></document>
		<document><![CDATA[Where ARE you? @MissAuricomous]]></document>
		<document><![CDATA[Except for FOMO, when you realise how much you have missed, due to the work of the good women of @Chat10Looks3  https://t.co/ZlRlvkUZ8B]]></document>
		<document><![CDATA[Presumably you're all over this @catrionawallace @FlamingoCX? https://t.co/IAGTXfAIyZ]]></document>
		<document><![CDATA[Today is the first day I've hear a cyber event described as Web War I. A day which will live in infamy. https://t.co/Q4HoQzRPlH]]></document>
		<document><![CDATA[You make me want to be a better reader @Chat10Looks3 Just found the podcast, and already can't keep up. LOVING it.]]></document>
		<document><![CDATA[Work is something you do &amp; not a place you go (and how to not put all your eggs in one basket) From @ananalytical https://t.co/Qa5X3mTx7a]]></document>
		<document><![CDATA[Random acts of niceness! Thank you #TheNiceBot https://t.co/uOKxdZWvnj]]></document>
		<document><![CDATA[She rocks! @cochonestate  https://t.co/mCN9H1O7EW]]></document>
		<document><![CDATA[I do love a bellweather seat. And @AntonyGreenABC. Roll on 2 July. https://t.co/xKrnSje9iG]]></document>
		<document><![CDATA[Try @AirTasker @ambiej]]></document>
		<document><![CDATA[I do miss your column in The Good Weekend @MaggieA - need to follow your blog more closely.]]></document>
		<document><![CDATA[Particularly relevant today with launch of #CyberStratAus - from @ananalytical re: #Cyber Insurance. Tool or Hype? https://t.co/RVfnI1OLmB]]></document>
		<document><![CDATA["We can still shoot drones out of the sky back home" from @cpbeefcake at #AISA Members Meeting https://t.co/MprVnkTYrF]]></document>
	</documents>
</author>