<author lang="en">
	<documents>
		<document><![CDATA[@DearMama_ I am so hooked/upset it comes out weekly. The OC meets twin peaks 👌🏻]]></document>
		<document><![CDATA[@DearMama_ please tell me you are talking about the Archie show!]]></document>
		<document><![CDATA[@SWTGallagher I'm at school all day what about @mildthoughts ?]]></document>
		<document><![CDATA[Imagine fucking that one up too]]></document>
		<document><![CDATA[Imagine fucking that up]]></document>
		<document><![CDATA[Tratt, Doyle, Smeltz, Kosta all outrageously good in this. #ADLvWEL]]></document>
		<document><![CDATA[@ProckyHorror nice one. It's SO important and often we forget we have to actually give time to teach these things explicitly]]></document>
		<document><![CDATA[@ProckyHorror 100%! all or awards became based around that at the end of last yr - putting emphasis on it, often, matters]]></document>
		<document><![CDATA[More than ever this yr I'm committed to teaching our young learners abt being connected, curious &amp; resilient. But above all to have empathy.]]></document>
		<document><![CDATA[In a very weird stir crazy mood where I just keep ending up working]]></document>
		<document><![CDATA[Trying to be smart, listen to my body and give my knee a day off from running. 😡]]></document>
		<document><![CDATA[@chrisguzzwell @JayHarvie each dish was marked anonymously out of 5 by both of us on taste + presentation. We ain't… https://t.co/M1GzUXmwma]]></document>
		<document><![CDATA[7s games entertaining to watch on TV. Is it the binge drinking party crowd fest it used to be? No. Does it matter that it isn't? Also.. no?]]></document>
		<document><![CDATA[@chrisguzzwell @JayHarvie but how could I be mad when I got to eat the winning food 🤷🏻‍♀️]]></document>
		<document><![CDATA[@chrisguzzwell @JayHarvie he may have won by 2.5 points 😐]]></document>
		<document><![CDATA[Another year, another Cooke Harvie Street Food War in the books. Who can say who won really... https://t.co/cuGiDwcVVj]]></document>
		<document><![CDATA[@BCCIRyan yeah I'm usually at the 7s so don't hear it. Nice to hear a female commentator in sports in general]]></document>
		<document><![CDATA[@DearMama_ I feel like you can never truly prepare for that moment! 😅]]></document>
		<document><![CDATA[This boy. ❤ https://t.co/u36bWoETZP]]></document>
		<document><![CDATA[@DearMama_ straight up disturbing. Such a well made thrilling show though! I may have watched the series twice..]]></document>
		<document><![CDATA[@DearMama_ that is the EXACT moment I as thinking of. Made my skin crawl all over]]></document>
		<document><![CDATA[@DearMama_ You absolutely cannot go wrong with Luther apart from how scary some episodes are.]]></document>
		<document><![CDATA[@frrcooke @DearMama_ parks and rec will make you so happy and trusting of human beings again ❤]]></document>
		<document><![CDATA[@AliceCooke3 y I have so much hair]]></document>
		<document><![CDATA[Just looked in the mirror and was like Jay why didn't you tell me my top knot was absolutely ridiculous https://t.co/kdbaXSH3fV]]></document>
		<document><![CDATA[Cooke Harvie Street Food War has begun. https://t.co/EysIPo4yII]]></document>
		<document><![CDATA[Shouldn't be a big deal but it's really nice to hear a female commentator on the 7s]]></document>
		<document><![CDATA[2nd pic of the day of @JayHarvie with a beverage. https://t.co/O7FZbMSX50]]></document>
		<document><![CDATA[@MrsGreatnews your hair! With the two shades of blue! 😍]]></document>
		<document><![CDATA[Found some summer ‼️‼️‼️ https://t.co/YnP1bx8NCf]]></document>
		<document><![CDATA[Weather like this and Tuatara third eye is empty!?!]]></document>
		<document><![CDATA[A little boy waits patiently for his sandwich. https://t.co/swzsKfdNgE]]></document>
		<document><![CDATA[I am the Ali-phant. https://t.co/5jsW5cd1u7]]></document>
		<document><![CDATA[@ProckyHorror it's so good!]]></document>
		<document><![CDATA[@BenBerg2016 my reaction wasn't pretty to say the least]]></document>
		<document><![CDATA[Many great moments from cards against humanity last night. Highlight: Sam: "who's Patrick Stewart?" Sandy: "you know,the star of spongebob!"]]></document>
		<document><![CDATA[@JayHarvie haha no it wasn't actually]]></document>
		<document><![CDATA[Somes island then back to scorching bay for lunch. Good way to spend one of my last days of holidays! https://t.co/myMyS0lBrM]]></document>
		<document><![CDATA[@Tegal1234 half the team will be at munchen, half at Newtown. Guarantee.]]></document>
		<document><![CDATA[@Tegal1234 when/where are they on?]]></document>
		<document><![CDATA[His little face plus the girls reactions in front 😂 https://t.co/jdlmAoebIP]]></document>
		<document><![CDATA[@TashTasticNZ aw I'm signed up to the 10k sorry!]]></document>
		<document><![CDATA[@TashTasticNZ yup. I ran my 2nd one with a hip injury and still enjoyed it more than my first one!]]></document>
		<document><![CDATA[@TashTasticNZ totally agree on the attitude shift to ENJOYING running the damn thing, bc why else would you sign up to do it!?]]></document>
		<document><![CDATA[Off for a jaunt to Somes Island this morning 🌊 🌴]]></document>
		<document><![CDATA[My face after kicking a football for the first time in months 😅😅😅😅😅😅😅😅😅 #sohappy https://t.co/p8aa22mRz3]]></document>
		<document><![CDATA[Easing myself slowly from 7:00 wake ups to 6:30 wake ups in preparation for good old 5:45s once school starts 😴]]></document>
		<document><![CDATA[Listen to this. 👊🏼 https://t.co/EblwbN8sqc]]></document>
		<document><![CDATA[Off for dinner with two of my fave wahine 💞]]></document>
		<document><![CDATA[Another productive day with the team including the all important trip out to Pete's Emporium! Getting so excited...]]></document>
		<document><![CDATA[@JordynMihell @ShansCooper @JayHarvie he's having a rage red bull https://t.co/V5Z2HxEkJI]]></document>
		<document><![CDATA[@ShansCooper @JordynMihell I am such a supreme fan of the undoing @JayHarvie a shoe laces game 😂😂😂😂]]></document>
		<document><![CDATA[That's 2 weeks in a row I've set team meetings for glorious sunny days 🙃]]></document>
		<document><![CDATA[Thanks as always @jamieoliver ! Team cook tonight with @JayHarvie https://t.co/L5WzlhrfM0]]></document>
		<document><![CDATA[@Jess_McAllen we are going to do a bit of a cull of our plates and glasses - do you need any?]]></document>
		<document><![CDATA[@AliceCooke3 that was surprisingly easy]]></document>
		<document><![CDATA[We are going to buy a new mattress. https://t.co/I9Ty31D4Z4]]></document>
		<document><![CDATA[So @Lesdoggg and her weekend update was so on point this week 👸🏾]]></document>
		<document><![CDATA[@This_Is_Alexis_ if pizza can't fix this day nothing can 🙃]]></document>
		<document><![CDATA[This improved my day dramatically https://t.co/BGtOcaekrF]]></document>
		<document><![CDATA[This has been the only high point of the day https://t.co/TZ8hWZnRYm]]></document>
		<document><![CDATA[Today I burnt my pancakes, watched Liverpool lose to the bottom team, and smashed a glass all over our apartment. 😊]]></document>
		<document><![CDATA[I hate football]]></document>
		<document><![CDATA[I'm cross. But I would be more cross if we had played badly.]]></document>
		<document><![CDATA[🎶 solid as a rock 🎶 (glen moss)]]></document>
		<document><![CDATA[Do I be responsible and wear a raincoat? Or... naaah...]]></document>
		<document><![CDATA[Why am I bothering to straighten my hair lol]]></document>
		<document><![CDATA[I can't wait to try the @Garage_Project Phoenix beer tonight!]]></document>
		<document><![CDATA[A Duran Duran song came on in a shop and now I must listen to them all afternoon]]></document>
		<document><![CDATA[@Emmzza HIS FACE]]></document>
		<document><![CDATA[A pigeon deadset almost just flew into my face. Luckily I have ninja reflexes and I ducked]]></document>
		<document><![CDATA[Loadsa fun, thanks for the idea @BrentfromNZ 🏃🏻‍♀️ https://t.co/sUftUGdD0M]]></document>
		<document><![CDATA[@JayHarvie it was more of a belittling than a telling off?]]></document>
		<document><![CDATA[La la land, g&amp;ts, dinner, walks + shit talking with the girls. Best 💞]]></document>
		<document><![CDATA[Oh my goodness I teach the coolest kids. This was left outside our apartment building https://t.co/WbvUTzEI0R]]></document>
		<document><![CDATA[Such a productive day setting up our classroom, excitement is starting to build...]]></document>
		<document><![CDATA[Not having a car and walking everywhere works like 99% of the time in Wellington, but the other 1% is like the apocalypse.]]></document>
		<document><![CDATA[Omg every time I look at the uber price the surge has gone up]]></document>
		<document><![CDATA[Sorry bout all my food content lately but... here are my turmeric waffles I made this morning 👌🏻 https://t.co/sUxzk5XYug]]></document>
		<document><![CDATA[Burrito bowls 😍 https://t.co/yweHZ3otkH]]></document>
		<document><![CDATA[@tabitha_fds just the 10k, you?]]></document>
		<document><![CDATA[@BrentfromNZ @CignaRTB I'm super excited (daunted)! Thought I'd sneak one in before the football season starts]]></document>
		<document><![CDATA[Just signed up for @CignaRTB and an xterra trail run for Feb and March. Fun! 🏃🏻‍♀️🤓]]></document>
		<document><![CDATA[How good were Lia + Rodriguez last night though]]></document>
		<document><![CDATA[@AliceCooke3 @YellowFever_NZ you guys were amazing tonight]]></document>
		<document><![CDATA[There's been flashes of it, but THAT'S what I've been holding out for all season. Passion, hunger, winning attitude. #WELvMVC #COYN 💛⚽️💛]]></document>
		<document><![CDATA[Good wee physical game this! #WELvMVC]]></document>
		<document><![CDATA[I have tickets for my friend gripped in my hands bc on sat the wind literally blew them out of my pocket &amp; far away never to be seen again]]></document>
		<document><![CDATA[First deadlifts in a month got me like 😭]]></document>
		<document><![CDATA[@JayHarvie @Ohheykenny even worse when you compare them to the outstanding quality of JJ, Luke Cage &amp; daredevil]]></document>
		<document><![CDATA[We dashed to Owhiro bay to see that sunset properly and 👌🏻]]></document>
		<document><![CDATA[@JordynMihell @JayHarvie um yes, then you and @ShansCooper can be sisters for reals!]]></document>
		<document><![CDATA[Awesome first brain storming session with the new team today. Excited for Te Whānau o Pōhutukawa this year! #edchat]]></document>
		<document><![CDATA[First day of work for 2017 👊🏼]]></document>
		<document><![CDATA[@yomcat I needed a wide range of opinions, not just you crazies that wear shorts year round]]></document>
		<document><![CDATA[@BrentfromNZ yeah it won't be so easy once I'm properly back at work 😒]]></document>
		<document><![CDATA[@BrentfromNZ yessss I made the correct call https://t.co/9aT2twTAfi]]></document>
		<document><![CDATA[Is it a shorts day? Or a jeans day? #wellington]]></document>
		<document><![CDATA[Sunset! right! now! is! pretty! https://t.co/hnwnJe7Cxa]]></document>
		<document><![CDATA[@AliceCooke3 @Jess_McAllen pretty upset you and dog weren't there tbh]]></document>
	</documents>
</author>