<author lang="en">
	<documents>
		<document><![CDATA[#CurrentlyReading The Rehearsal by Eleanor Catton. https://t.co/UoJWrvKIEW]]></document>
		<document><![CDATA[I've never made hostel friends so instantaneously as I did in Edinburgh that week. #ScotlandHour #rpt]]></document>
		<document><![CDATA[A5: Elephant House cafe during #edfringe 2015. Eating waffles and playing card games with new French, Chinese and C… https://t.co/EsI8junTZN]]></document>
		<document><![CDATA[The first thing on my To Do list today is 'glue together lightsabers,' so I guess you can say I'm having a good day. #librarylife #StarWars]]></document>
		<document><![CDATA[Performers, musicians, bands, cabaret acts, street performers, Burlesque  dancers: come to #SteampunkTheThames! https://t.co/5sHF1I0kZk]]></document>
		<document><![CDATA[See you there, Hamilton? #lovethetron https://t.co/5pMKzvrdht]]></document>
		<document><![CDATA[Hey @lianzaoffice, any word on whether Social Media with DK is going ahead? I have my fingers crossed 🤞]]></document>
		<document><![CDATA[I wrote a piece as my #steampunk alter-ego about #coffee, #timetravel and #ThamesNZ heritage. https://t.co/A3hBz0qIhb]]></document>
		<document><![CDATA[I was pretty shaken up after an incident yesterday. I think we handled it well, but it was scary. I wish we'd had more backup.]]></document>
		<document><![CDATA[OK, I'm in the mood for some #GLAM customer service #realtalk: how do you deal with verbally abusive customers?]]></document>
		<document><![CDATA[For this month's Gazette, the theme was Cafe Culture. I wrote this with a little help from @PapersPastNZ (as always) https://t.co/VDgkhckrSe]]></document>
		<document><![CDATA[@NDFNZ Have you seen this @saycheeselouise?]]></document>
		<document><![CDATA[Just found out @Waikato is doing this now. So cool!! https://t.co/xDdoNDmzwN]]></document>
		<document><![CDATA[I'll pass this article on to The Coromandel Heritage Trust (who currently live in Thames' Carnegie Library and buil… https://t.co/uEalO5m9Sk]]></document>
		<document><![CDATA[Am so stoked other people do this as well. https://t.co/yRZjTwbKZx]]></document>
		<document><![CDATA[This is good advice 👍 https://t.co/MKfnC8dqUN]]></document>
		<document><![CDATA[I got "Shrek the sheep" on "Which Te Papa object are you?" What about you? https://t.co/glaNClaVG5]]></document>
		<document><![CDATA[It Isn't Heroic To Use a Fake Library Card To Save Unread Books- https://t.co/MzGCJQXlZg]]></document>
		<document><![CDATA[My student loan is officially under ten grand #success]]></document>
		<document><![CDATA[Related: I'm running a library-themed market stall tomorrow! Come check it out!!]]></document>
		<document><![CDATA[Quietly cursing Past Nicole for agreeing to run a library-themed market stall tomorrow from 7am 😩]]></document>
		<document><![CDATA[This year I've developed a sudden obsession with Eight Out of Ten Cats Does Countdown.]]></document>
		<document><![CDATA[@ClearMonice ...aaaaand none of my events got published in the HH yesterday 😡]]></document>
		<document><![CDATA[Fun fact of the day: that's me on the left. https://t.co/hwdOWiTlNn]]></document>
		<document><![CDATA[@ClearMonice what's the barter app?]]></document>
		<document><![CDATA[@ClearMonice ... which takes twice as long to do.]]></document>
		<document><![CDATA[@ClearMonice I'm salty cos I used to email library events info to the HH to promote, but now I have to run it all through Neighbourly...]]></document>
		<document><![CDATA[@ClearMonice but it's like Thames Grapevine, except with fewer people, more ads and control of the Hauraki Herald.]]></document>
		<document><![CDATA[@ClearMonice it's on @goodreads]]></document>
		<document><![CDATA[@ClearMonice it was exactly as good as it looks.]]></document>
		<document><![CDATA[*resists urge to make a 'Thames is lit for #nye2016' joke* https://t.co/5qTLxlLl9q]]></document>
		<document><![CDATA[@wellreadkitty nice! I've still got half a book to go.]]></document>
		<document><![CDATA[Looking forward to reading this quality piece of literature over New Year. #tbrlist #sherlockvsfrankenstein https://t.co/f6In6MPz4T]]></document>
		<document><![CDATA[This would be brilliant ❤️❤️❤️ https://t.co/GDyuoXdHh8]]></document>
		<document><![CDATA[Have I mentioned how much I dislike using Neighbourly? I do dislike using Neighbourly.]]></document>
		<document><![CDATA[Suspicious amount of Lego left over though. https://t.co/oFtdks0miy]]></document>
		<document><![CDATA[Eep, look at tiny new my not-actual-Lego Pokemon friend! Took ages to build. https://t.co/Y1SQkIinsn]]></document>
		<document><![CDATA[@saycheeselouise Do you use Written Kitten? It shows you a pic of a kitten every time you type 100 words.]]></document>
		<document><![CDATA[First day back at work and my brain is like: 'let's just do the sax solo from Careless Whisper on repeat all morning.' #earworm]]></document>
		<document><![CDATA[#CurrentlyReading The Actual One by Isy Suttie, which contains the best description of how bonkers #edfringe is I'v… https://t.co/P33Kll99mC]]></document>
		<document><![CDATA[Just went into the retail store I worked at last Christmas and everyone working was SO LOVELY even though they were… https://t.co/kyibxinLUi]]></document>
		<document><![CDATA[@ClearMonice I just finished it and the ending was SO SAD bloody hell. You should try it.]]></document>
		<document><![CDATA[@ClearMonice Have you ever seen Sliding Doors? It's like that, but three parallel stories instead of two.]]></document>
		<document><![CDATA[@ClearMonice Alternating chapters; half are male pov, half are female. It's all in third person.]]></document>
		<document><![CDATA[OH MY GOD this is such a good book, but I'm gonna need a REALLY big flowchart to figure out what's happening.… https://t.co/TDVuvT7Lc6]]></document>
		<document><![CDATA[Paranormal reindeer? #ThamesXmasDisplay https://t.co/gWwCoAFy0e]]></document>
		<document><![CDATA[There's a new sneaky ninja cat on #nekoatsume!!! 😺☃❤️]]></document>
		<document><![CDATA[@TheSpinoffTV @SarahLibrarina  this!]]></document>
		<document><![CDATA[It's alive!!!!!! https://t.co/r0d9PS1Sme #lovethethames ❤️❤️🎉]]></document>
		<document><![CDATA[My first instinct was #WestsideTV, but I was swayed by the prominent use of footage of my face in #HeritageRescue.… https://t.co/dR1R1lC9oT]]></document>
		<document><![CDATA[@NDFNZ Y'all seen the one that just went up on @TheSpinoffTV?]]></document>
		<document><![CDATA[I'm famous! The new Destination Thames website is being launched tonight, and this neat pic of me at The Treasury i… https://t.co/j49f8vV8eT]]></document>
		<document><![CDATA[I just got to use the phrase 'according to Wookiepedia...' to answer a reference question. #librarylife #workperks #StarWars]]></document>
		<document><![CDATA[Not the most inspired thing I ever wrote, but I had fun looking up the quotes!! And my GTown readers so far seem to think it's cute.]]></document>
		<document><![CDATA[My new column from the December 'Friendship' issue of the Grahamstown Gazette: https://t.co/rrdByh2CVZ]]></document>
		<document><![CDATA[Through the POWER OF TIME TRAVEL I'm gonna watch all the sweet sessions I missed at #NDFNZ last month 👍 https://t.co/6HEn6vXkX3]]></document>
		<document><![CDATA[I laughed really hard at this. https://t.co/9rmOV4K3Mr]]></document>
		<document><![CDATA[I'm also taking suggestions, if you happen to have a good one.]]></document>
		<document><![CDATA[I officially have the sort of job where I can legitimately google 'Star Wars Christmas puns.' #librarylife #workperks]]></document>
		<document><![CDATA[Good news everyone! I've revived my blog from the depths of pre-Big OE doom and populated it with my old GG columns! https://t.co/refIhfJTSA]]></document>
		<document><![CDATA[Does anyone have a guess at what I missed?!?! #librarylife #rpt]]></document>
		<document><![CDATA[... that she wanted the phone number for the book. In the end she said she'd just come into the library and hung up on me! I'm so lost!!]]></document>
		<document><![CDATA[And I tried every inch of reference interview training I could muster to figure out what she meant, but she was so insistent...]]></document>
		<document><![CDATA[I just had a customer ring up and ask what her book's phone number was? #librarylife]]></document>
		<document><![CDATA[That is so steampunk!! https://t.co/93rdsLPc3J]]></document>
		<document><![CDATA[#LLChat I just got back from NDF. Blew my mind!! Missed out on Raglan weekend school but really wish I'd gone!]]></document>
		<document><![CDATA[Better late than never! I'm Nicole from Thames Coromandel District Libraries. Kia ora.  #LLChat]]></document>
		<document><![CDATA[@wellreadkitty Your tweet was on Newshub!!!]]></document>
		<document><![CDATA[That's nearly me done for the conference. Nice way to finish. Home awaits, over and out. #ndfnz #surprisekittens https://t.co/PNbRpLyvp7]]></document>
		<document><![CDATA[I loved this at the V&amp;A. #NDFNZ https://t.co/aQXwsJzc8Y]]></document>
		<document><![CDATA[Max #librarynerd today. Spent a full 5 minutes thinking of books to put on a display at @wcl_library before remembering I don't work here.]]></document>
		<document><![CDATA[Real world context / mentoring / parent involvement / hands-on / peer-to-peer interaction and project-based learning #NDFNZ]]></document>
		<document><![CDATA[Ill-equipped graduates entering the sector #ndfnZ]]></document>
		<document><![CDATA[Constant pressure on libraries to keep up with tech, prove our relevance #ndfnz]]></document>
		<document><![CDATA[Oh heeeeyyyy, heaps of new followers! Drinks? #ndfnz]]></document>
		<document><![CDATA[Preach. #NDFNZ https://t.co/aQLPlpiamp]]></document>
		<document><![CDATA[Reminds me of the missing '60s Doctor Who episodes. #NDFNZ]]></document>
		<document><![CDATA["As long as someone has a copy, we don't need to keep ours" isn't a particularly resilient plan. #NDFNZ]]></document>
		<document><![CDATA[How safe are our historic born-digital records? #NDFNZ]]></document>
		<document><![CDATA[I love how people keep saying 'this is really nerdy but...' like we're not already at a conference about digital GLAM. #NDFNZ]]></document>
		<document><![CDATA[Manawatu Heritage has a gorgeous set up for their website.  #NDFNZ]]></document>
		<document><![CDATA[Simple ways to re-use content #NDFNZ]]></document>
		<document><![CDATA[Next up: reimagining a community archive. I am so amped for this one! #NDFNZ]]></document>
		<document><![CDATA[Helping smaller museums digitise what would otherwise be lost (or stolen!) #NDFNZ]]></document>
		<document><![CDATA[Crowdsource indexing! Good to see.  #NDFNZ]]></document>
		<document><![CDATA[Nice online transcription setup for Dunedin Libraries' index card project. #NDFNZ]]></document>
		<document><![CDATA[Headlines like this is why I love Papers Past ❤️❤️❤️ #NDFNZ https://t.co/XQHVcSTNoY]]></document>
		<document><![CDATA[Don't let your voice or your vision be constricted by your pay grade.   #NDFNZ]]></document>
		<document><![CDATA[Coooool #NDFNZ https://t.co/izZH3jG0ds]]></document>
		<document><![CDATA[I keep seeing people I vaguely recognise and realising too late that I know them from Twitter! #NDFNZ]]></document>
		<document><![CDATA[Blockchain! Caitlin explained this to me not two days ago.  #NDFNZ]]></document>
		<document><![CDATA[Libraries are becoming so transparent in providing resources that they're becoming invisible.  #NDFNZ]]></document>
		<document><![CDATA[Richard Foy ftw #NDFNZ]]></document>
		<document><![CDATA[At my first #NDFNZ this morning!]]></document>
		<document><![CDATA['THIS IS THE BEST DAY EVER' one yells as he jams on some headphones.]]></document>
		<document><![CDATA[Regular crowd of after-school library kids came in to find ALL our computers were free and acted like they'd just won lotto. #librarylife]]></document>
		<document><![CDATA[Sing Street = pure 80s Irish magicalness.]]></document>
		<document><![CDATA[So my neighbour evacuated last night, but backed down the driveway quietly so they wouldn't wake the rest of the neighbourhood up?!]]></document>
		<document><![CDATA[Don't get me started on establishing Original Order.]]></document>
		<document><![CDATA[Managing a restricted archive for ephemera from the future.]]></document>
	</documents>
</author>