<author lang="en">
	<documents>
		<document><![CDATA[That is giving them far too much credit. They weakly capitulated to him during the campaign. A largely unprincipled… https://t.co/KyHY2uyWsA]]></document>
		<document><![CDATA[@MisfitWanderer Some are and do the left no favours.]]></document>
		<document><![CDATA[Is there actual genuine interest in #MundineGreen2? Tweets mainly from media and betting agencies and a confected anthem "controversy".]]></document>
		<document><![CDATA[Thank you senator for sentiment but you supported Trump. Behaviour like this was entirely foreseeable. You're actua… https://t.co/MEsnx0jh9f]]></document>
		<document><![CDATA[For all of his outré behaviour and crude show Stern is s smart, perceptive guy. This is very telling about Trump. https://t.co/qMT79NMxGj]]></document>
		<document><![CDATA[U.S. Republicans, with the exception of those principled few whose opposition to Trump was consistent, are complici… https://t.co/KXj1QTumOa]]></document>
		<document><![CDATA[The sentiment is certainly appreciated but you're complicit by (ultimately) supporting Trump. He's yours. Too littl… https://t.co/RFWs33BDuh]]></document>
		<document><![CDATA[In 2016 I had privilege of hearing Joe Biden talk sincerely about US-Australian relations in Sydney. Compare that to buffoon Trump.  #auspol]]></document>
		<document><![CDATA[The right commentariat in Australia seems more than willing to degrade Australia  to applaud Trump's boorishness and ignorance. #auspol]]></document>
		<document><![CDATA[Trump's offensive comment clearly implying Australia takes advantage of the USA should be specifically condemned by our government.  #auspol]]></document>
		<document><![CDATA[The right commentariat in Australia is increasingly simply becoming an alt-right commentariat, weak imitators of US Trump acolytes. #auspol]]></document>
		<document><![CDATA[PM "Trumbull". Speaks volumes. Trump administration is lazy, inept and ignorant, with no sense of diplomacy, history or courtesy. #auspol]]></document>
		<document><![CDATA[Some right wing commentators have been more than willing to abandon their usual nationalism to continue to play sycophant to Trump. #auspol]]></document>
		<document><![CDATA[After all we've done for USA, including fighting alongside them in wars, Trump effectively accuses Australia of taking advantage. #auspol]]></document>
		<document><![CDATA[They sure know how to pick them. Another top quality candidate here.....#auspol https://t.co/8HCOC6WZ6l]]></document>
		<document><![CDATA[Trump is the quintessential spiv. https://t.co/vXRx6oVHqs]]></document>
		<document><![CDATA[@ElissaMilne @rickcl He tweeted it!]]></document>
		<document><![CDATA[I'm sure Joe Hockey has studied it fully and will be able to take you through all the details and specifics. #auspol https://t.co/d7CEkJajHM]]></document>
		<document><![CDATA[Did he just affirm the deal on the phone with Turnbull? #auspol https://t.co/d7CEkJajHM]]></document>
		<document><![CDATA[Joe Hockey has probably blocked Trump on Twitter just like he's blocked almost everyone else. #auspol]]></document>
		<document><![CDATA[@dndantum If Trump takes them he will keep silent about it. He hates the idea!]]></document>
		<document><![CDATA[A series of editorials in The Australian about how the PM is an international embarrassment and not up to the job.… https://t.co/MXJjlgn9gr]]></document>
		<document><![CDATA[Imagine if Keating had been on that call with Trump instead of Turnbull. He wouldn't have copped that. #auspol]]></document>
		<document><![CDATA[Her last book was "Hard Choices". Will this book be "Bad Choices"? https://t.co/1MdQoaHZMk]]></document>
		<document><![CDATA[#MuslimBan has had enough negative consequences without reprehensible and counterproductive lies undermining credib… https://t.co/GNcB8g9elb]]></document>
		<document><![CDATA[Trump will soon ban calling something that is a ban a ban including the ban banning the use of the term ban.… https://t.co/22VKXQQByl]]></document>
		<document><![CDATA[Malcolm Turnbull is the political equivalent of someone who buys a million dollar car but can't actually drive. #auspol]]></document>
		<document><![CDATA[Which is further hidden by this headline. https://t.co/9C1Msn0fa4]]></document>
		<document><![CDATA[@JohnStanley2UE Wiki basically means sourced from a community of users or the public.]]></document>
		<document><![CDATA[@JohnStanley2UE The shortage of bees is said to be a looming ecological problem for food supply.]]></document>
		<document><![CDATA[Let's hope she can earn good coin, have fun and an interesting experience, and then go back to meaningful work if s… https://t.co/5UDGTKDmRL]]></document>
		<document><![CDATA[By whom? Oh, by me! #ImACelebrityAU https://t.co/gXAWX8gb6b]]></document>
		<document><![CDATA[There's a few questions that should be asked of this woman. #auspol https://t.co/Jx4kb4g7Ms]]></document>
		<document><![CDATA[Hope she rots in jail. What a vile piece of work she is. https://t.co/NdUOvUlarF]]></document>
		<document><![CDATA[And Trump does deals not favours. What was the quid pro quo? We're entitled to know. #auspol https://t.co/RfnIXx8nna]]></document>
		<document><![CDATA[@MarkDiStef Doubt it's Latham. He would revel in the backlash from Labor rather than stay anonymous to avoid it.]]></document>
		<document><![CDATA[This "marriage" between Michael and Scarlett won't last long enough for him to work out where her accent came from. #MarriedAtFirstSight]]></document>
		<document><![CDATA[Tegan is this year's Courtney. #ImACelebrityAU]]></document>
		<document><![CDATA[Has anyone seen Tegan? Is she still even in the show? #ImACelebrityAU]]></document>
		<document><![CDATA[It seems that Nazeem will taste the tucker trial food twice. #ImACelebrityAU]]></document>
		<document><![CDATA[Nazeem's favourite band was probably Regurgitator. #ImACelebrityAU]]></document>
		<document><![CDATA[All because of the Delta shutdown? #MuslimBan #Trump https://t.co/m7rsJoXgip]]></document>
		<document><![CDATA[What an absolute disgrace. Fixed now but should never have happened. #MuslimBan https://t.co/5eli405JLe]]></document>
		<document><![CDATA[@therealerbrazen @Thesismis Cheers. Appreciate that a lot.]]></document>
		<document><![CDATA[@therealerbrazen @Thesismis I know this is old fashioned view but children don't and shouldn't have equal place with adults in everything.]]></document>
		<document><![CDATA[@Thesismis @therealerbrazen No it's about courtesy, respect and hierarchy. Kids have to know their place]]></document>
		<document><![CDATA[Actually if you elected Trump you elected Bannon. This was all foreseeable. The American electorate shares culpabil… https://t.co/8n0fHzOuvo]]></document>
		<document><![CDATA[Guess we should be thankful some children still use public transport rather than being chauffeur driven by parents blocking roads. #auspol]]></document>
		<document><![CDATA[I did say of a certain age! https://t.co/w2Ug7Y4nKd]]></document>
		<document><![CDATA[@MattThomas1405 Ha I know your view on this. I think it's important symbolism and a lesson in courtesy and respect.]]></document>
		<document><![CDATA[The alt right would go into meltdown at that if the suspect was Muslim but will be strangely quiet thus time.… https://t.co/71Fqnzp0VQ]]></document>
		<document><![CDATA[No school child should have a seat while adults are standing. That was the way it used to be and should be enforced now. #auspol]]></document>
		<document><![CDATA[There should be signs on all public transport making it clear school children (other than the very young) are to stand for adults. #auspol]]></document>
		<document><![CDATA[But let's be clear: this is almost certainly an internecine Libs dispute, not a "lefty stunt" as some will assert.… https://t.co/sk41hiOcFP]]></document>
		<document><![CDATA[A President who tweets like he is a dopey comic movie character played by Keanu Reeves. #MuslimBan https://t.co/faA8oMtftJ]]></document>
		<document><![CDATA[The Trump administration is now cynically exploiting the Quebec shooting to justify its #MuslimBan. Amoral, exploitative but true to form.]]></document>
		<document><![CDATA[@JohnStanley2UE There was an Australian film "The Man Who Sued God" (with Billy Connolly and Judy Davis) about that very idea.]]></document>
		<document><![CDATA["In no particular order"......code for we all know Steve Price is the one the public want to see suffer. #ImACelebrityAu]]></document>
		<document><![CDATA[Steve was about to start a flame war over his fire. #ImACelebrityAu]]></document>
		<document><![CDATA[Didn't Ash learn from the Laurina experience with her blow up lounge? #ImACelebrityAU]]></document>
		<document><![CDATA[Just what every camp dreads.....an acoustic guitar. #ImACelebrityAU]]></document>
		<document><![CDATA[One day Lisa will love crocheting so much she will learn to pronounce it. #ImACelebrityAU]]></document>
		<document><![CDATA[Good to see Steve so consistent on Tziporah. #ImACelebrityAU]]></document>
		<document><![CDATA[@86TB A failed talkback station in Melbourne.]]></document>
		<document><![CDATA[I think it's Kate or any variation thereof that's verboten! #ImACelebrityAU https://t.co/WKE6b0x7Ul]]></document>
		<document><![CDATA[The way to get Steve really upset: Ask him how MTR worked out. #ImACelebrityAU]]></document>
		<document><![CDATA[Steve interacts with the others as if they're callers to his talkback show. #ImACelebrityAU]]></document>
		<document><![CDATA[Steve Price!!!! "Slightly" conservative!!!  #ImACelebrityAU]]></document>
		<document><![CDATA[Tziporah may well be this year's Maureen McCormick. The loveable nutter.  #ImACelebrityAU]]></document>
		<document><![CDATA[She sure is. #ImACelebrityAU https://t.co/tPdCxwHTbA]]></document>
		<document><![CDATA[@mrpford I heard you earlier today and share your curiosity as to why Steve Price is doing it! Mystifying.]]></document>
		<document><![CDATA[@mrpford Will she be referred to as Kate or Tziporah?]]></document>
		<document><![CDATA[@chrisxquirke Is that an early 60s Falcon?]]></document>
		<document><![CDATA[No. This lets the electorate off the hook too easily. They did choose it and will now pay the price and be judged f… https://t.co/Ja2d40hqAt]]></document>
		<document><![CDATA[Assange and Ecuador made a mockery of the concept of asylum. #WikiLeaks https://t.co/5qUgww6EHF]]></document>
		<document><![CDATA[Is there any issue or event that Assange and his cultists don't make all about him? #WikiLeaks https://t.co/5qUgww6EHF]]></document>
		<document><![CDATA[Thank you sir for your principled stand on this. Pleased you would never be part of such a thing....oh, hang on....… https://t.co/X3MHAJgwTv]]></document>
		<document><![CDATA[@JohnStanley2UE Gramercy Tavern in NYC in 2006. Close to $300.]]></document>
		<document><![CDATA[So Kris Smith and Kate Fischer to join the show tomorrow. #imACelebrityAu]]></document>
		<document><![CDATA[I actually meant Kris Smith. Male model. Former Mr D. Minogue. "Celebrity". #ImACelebrityAu https://t.co/qRYV3Qunoh]]></document>
		<document><![CDATA[@86TB Not sure the promos are always entirely accurate!]]></document>
		<document><![CDATA[Or Kris Smith as he's actually known! #ImACelebrityAU https://t.co/NkKdPBvEn6]]></document>
		<document><![CDATA[@robby26872 Yes he is. I have talkback on the brain.]]></document>
		<document><![CDATA[Not sure the issue of straining beans is worth straining relations over. #ImACelebrityAU]]></document>
		<document><![CDATA[@robby26872 A "celebrity". Former Mr D Minogue.]]></document>
		<document><![CDATA[So Chris Smith is going into the jungle tomorrow. #ImACelebrityAU]]></document>
		<document><![CDATA[Let's fact it: the most apt description for Tom Arnold is "Rosanne Barr's Ex-Husband".  #ImACelebrityAU]]></document>
		<document><![CDATA[Ash knows how to use flint. Steve Price once interviewed David Flint. #ImACelebrityAU]]></document>
		<document><![CDATA[I hope Casey's reading of maps is better when she does her Uber driving. #ImACelebrityAU]]></document>
		<document><![CDATA[Tom Arnold......."Movie Star"???? #ImACelebrityAU]]></document>
		<document><![CDATA[@VincentAlvaro I'm switching between them.]]></document>
		<document><![CDATA[It's understandable that Steve Price is particularly concerned about the water rising.  #ImACelebrityAU]]></document>
		<document><![CDATA[Actually Ash we don't know you from anything? #ImACelebrityAU]]></document>
		<document><![CDATA[Why are Steve Price's eyebrows at 45 degree angles? #ImACelebrityAU]]></document>
		<document><![CDATA[I love to crochet so much I don't know how to pronounce it. #ImACelebrityAU]]></document>
		<document><![CDATA[Nigel Kennedy is a man for all Four Seasons. #ausopen]]></document>
		<document><![CDATA[Reading and enjoying Julia Baird's "Victoria: The Woman who Made the Modern World". Its description of early 1800s London is exceptional.]]></document>
		<document><![CDATA[How things change. In 2008 a speaking tour of Australia by Donald Trump was cancelled for lack of interest: https://t.co/1KHNLQtRG2 #Trump]]></document>
		<document><![CDATA[@MattThomas1405 Ha! Using the term the way the industry uses it.]]></document>
		<document><![CDATA[Yes you did. And crossing party lines to support Gonski was especially appreciated. Thanks for your service. #auspol https://t.co/IIPbfP4IuS]]></document>
	</documents>
</author>