<author lang="en">
	<documents>
		<document><![CDATA["Now over 10,000 packages in R" https://t.co/oxw5o5avCC]]></document>
		<document><![CDATA["OpenAIRE workshop on impact and measurement of Open Access | Newsletter items" #_favs #feedly https://t.co/6N6cDVsCMx]]></document>
		<document><![CDATA[@CameronNeylon @brembs @emckiernan13 Aside: would you use sci-hub? Or do you not use sci-hub on principle?]]></document>
		<document><![CDATA[.@jpiwowar + i thought marrying in feb was brilliant. We forgot one/both wld have cold on 83% of anniversaries :(  happy 16 sweetie! #cough]]></document>
		<document><![CDATA[.@jasonpriem and @juancommander are talking today as part of @sfu_library + @ubclibrary's Research Bazaar… https://t.co/QRyFqFpT8b]]></document>
		<document><![CDATA[@j_lauters great bio :)]]></document>
		<document><![CDATA[@juancommander @oaDOI_org nope!  just call the get endpoint 25x as much and as fast as you were going to call post :)]]></document>
		<document><![CDATA[@quinnnorton it already has.]]></document>
		<document><![CDATA[@quinnnorton yup.  i know.  been there.  you are not alone.  thanks for talking about it.]]></document>
		<document><![CDATA[The NIH Public Access Policy: A triumph of green open access?https://t.co/6yqzLk4DRw]]></document>
		<document><![CDATA[Pretty cool!  You can estimate the birthdate of a webpage:  https://t.co/yD2dP4EeV3  ht @aarontay https://t.co/zAxO8FCryt]]></document>
		<document><![CDATA["likely not all..content..on GSchol is..legal,..unlikely average researcher will notice or worry about it" #truth https://t.co/zAxO8FCryt]]></document>
		<document><![CDATA[My current view. (is @DrJBacteria -- we swapped twitter addresses :) ) #womensmarch #openscience https://t.co/3vgBDK7gb9]]></document>
		<document><![CDATA[On our way to the #WomensMarch in Vancouver Canada. https://t.co/PH8x5xw7Ge]]></document>
		<document><![CDATA[@KelleherBex @rscsam If BASE indexes and @oaDOI_org doesn't find it, sounds like a bug, let us know (see bottom https://t.co/S8XiRh5R2O) :)]]></document>
		<document><![CDATA[@KelleherBex @rscsam Does Cronfa have an OAI-PMH endpoint?  If so, recommend that BASE indexes it!  https://t.co/3R27jLIJCF]]></document>
		<document><![CDATA[@ChemConnector Not right now. It's just a read-only endpoint: https://t.co/h05KJZw23L  Happy to answer any qs in twitter or email!]]></document>
		<document><![CDATA[@ChemConnector Yup!  The redesigned site's code is here:  https://t.co/EIXNbP7OGD]]></document>
		<document><![CDATA[TFW you get to a section called "Illegality Index" in a paper about #openaccess that you are reading on #scihub. https://t.co/totzgzj3iT]]></document>
		<document><![CDATA["Metrics for openness" https://t.co/qiAxkVAOc7 is closed access.  Darn this gets old, doesn't it?  #scihub to the rescue, yet again.]]></document>
		<document><![CDATA[@_inundata Agreed :)  Have you heard anything about when they might get back?]]></document>
		<document><![CDATA[Also, anybody heard about a Arnold Foundation Open Science grant submission? Guessing they were swamped. At this point is no news bad news??]]></document>
		<document><![CDATA[Looking forward to hearing about RWJF #openaccess grant final decisions today!!! #fingerscrossed  Anyone heard yet?]]></document>
		<document><![CDATA[good perspective check: The Risk of Discovery https://t.co/crMIyqDWSj]]></document>
		<document><![CDATA[Excited to be part of #aas229 panel talking about software incentives with @depsy_org!]]></document>
		<document><![CDATA[@gthorisson Hi Mummi! long time no see :) i'm in iceland for a few days!  are you in reykjavik?  are you free for a coffee or beer??]]></document>
		<document><![CDATA[@PussyhatProject my daughter and i crocheted two of them, gave to fam as gifts. i'm new to crochet so was hard but… https://t.co/VMZ67NGjoK]]></document>
		<document><![CDATA[@labroides it was :)  thanks for the feedback, it makes it even more fun to share.]]></document>
		<document><![CDATA[@_inundata not this trip.  we actually had 3 more suitcases.  including one that was pretty much all books.  #heavy]]></document>
		<document><![CDATA[made it :)   great trip.  #TRAIN! out. https://t.co/ROzfOph0hC]]></document>
		<document><![CDATA[and now on our last leg!  fancy sleeper car from chicago to just past pittsburgh, eta 7am.  yay one more train slee… https://t.co/UEtspJQf1p]]></document>
		<document><![CDATA[we missed our #TRAIN! connection yesterday so had unexpected bonus fantastic day in chicago.  man i love chicago. https://t.co/nfa2I1S3ip]]></document>
		<document><![CDATA[today on the #TRAIN! i learned that montana is beautiful. and has practically no cell coverage. https://t.co/9U0U9SEGRa]]></document>
		<document><![CDATA[aboard!  and in our tiny cabin!  more pix in morning.  for now, sleeping to train noises tonight :)  #TRAIN! https://t.co/KDpqb8Lw9U]]></document>
		<document><![CDATA[our train!!  yay!!  next stop: chicago, in 1.5 days.  #TRAIN! https://t.co/0WM6Y7cpPT]]></document>
		<document><![CDATA[bus detour done: made it to spokane. not as fancy a station, but i like it still has train station seats! #TRAIN! l… https://t.co/3v4YRLFd8A]]></document>
		<document><![CDATA[this is fun :)]]></document>
		<document><![CDATA[(had a nice 4hrs walking around seattle.  and it's station is small but pretty!  #TRAIN! ) https://t.co/P6phBUHTJ9]]></document>
		<document><![CDATA[due to weather delays in eastern WA, our next train is a bus #TRAIN! #BUS!  8 hours to spokane, will catch train ag… https://t.co/s3VAM9zdZC]]></document>
		<document><![CDATA[end of first leg!  suspect we may look worse for wear after 2.5 more days on train :) #TRAIN!  yvr to pit https://t.co/9Nvg6ETS7y]]></document>
		<document><![CDATA[seattle!  '100 detraining, and 100 new friends joining us'. thanks amtrak cascades! my fam off to find empire builder to chicago. #TRAIN!]]></document>
		<document><![CDATA['many of the songs that artists cover the most are free and in the public domain' https://t.co/O7vwDd52lJ]]></document>
		<document><![CDATA[getting into farms, pacific northwest style.  looking forward to seeing thousands of miles of styles, up close and… https://t.co/f7bkWRBZgJ]]></document>
		<document><![CDATA[south of bellingham is amazing. little coves and big trees and green everywhere. bonus train tunnels.  #TRAIN! #suckerforthepacificnorthwest]]></document>
		<document><![CDATA[first station stop!  Bellingham. Very pretty, right on the water. And so many train whistles.  love.  #TRAIN! https://t.co/YzEKSjiLob]]></document>
		<document><![CDATA[they didn't ask us to solve for how fast we'd had to have gone for last 10 miles to make it, but that would have been fun :) #TRAIN!]]></document>
		<document><![CDATA[since we're late, we're intercepting north bound freight train in nonstandard place. single track. pulling over to let them pass. #TRAIN!]]></document>
		<document><![CDATA[@markmoby :)  sounds like there is a good story there.]]></document>
		<document><![CDATA[border at blaine. could finally get a good look at this statue @jasonpriem and i have often admired from car #TRAIN! https://t.co/h7HfTHE8gc]]></document>
		<document><![CDATA[@kevingashley agreed! and is great for many ages. daughter is 10, feels like one of the great times :)]]></document>
		<document><![CDATA[Husband got call from amtrak... looks like seattle to spokane leg may be by bus due to weather. the journey is the destination :) #TRAIN!]]></document>
		<document><![CDATA[@markmoby :)  in white rock now.  interestingly no snow on ground here at all!  surprisingly local.]]></document>
		<document><![CDATA[there we go, that's an even better ocean one.  #TRAIN!  Going south.  will be at usa border in 10 mins. https://t.co/p5Yk5hmJ18]]></document>
		<document><![CDATA[@markmoby yup :)  on way to seattle, then pittsburgh.  agreed re travel today!]]></document>
		<document><![CDATA[right beside the pacific ocean for this bit. storing up water views before a few days of prairies #TRAIN! https://t.co/AZPsNS7w2X]]></document>
		<document><![CDATA[the train bridge, from on the train bridge, in a train.  fraser river, 30km from where i grew up.  #TRAIN! https://t.co/VNHW4PY6es]]></document>
		<document><![CDATA[@mysnuggle gah!  that's serious!  love the caps, captures the feeling exactly.]]></document>
		<document><![CDATA[@MicroWavesSci @Amtrak_Cascades it is :)]]></document>
		<document><![CDATA[cheerful announcer lady said we are an hour behind schedule.  we've been on board an hour and a half.  :) #snow… https://t.co/iSvXDFZyO7]]></document>
		<document><![CDATA[the start.  #TRAIN! https://t.co/K6g4WojK2z]]></document>
		<document><![CDATA[do we need to eat the fruit we bought onboard before border? perhaps. tho, since still stopped in vancouver that won't be hard #TRAIN!]]></document>
		<document><![CDATA[@ethanwhite wow yeah.  that sounds very comfortable.  slightly envious :)  but this is its own kind of awesome for sure.]]></document>
		<document><![CDATA[i love vancouver.  it's fun and funny how this is canada, but we are so unprepared for cold and snow #TRAIN!… https://t.co/X1C157pgDw]]></document>
		<document><![CDATA[so far: 1.25 hours, still inside vancouver city limits.  had to stop 2 times for crew to dig out frozen switches. #TRAIN!]]></document>
		<document><![CDATA[i think will tweet with #TRAIN! in homage to @maggiekb1's tweet thread (https://t.co/4QfIyp4Ji1).  travel tweeting ftw.]]></document>
		<document><![CDATA[found it!  @maggiekb1 live tweeted her amtrak trip in 2012 and it was awesome: https://t.co/4QfIypmkGB  #TRAIN!  :)]]></document>
		<document><![CDATA[a twitter friend once live tweeted their long distance train trip, and it was awesome. anyone remember that? know hashtag so i can find?]]></document>
		<document><![CDATA[all aboard! family adventure: train from vancouver to pittsburgh.  starting on this early early monday morning, in… https://t.co/x3lFz5OC6S]]></document>
		<document><![CDATA[@hedgielib @jasonpriem no problem, was a crazy week :)  nope don't need it any more -- but will let you know if we get funded :)]]></document>
		<document><![CDATA[we submitted a grant proposal today, just a few hrs after i recovered from 24hr food poisoning. teamwork ftw: @jasonpriem made it possible!]]></document>
		<document><![CDATA[@preater @oaDOI_org thanks!  good info. will look into it and fix. multiple grant proposals due so may take us a few days.]]></document>
		<document><![CDATA[got it!  Thanks :)]]></document>
		<document><![CDATA[@badgerbouse cool!  would love to send you a draft proposal and get your thoughts if up for that, could you email me?  team@impactstory.org]]></document>
		<document><![CDATA[@badgerbouse cool!  is high percentage of your institution biomed by any chance?]]></document>
		<document><![CDATA[@hedgielib cool!  sending email :)]]></document>
		<document><![CDATA[Anybody considering a institutional #OA policy, or have an OA policy they'd like to monitor?  Have a q for you about an idea :)]]></document>
		<document><![CDATA[@preater Hi!  Yup I am :)  (or @oaDOI_org works too)]]></document>
		<document><![CDATA[@sandy_cliff no not deliberate.  which site are we crawling inappropriately?  thanks!]]></document>
		<document><![CDATA[@sandy_cliff @oaDOI_org we're figuring out which articles in BASE that don't have license info have free full text]]></document>
		<document><![CDATA[@Shawhelp @KurtWerby also down here, also fairview slopes]]></document>
		<document><![CDATA[anyway, putting it out there in case a good holiday project for someone. :)]]></document>
		<document><![CDATA[.@oaDOI_org only includes preprint repos with oaipmh interfaces at the moment. this means no @biorxivpreprint :( but a wrapper would fix it!]]></document>
		<document><![CDATA[idea came about in great #opencon convo w @jessicapolka, @jasonpriem, and others. is so cool anyone can build this wrapper because apis!]]></document>
		<document><![CDATA[anyone want to build @CrossrefOrg api to OAI-pmh endpoint for @biorxivpreprint dois, so @BASEsearch can index, so @oaDOI_org oadoi can find?]]></document>
		<document><![CDATA[@joewass @juancommander @karlward We would LOVE Chronograph data as dump and API! Anything we can do to help make this happen?  soon?  :)]]></document>
		<document><![CDATA[@AdeptScale Can I set that somewhere?  The expected response time skyrocketing to 10 seconds is when I want to up dynos.  Thanks!]]></document>
		<document><![CDATA[@AdeptScale Hi!  Your contact form is broken.  I'm a heroku customer and have a Q.  Expected response time of my app is more than 3 secs...]]></document>
		<document><![CDATA[I'm going to be in a reddit AMA today about #oa! 10am Pacific.  Come ask questions! More details: https://t.co/DARoEK5RUL]]></document>
		<document><![CDATA[@iaravps awww :)  That's really nice.   Super happy to meet you in person finally too, Lara :)]]></document>
		<document><![CDATA[so excited to be at #opencon!! :)]]></document>
		<document><![CDATA[I just forked the github repo of a library, made small change, tested it, and sent author a PR. #firsttime #soeasy  :) :) yay open source!!]]></document>
		<document><![CDATA[@McDawg that's a crazy gif.  love it :)]]></document>
		<document><![CDATA[@MurielRiester oooh are those oaDOI bookmarks?  That's awesome!!!  What a great idea :)  cc @oaDOI_org]]></document>
		<document><![CDATA[Wish i were in the usa today.  I miss you, my adopted country.  You are great.]]></document>
		<document><![CDATA[@maths1Bsummer16 Thanks for letting us know!  Improvements on the way :)]]></document>
		<document><![CDATA[@Protohedgehog took a while, but learned a lot, and had good confidence to speak.]]></document>
		<document><![CDATA[@Protohedgehog i loved loved Pimsleur tapes.  #fromBackWhenThereWereTapes]]></document>
		<document><![CDATA[@betsyrolland @AndreaWiggins i have a sundress or two i've decided they go with :)  not sure what my winter plan is yet...]]></document>
		<document><![CDATA[good read: A surprisingly obvious way to incentivize openness in academia" #altmetrics #humetrics by @skonkiel  https://t.co/kIHtYJWUOx]]></document>
		<document><![CDATA[@AndreaWiggins i bought some a few months ago.  earned mine by 20years of listening to country music, i decided.  :)]]></document>
	</documents>
</author>