<author lang="en">
	<documents>
		<document><![CDATA[I'm gonna have a crackin' sleep tonight if Efe signs for Blackburn. #bomscare]]></document>
		<document><![CDATA[Really don't think deadline day ever lives up to the hype generated by Sky Sports. No matter what team you support. #jimwhiteisafannyanaw]]></document>
		<document><![CDATA[Astounded that this man is the President 😮 https://t.co/QHmZZ0MSAi]]></document>
		<document><![CDATA[Clearly desperate to get away from a tinpot club in a big boys league. https://t.co/GDU06gTJVg]]></document>
		<document><![CDATA[Don't want Gordon leaving. Aye he's 34 but I think keepers get better by age. Fuck the scramble of trying to replace him in this window.]]></document>
		<document><![CDATA[Paradise bound. 'Mon the sellik 🍀]]></document>
		<document><![CDATA[I #ScrumTogether with @DoveMen to win #SCOvIRE RBS 6 Nations tickets. Pick your match by 8pm &amp; you could too https://t.co/H0HOQYMZUP]]></document>
		<document><![CDATA[See if I see another pointless "Indy ref 2" poll on here I'm gony bounce this phone off a wa']]></document>
		<document><![CDATA[Be good to see him get more game time in the top flight if not with us. https://t.co/x8BVI9EoIx]]></document>
		<document><![CDATA[T2 tickets purchased 😎]]></document>
		<document><![CDATA[Fool you if you put Liverpool on your coupon. Not worth it with those odds.]]></document>
		<document><![CDATA[@FraserKeegan I have no argument of objection to that statement.]]></document>
		<document><![CDATA[Can't wait for 1 team to let me down on my coupon once again 😊😊]]></document>
		<document><![CDATA[@camryn_rfc I dinny get these trippers fae Edinburgh going oot to protest 😂 Get tae the pub and chat tae a stranger about it instead.]]></document>
		<document><![CDATA[That Calum Ferguson's accent is criminal 😷 Get him binned.]]></document>
		<document><![CDATA[@camryn_rfc I don't have an opinion on him either way. I say give him a chance.]]></document>
		<document><![CDATA[@camryn_rfc oft, bet it's no coming oot his pocket.]]></document>
		<document><![CDATA[Dino what folk are worried about. Trump will just get killed off if he gets too much for the yanks. Missing airline, tunnel crash. Ye know.]]></document>
		<document><![CDATA[Glad to have Lustig signed up. The boys Celtic daft and gives his all 🍀]]></document>
		<document><![CDATA[@BillyBhoy88 a hud that last week for a cutla days. Didn't say anything about being used elsewhere. Ignored it and it's fine. No pass change]]></document>
		<document><![CDATA[It would appear it's going against Kinloch at the moment 😬]]></document>
		<document><![CDATA[@Aidan67_ Certainly wouldn't be GMS. He's no got a shag in him.]]></document>
		<document><![CDATA[Life is shite without the tic. Glad we're back next weekend 🍀 https://t.co/cKdHHY9jKf]]></document>
		<document><![CDATA["Summer Harl" is trending in the search bar on Facebook now yer da's had wind of her leaving Twitter.]]></document>
		<document><![CDATA[Cannot wait for the mass exodus of the English Premier League 😊]]></document>
		<document><![CDATA[@MichaelBCoyle81 Ye can get them without the daft wee "adidas" bit in white.]]></document>
		<document><![CDATA[@JaYLynch_ Best look out your camping gear for the release]]></document>
		<document><![CDATA[@JaYLynch_ Meant to be comfy as fuck those. Managed to get rid of Manchester GT's. Some daft cunt paid £50 over retail.]]></document>
		<document><![CDATA[@JaYLynch_ I have to agree with you there. Some of the CW's that have been released are absolutely boggin']]></document>
		<document><![CDATA[@GreggsOfficial @strainey71 Got to pay VAT if you keep things heated? Wtf]]></document>
		<document><![CDATA[I see the "DAB" has trickled over into 2017. Shame that.]]></document>
		<document><![CDATA["Scotland still won't make it" - All Yer Da's for the next day or two #worldcup]]></document>
		<document><![CDATA[@FraserKeegan Do you normally carry a ruler into the men toilets?]]></document>
		<document><![CDATA[Slow news day? https://t.co/QQRwW1H7AY]]></document>
		<document><![CDATA['Mon the cabbage tonight 🍀]]></document>
		<document><![CDATA[@Sco2hot Indont feel sorry for him, he's still taking in the £££'s!]]></document>
		<document><![CDATA[Is he just back from a 3 day bender with the fear rippin' clean out of him? https://t.co/peRFEX5DgO]]></document>
		<document><![CDATA[Wtf 😂😂 Hurting much? https://t.co/2GIuItznxq]]></document>
		<document><![CDATA[Chissys playing out his skin]]></document>
		<document><![CDATA[Brilliant finish from Wright there 🎯]]></document>
		<document><![CDATA[Some game a spears! 🎯]]></document>
		<document><![CDATA[Let China spend their billions. They're clearly doing it to boost their viewing figures of the league. We won't watch that 💩 regardless.]]></document>
		<document><![CDATA[@SeanMaccaaa @BestforKodi Take a hammer to it, a hammer solves everything]]></document>
		<document><![CDATA[@RosskoC ah right. Hopefully it's the £4m]]></document>
		<document><![CDATA[@RosskoC Donwe not get the 10% of the sell-on fee?]]></document>
		<document><![CDATA[There's some amount of honkin' patter kicking about Twitter this evening.]]></document>
		<document><![CDATA[@stuart_jaffray @Aidan_Celtic Got to train to get fit. Prolly still not 100%]]></document>
		<document><![CDATA[Corey Cadby needs that lesbo hairdo chopped, pronto ✂️ #darts]]></document>
		<document><![CDATA[@wee_kezza @BBCMOTD @BBCSport Typical ignorance from the English]]></document>
		<document><![CDATA[Derbies that end in draw should be settled with their captains having a square go in the centre circle.]]></document>
		<document><![CDATA[What a shite game a fitba' #MNF]]></document>
		<document><![CDATA[@Melfyx is he on the gear by any chance?]]></document>
		<document><![CDATA[Cash oot or naw? https://t.co/NxPLu7gvsM]]></document>
		<document><![CDATA[@Gregco5088 It would appear he didn't.]]></document>
		<document><![CDATA[@Gregco5088 Nae idea neebor. Don't know the man. Just saw why he was at the game.]]></document>
		<document><![CDATA[@Gregco5088 @camryn_rfc @stuartkennedy77 @AgentScotland His son was the ballboy, hence why he was at the game.]]></document>
		<document><![CDATA[@Gowzer7 Agreed, even at half fit he'll boss that league.]]></document>
		<document><![CDATA[Just had to check the calendar to see if it was the 1st of April there 🤔 Someone's at the ham. https://t.co/uL7AVEc07v]]></document>
		<document><![CDATA[How many times does Khan need to get sparkled before he realises boxing just isn't for him? https://t.co/nJZYTAdRVe]]></document>
		<document><![CDATA[Time to rename the "champions" league. So a team might come fourth, that has never won their league, be stuck strai… https://t.co/zFPgAY0OBu]]></document>
		<document><![CDATA[@CiaranCurran365 I've got it on in the background. It's dire.]]></document>
		<document><![CDATA[@CiaranCurran365 Ah right! Canny see us winning EVERY game 😬]]></document>
		<document><![CDATA[@CiaranCurran365 Ehats the winnings on that?]]></document>
		<document><![CDATA[When yer da thinks yer maws having an affair... https://t.co/8qiZimboPr]]></document>
		<document><![CDATA[@Johnny_Scotland Only little bitches refer to their father as "daddy" 😏]]></document>
		<document><![CDATA[His accent does my box in]]></document>
		<document><![CDATA[Buzzin' for this man 👊🏼 https://t.co/YGXJkNPNVc]]></document>
		<document><![CDATA[Lovely from Leigh 🍀]]></document>
		<document><![CDATA[@AGT79 Got them. Arrived yesterday. Cheers 👍🏼]]></document>
		<document><![CDATA[@AGT79 Hi, sorry to bother you - I'm just wondering how long delivery usually takes? I ordered the 3 Oasis on the 25th Nov, still waiting.]]></document>
		<document><![CDATA[@jrw1888 I recon City will sell him to the highest bidder]]></document>
		<document><![CDATA[Show the Emptihad how real fans go to see their team 🍀👏🏼]]></document>
		<document><![CDATA[@FraserKeegan Same man. Got me and Bert a ticket.]]></document>
		<document><![CDATA[Great penultimate episode of #Westworld season 1 👍🏼👏🏼]]></document>
		<document><![CDATA[@chalmers53 Think you should have stayed on at School #maths]]></document>
		<document><![CDATA[@hammycfc Got that same deal mate. It's quality for the European nights 👍🏼]]></document>
		<document><![CDATA[Quick, get out the shoaps to buy things you don't need with money you can't spare!]]></document>
		<document><![CDATA[@DuncMcK7 @Tinthepark That's no big enough I'm afraid 😔]]></document>
		<document><![CDATA[Don't think Lustig will be getting a Christmas card from Neymar this year.]]></document>
		<document><![CDATA[Fuckin' rediculous throwing things at players.]]></document>
		<document><![CDATA[Waiting on one of these betting pages to claim they had over 11.5 goals on the Dortmund game.]]></document>
		<document><![CDATA[@ayrbhoy Watched it once, that again trumps Sky. Sky would have to replicate that if/when they win the champs league again.]]></document>
		<document><![CDATA[@ayrbhoy agreed. I got 6 months free for being with EE, I'd easily pay the £5er a month for it!]]></document>
		<document><![CDATA[That BT Sports app is brilliant. Switching games, goal notifications that take you straight to the goal, and direct links to goals missed!]]></document>
		<document><![CDATA[Seen more dashboards this morning on Facebook than a Salamander Street hooker. We get it, it's cauld ootside.]]></document>
		<document><![CDATA[Kovalev should have had the win there. 3 AMERICAN judges scored the AMERICAN, Ward. I smell shite.]]></document>
		<document><![CDATA[@HaighyBhoy it's finished gadge]]></document>
		<document><![CDATA[No been that steamin' in a long time. Feeling it today! Someone come and punch my cunt in.]]></document>
		<document><![CDATA[@satplexuk Retweeted to spread the word. I already have a sub.]]></document>
		<document><![CDATA[Someone should make a "YerDaBible"]]></document>
		<document><![CDATA[That @TheLadBible is a crock of shit now.]]></document>
		<document><![CDATA[@TheLadBible Proper "lad" bible shit 👎🏼👋🏼 https://t.co/DbcZG8FoDe]]></document>
		<document><![CDATA[Stone Island and Nike collaboration 👎🏼😷]]></document>
		<document><![CDATA[@FraserKeegan and they love a drug, as do we all.]]></document>
		<document><![CDATA[There should be a Still Game after every Scotland match.]]></document>
		<document><![CDATA[Can't wait 'til this blows over and we all start talking shite about something else. #borefest]]></document>
		<document><![CDATA["Fuck it, it'll be a laugh"]]></document>
		<document><![CDATA[@FraserKeegan I mind watching it in the Foremans. Place got turned upside down, pints flying everywhere. Then the goal came.]]></document>
		<document><![CDATA[Goosebumps watching some of them 💚 https://t.co/6UJTtHkpYH]]></document>
		<document><![CDATA[@iainde67 Lucky you, I'm at my graft. Thank god i didn't have a swally yesterday 😅]]></document>
	</documents>
</author>