<author lang="en">
	<documents>
		<document><![CDATA[@Spinprofessor thanks Claire! Will do! 🙂]]></document>
		<document><![CDATA[And so ends an epic three year chapter. Thanks for everything @cocamassey, you've been good to me. Zàijiàn.✌🏽😌]]></document>
		<document><![CDATA[Bittersweet times :: finishing up three years at CoCA next week and then off to China to teach design for a semester 👋🏽🇨🇳✈️ how bout dah.]]></document>
		<document><![CDATA[@thomaslebas wait, I still don't get where you were going with that though...]]></document>
		<document><![CDATA[@karlwkane @Raph_Roake second that. @coca222494 image and identity in my opinion a good option straight off the bat :)]]></document>
		<document><![CDATA[Shanghai bound to perform with @WOWAwardsShow ! Super excited and grateful for this, brb social media 🇨🇳👋🏽✈️✨ #firewallproblems]]></document>
		<document><![CDATA[Finally got the chance to take a proper look around #EXP16 ~ inspiring work #coca4, very proud 🙌 https://t.co/Io3AWllOM6]]></document>
		<document><![CDATA[@thomaslebas I may revert to that soon I'm getting hungry ⏰]]></document>
		<document><![CDATA[Great day for an #MDes cleanse 🔥🔥🔥 https://t.co/PsX0DR8NVC]]></document>
		<document><![CDATA[Awesome to be a part of the Creative Native panel at Kava Club tonight ~ so proud of our Māori &amp; Pasifika graduates. https://t.co/I7oucIyg2t]]></document>
		<document><![CDATA[Great article on our education system's racial divide giving me motivation this Monday morning 🔥✊🏽 https://t.co/P96CEFg3mi]]></document>
		<document><![CDATA[@jo_bailey so kind thanks Jo 😌🙏🏽]]></document>
		<document><![CDATA[Good luck to #coca4 for your presentations this week! You've worked so hard for this ~ be proud and enjoy it.]]></document>
		<document><![CDATA[Some amazing #coca3 #coca358 presentations this morning! Feeling proud. Get some well deserved sleep and have a great summer!]]></document>
		<document><![CDATA[Ya had to get in quick ~ Big thanks to @littlepenangnz for helping out tonight, always so generous! 🙌🏽 https://t.co/idccWJrXgz]]></document>
		<document><![CDATA[@jesssarahread you're so welcome! The homestretch struggle is still fresh in my mind, hope it helped (food helps everything) 😁🍴]]></document>
		<document><![CDATA[Dear students of Block 12, a little sustenance koha will be arriving on level E at around 8.15pm. #coca1 #coca2 #coca3 #coca4]]></document>
		<document><![CDATA[Survival tips for week 12 :: Naps and vitamins. Go well #coca1 #coca2 #coca3 #coca4 —you can do it 👊🏽👊🏽👊🏽]]></document>
		<document><![CDATA[Huge highlight bringing this garment to life for the Weta workshop section ~ thanks WoW 😌💁🏾✨ https://t.co/8alP9cYzGB]]></document>
		<document><![CDATA[Thank you! Needed! :) https://t.co/qgu41s5O9X]]></document>
		<document><![CDATA[@markjbradford Thanks so much MB :)]]></document>
		<document><![CDATA[@melaniejaane thanks Melanie :) hope you enjoyed the show ✨]]></document>
		<document><![CDATA[@thomaslebas bruh. this whole experience though...]]></document>
		<document><![CDATA[@Spinprofessor thanksssss! and thanks for coming! ☺️]]></document>
		<document><![CDATA[@CRMacEwan thank you! needed ✨✨✨]]></document>
		<document><![CDATA[#MDes survival package from @WOWAwardsShow 😭😭😭 first week of shows done and four days til hand in... https://t.co/pva1s3COgB]]></document>
		<document><![CDATA[@naaanz thanks Nanz! At the moment my goal is just to still be breathing at the end ha. Hope you're good!]]></document>
		<document><![CDATA[MDes exam in three weeks, MDes exegesis due in two weeks, WoW show opening in one week. What a time to be alive.]]></document>
		<document><![CDATA[2nd judging done and less than 3 weeks til showtime! 💪🏽💃🏽✨🎪Tickets still available - this year's show is epic. https://t.co/gWTIk8RMh5]]></document>
		<document><![CDATA[@karlwkane 10 mins knocked out + caffeine⚡️💊👌🏽😏]]></document>
		<document><![CDATA[Some great presentations today #coca3 👊🏽 looking forward to part 2 - good luck choosing a brief! https://t.co/9NIqYjQNsV]]></document>
		<document><![CDATA[@Raph_Roake you're welcome! hope your presentation went well :) 👊🏽🍬]]></document>
		<document><![CDATA[A snippet of some #mdes stuff 💃🏽👀 Full video at https://t.co/GtTR394QFt https://t.co/NjEWyVVpPX]]></document>
		<document><![CDATA[This thing I've been working on has taken its first steps. facebook, instagram, twitter :: @hikoimovement 👟👟 #mdes]]></document>
		<document><![CDATA[Today feels like a good day to finally put some work out... #mdes #hikoimovement https://t.co/a86y80oZkA]]></document>
		<document><![CDATA[@jason_ohara yes, yes they are, and yes it is.]]></document>
		<document><![CDATA[I just backed Enhanced eBook: Storytelling Through Dance on @Kickstarter https://t.co/FWkmoWl94Y 👊🏽Go friends go! @keonemadrid @marrrrriel]]></document>
		<document><![CDATA[@jason_ohara wasssssssuuuppppp! you may witness the worst of me, you've been warned.]]></document>
		<document><![CDATA[Welcome back everyone, may this be your best semester yet 👊🏽💯:: @cocamassey]]></document>
		<document><![CDATA[3 days of wearing art. #judgingtime https://t.co/uec11ZY3ke]]></document>
		<document><![CDATA[@karlwkane @jason_ohara thug life. https://t.co/KhEcoyp2nd]]></document>
		<document><![CDATA[Based on this ridiculous writing location, my exegesis is going to be completely amazing or completely non-existent. https://t.co/WH3e1kDa4Q]]></document>
		<document><![CDATA[@markjbradford @CRMacEwan @johannesbay @harryyyylmao Tighttttt, congratulations team! 👊🏽☺️]]></document>
		<document><![CDATA[@karlwkane  Friendster?! A handwritten note from class somewhere? 😂😁]]></document>
		<document><![CDATA[@fractaldesign I had the same reaction...]]></document>
		<document><![CDATA[A #coca4 blast from the past on my Facebook this morning... https://t.co/EMrKSFypZb]]></document>
		<document><![CDATA[Big shout out to @Digi_Durgie! - saving lives on hard drives since ages ago.]]></document>
		<document><![CDATA[@jason_ohara hahaha, i'm sure they'd accept other edible offers....]]></document>
		<document><![CDATA[@connahhazelwood sweet thank you! Will get all the downloads onto a hard drive soon!]]></document>
		<document><![CDATA[My definition of getting turnt this weekend. #makeitrain #mdes https://t.co/gXQ2xSlCPy]]></document>
		<document><![CDATA[A big #coca494 congratulations to Dr. @markjbradford on graduating today! #trustedtheprocess 💪🏽🎓🎉😃 https://t.co/SyNrB43VV2]]></document>
		<document><![CDATA[#coca494 Channel 4 rebrand by @4Creative :: https://t.co/QpAzeHpveG]]></document>
		<document><![CDATA[@Molly_Lewis_ yes they're extremely necessary 😁🍬]]></document>
		<document><![CDATA[When in doubt make another timeline and match m&amp;m's to your stuff. #mdes https://t.co/950yMg3Po3]]></document>
		<document><![CDATA[@coca222453 @Base_Design this is great, though the use of 'design' in #2 :: it implies ideas and concepts are not part of a design process?]]></document>
		<document><![CDATA[@samrye_enspiral nice huh? It's called "Art Without Compromise" by Wendy Richmond—all about creative practice. so far so good!]]></document>
		<document><![CDATA[The process. https://t.co/EQ7Z7HbfhA]]></document>
		<document><![CDATA[@annabelrw That was a memorable class for me too! #iloveideassssss]]></document>
		<document><![CDATA[@hollie_arnett That's great! You're welcome - I've just uploaded the exercises to Stream forum if you want that for reference also :) 💪🏽🖍]]></document>
		<document><![CDATA[@johannesbay you're very welcome :) looking forward to seeing your ideas evolve and take shape 🌶🌶🌶]]></document>
		<document><![CDATA[Thanks to everyone who invested in the creative processes workshop today! We appreciated your energy, hope it's useful going forward #coca4]]></document>
		<document><![CDATA["I can't understand why people are frightened of new ideas. I'm frightened of the old ones." - John Cage. #creativeprocessesworkshop #coca4]]></document>
		<document><![CDATA[Best seat in the house for Street Dance NZ National Finals tonight! Lessss go. #mdes 😎💃🏽 https://t.co/7ULuSbbOVa]]></document>
		<document><![CDATA[#coca494 'Beyond the hashtag' social media examples all on Stream.]]></document>
		<document><![CDATA[@CRMacEwan Yea cool - I don't allocate times for office hours so just turn up and I'll see you soon.]]></document>
		<document><![CDATA[Motivation Monday :: My friends can dance! https://t.co/N8BeqABomz]]></document>
		<document><![CDATA[Congratulations on crossing the Puna finish line so well #coca257 - all the best for Kaitiakitanga! @jason_ohara https://t.co/PEEjPYdOA0]]></document>
		<document><![CDATA[Defining the scope requires understanding what it isn't. Push and pull. #coca4]]></document>
		<document><![CDATA[@jesssarahread I am! 2-3pm on Level E north end, see you then.]]></document>
		<document><![CDATA[@coca222453 @annabelrw It's currently, "How can rhetoric and persuasion..." ...tbc. watch this space...]]></document>
		<document><![CDATA[@annabelrw the beauty and pain of it! You'll likely go through much much more as you go :)]]></document>
		<document><![CDATA[@annabelrw Just similar in word choice issue!.. Aka what do you mean by 'design'? A process, an end point etc.. Think 'slice of the pie'.]]></document>
		<document><![CDATA[Nice spotting a few @cocamassey faces supporting @saintswgtn tonight.. Rough loss but better luck next game 👊🏽🏀 https://t.co/0GY85rscsT]]></document>
		<document><![CDATA[Good fruits of labour from the break #coca257, keep up the pace 🏃💨 https://t.co/9pp71bNSKk]]></document>
		<document><![CDATA[@markjbradford super tight! I wish Wellington had one.]]></document>
		<document><![CDATA[On location for today's shoot :: the Christchurch Dance'O'Mat 💃🏽💃🏽💃🏽 https://t.co/ZdnQOnNeyc]]></document>
		<document><![CDATA[Video shoots and recruitment visits :: thanks Auckland 👊🏽 https://t.co/vKzBJNleXk]]></document>
		<document><![CDATA[Checking out the beautiful AKL @Designworking office with mr @phil_tanz. #friendsdoingfunthings https://t.co/I2eI6MEPrr]]></document>
		<document><![CDATA[A bit of Picasso at Epsom Girls' Grammar today. https://t.co/9TfMMcanWq]]></document>
		<document><![CDATA[@joshbarrnz sad signs of the times 📸]]></document>
		<document><![CDATA[@karlwkane @littlepenangnz char kway teow worth the 30min search for a park 😑 ..curry puffs on point as per usual. And takeaway?]]></document>
		<document><![CDATA[@connahhazelwood @coca222494 @NeveJordan @markjbradford whoop! looking forward to seeing what you bring tomorrow :)]]></document>
		<document><![CDATA[@jason_ohara tight!]]></document>
		<document><![CDATA[@markjbradford downloaded it yesterday 😬😬😬]]></document>
		<document><![CDATA[#coca494 homework updated on stream. Own it!]]></document>
		<document><![CDATA[manifesto writing attempt number one hundred and what is life... #mdes #hikoi]]></document>
		<document><![CDATA[Remembering the value of PLAY in today's #coca494 class... https://t.co/FTSS8ghxyb]]></document>
		<document><![CDATA[And don't forget to bring markmaking materials! #coca494 https://t.co/MG7i2YbeGl]]></document>
		<document><![CDATA[A good session today #coca257 but please check Stream for updates on homework. Collage action needed for Thursday 💨 https://t.co/KtU7Af0uop]]></document>
		<document><![CDATA[@ivalamkum @DaphneSeyb @ILOATIA I love you guys! Take me back already #555 😂😙]]></document>
		<document><![CDATA[@jamesmbull #coca494 ..Also discussed how the rise of new services/exp/apps have added to the safe-clean-simple-how-to rhetoric. #nospunk]]></document>
		<document><![CDATA[@jamesmbull @coca222494 Great talk thank you! Many of my thoughts articulated re sea of sameness especially.]]></document>
		<document><![CDATA[Great first day of semester with #coca257 underway... Welcome back everyone :)]]></document>
		<document><![CDATA[A good end-of-the-week design talk :: "Popular vs. Brilliant" https://t.co/ON4qVALVhf]]></document>
		<document><![CDATA[Yesterday's office for a special @WOWAwardsShow at @BrancottEstate in Blenheim for #SauvignonNZ :)💃#performancemode https://t.co/Yw8NQgYEUt]]></document>
		<document><![CDATA[How have I not heard about @hitRECord sooner? So tight. https://t.co/pTUTNAvZOd]]></document>
		<document><![CDATA[Tried something a little different yesterday with the beautiful @ivalamkum :) #collab #mdes https://t.co/DZ8BN4Hq2H]]></document>
		<document><![CDATA[@jason_ohara so looking forward to seeing the rest of this campaign!]]></document>
		<document><![CDATA[this is crazy. https://t.co/QNK3kid98U]]></document>
		<document><![CDATA[Auckland's Franklin Rd christmas lights feat #RedPeak https://t.co/dEJtMjPEXG]]></document>
	</documents>
</author>