<author lang="en">
	<documents>
		<document><![CDATA[5 people followed me and 2 people unfollowed me // automatically checked by https://t.co/5ZFD3jYkHQ]]></document>
		<document><![CDATA[2 people followed me // automatically checked by https://t.co/5ZFD3jYkHQ]]></document>
		<document><![CDATA[This makes me SO MAD!!! https://t.co/jgLSsNu7xY]]></document>
		<document><![CDATA[Not enough words to describe this man. U can tell he is hurting over what has become his country today. Wise words… https://t.co/qaxSoq8Hj4]]></document>
		<document><![CDATA[@rizmc times like these, I want to put sour times on repeat and punch something repeatedly!]]></document>
		<document><![CDATA[one person unfollowed me // automatically checked by https://t.co/5ZFD3jYkHQ]]></document>
		<document><![CDATA[3 people followed me and one person unfollowed me // automatically checked by https://t.co/5ZFD3jYkHQ]]></document>
		<document><![CDATA[one person followed me and 2 people unfollowed me // automatically checked by https://t.co/5ZFD3jYkHQ]]></document>
		<document><![CDATA[@IconFilm @rizmc @billiepiper ahh can't wait to watch this!]]></document>
		<document><![CDATA[3 people followed me and one person unfollowed me // automatically checked by https://t.co/5ZFD3jYkHQ]]></document>
		<document><![CDATA[Doesn't feel right going in a draw to win something for donating..a tweet from @rizmc is always welcome though https://t.co/FiPY0l7kBx]]></document>
		<document><![CDATA[Watched this too many times! Ahhh the feels #MerylStreep is a true boss! https://t.co/7oLz4WeZwt]]></document>
		<document><![CDATA[All the best to my fav @rizmc for the #GoldenGlobes and don't forget to checkout his amazing #10for10 initiative https://t.co/Ofb6r87NZa]]></document>
		<document><![CDATA[one person followed me // automatically checked by https://t.co/5ZFD3jYkHQ]]></document>
		<document><![CDATA[4 people followed me and 3 people unfollowed me // automatically checked by https://t.co/5ZFD3jYkHQ]]></document>
		<document><![CDATA[3 people followed me and one person unfollowed me // automatically checked by https://t.co/5ZFD3jYkHQ]]></document>
		<document><![CDATA[2 people followed me and one person unfollowed me // automatically checked by https://t.co/5ZFD3jYkHQ]]></document>
		<document><![CDATA[Obsessed with @fomodaily]]></document>
		<document><![CDATA[@HIMANSHU @rizmc @Redinho can't wait to see it!]]></document>
		<document><![CDATA[one person followed me and one person unfollowed me // automatically checked by https://t.co/5ZFD3jYkHQ]]></document>
		<document><![CDATA[Finally! https://t.co/a4kUf8vp0O]]></document>
		<document><![CDATA[Nots and crosses.. I agree 👏 @rizmc]]></document>
		<document><![CDATA[If the bachelor was any indication of how things may go then Matty will not be the winner because everyone wants him to be  #bacheloretteau]]></document>
		<document><![CDATA[I really do not need the distraction of #BiggBoss10 in my life but this creepy priest though]]></document>
		<document><![CDATA[Just when I thought Riz Ahmed could not get any more brilliant I watched his interview on #JimandSam Everything he said was on point @rizmc]]></document>
		<document><![CDATA[Always a #SydneyFc fan but cheerin on the main man @Tim_Cahill tonight!!!!]]></document>
		<document><![CDATA[@SrBachchan  a true artist who does not shy away from bringing important issues to the forefront and @taapsee was absolutely brilliant #pink]]></document>
		<document><![CDATA[Just watched #Pink! Wow sheer brilliance! It is far greater than a movie.. it is a depiction of various issues that needs to be addressed]]></document>
		<document><![CDATA[Well this show was a waste of time 😩😩😩😩😩😩 #TheBachelorAU]]></document>
		<document><![CDATA[#MrRobot a bit of a dissapointment this season 😩]]></document>
		<document><![CDATA[4 people followed me // automatically checked by https://t.co/5ZFD3jYkHQ]]></document>
		<document><![CDATA[Hooked on #TheNightOf .. might just finish the series tonight]]></document>
		<document><![CDATA[2 people followed me and one person unfollowed me // automatically checked by https://t.co/5ZFD3jYkHQ]]></document>
		<document><![CDATA[So glad that Riz Ahmed stayed true to himself and did what he does best 😎 this is the real him peeps.  #truefan https://t.co/tipVTPb0sn]]></document>
		<document><![CDATA[@rizmc @colbertlateshow just watched it..you did great! Especially the rhymes..thay's the Riz Ahmed we like to see!]]></document>
		<document><![CDATA[2 people followed me and one person unfollowed me // automatically checked by https://t.co/5ZFD3jYkHQ]]></document>
		<document><![CDATA[Mr. Robot how I missed you]]></document>
		<document><![CDATA[3 people followed me and one person unfollowed me // automatically checked by https://t.co/5ZFD3jYkHQ]]></document>
		<document><![CDATA[@llkhan8 Go find him this weekend lol]]></document>
		<document><![CDATA[Well said!!! What an incredible person!! We need more people like him in the world. https://t.co/PwXcuabpTA]]></document>
		<document><![CDATA[#MyTrueHero Thor. Duhh]]></document>
		<document><![CDATA[Just finished watching all of #TheGetDown now what?!]]></document>
		<document><![CDATA[Keen to watch @Tim_Cahill play football locally! #beenwaiting #wehadfaith #timcahillthelegend #ALeague #stillasydneyfcsupporterthough  😅]]></document>
		<document><![CDATA[Loving all the coverage on Fiji's win on channel 7 :) gold medal for us babyyyy #Rio2016Olympics]]></document>
		<document><![CDATA[4 people followed me // automatically checked by https://t.co/5ZFD3jYkHQ]]></document>
		<document><![CDATA[2 Golds!!! #winning #RioOlympics2016]]></document>
		<document><![CDATA[3 people followed me and 5 people unfollowed me // automatically checked by https://t.co/5ZFD3jYkHQ]]></document>
		<document><![CDATA[3 people followed me and 2 people unfollowed me // automatically checked by https://t.co/5ZFD3jYkHQ]]></document>
		<document><![CDATA[Best thing I've seen today lol https://t.co/L7uiShfbs3]]></document>
		<document><![CDATA[Finally watching #thenightof and love it!!! @HBO @rizmc]]></document>
		<document><![CDATA[5 people followed me and one person unfollowed me // automatically checked by https://t.co/5ZFD3jYkHQ]]></document>
		<document><![CDATA[@8913639cda89437 i think you totally missed the point!]]></document>
		<document><![CDATA[Got 3 new classes this term. Great! It will take me another term to learn their names!  #teacherlife #teacherproblems]]></document>
		<document><![CDATA[@8913639cda89437 I am outraged. Please do not try and start something without knowing a person.]]></document>
		<document><![CDATA[@8913639cda89437 yes ofcourse, not denying that at all]]></document>
		<document><![CDATA[@llkhan8 destroying your surroundings and forcing you to witness destruction on a daily basis. Nope we got no clue!]]></document>
		<document><![CDATA[Thank you Waleed for your compassion and saying what alot of us are feeling. #constructionnotdestruction #TheProjectTV]]></document>
		<document><![CDATA[@amyschumer @HBO @rizmc @llkhan8 you should watch]]></document>
		<document><![CDATA[Just watched #MeBeforeYou and... 😢😢😢😢😢]]></document>
		<document><![CDATA[Broken Record on repeat 😍 #sogood  @Krewella]]></document>
		<document><![CDATA[Just binge watched @ShadowhuntersTV on netflix in 2 days. Now what? I can't wait till 2017... umm they are not brother and sister...right?!]]></document>
		<document><![CDATA[2 people followed me and 2 people unfollowed me // automatically checked by https://t.co/5ZFD3jYkHQ]]></document>
		<document><![CDATA[@rizmc @ColliderNews cant wait to watch.]]></document>
		<document><![CDATA[3 people followed me and one person unfollowed me // automatically checked by https://t.co/5ZFD3jYkHQ]]></document>
		<document><![CDATA[@arjun_kanungo really impressed with the fursat video clip. Shot brilliantly and definitely got me the first time 🙈 #beautifulvoice]]></document>
		<document><![CDATA[Finally watching #Neerja so emotional. She was truly an angel! May she rip!]]></document>
		<document><![CDATA[4 people followed me and 2 people unfollowed me // automatically checked by https://t.co/5ZFD3jYkHQ]]></document>
		<document><![CDATA[2 people followed me and 4 people unfollowed me // automatically checked by https://t.co/5ZFD3jYkHQ]]></document>
		<document><![CDATA[@rizmc No..thank you for making music that all the brown kids can identify with!!]]></document>
		<document><![CDATA[@ZabMustefa @sunny_hundal @TellMamaUK horrible.]]></document>
		<document><![CDATA[@nikeshshukla incredible talent indeed]]></document>
		<document><![CDATA[Just listened to Benaz..WOW! I cannot even find the words..So powerful!! @rizmc amazing work! 👏👏👏👏#Englistan]]></document>
		<document><![CDATA[@zaynmalik That Thor though!!! #needthatinmylife]]></document>
		<document><![CDATA[@namik_paul perhaps I'm just bias because Marvel is my favourite 🙈 well I'm hoping Captain America will make up for it! P.s great show!]]></document>
		<document><![CDATA[@namik_paul it was boring! Except for the last 30mind and Wonder Woman!]]></document>
		<document><![CDATA[@KishwerM @IBNLiveMovies i always liked you but you were wrong here..he had the right to be confident and he deserved to win &amp; is one!!]]></document>
		<document><![CDATA[The real winner for me is @iamRishabhSinha great things ahead for this guy 😙 #BiggBoss9]]></document>
		<document><![CDATA[2 people followed me // automatically checked by https://t.co/5ZFD3jYkHQ]]></document>
		<document><![CDATA[one person followed me // automatically checked by https://t.co/5ZFD3jYkHQ]]></document>
		<document><![CDATA[The fact that #bigboss doesn't do anything when tasks gets physical shows that entertainment is everything for them. Sad! @BeingSalmanKhan]]></document>
		<document><![CDATA[one person followed me and one person unfollowed me // automatically checked by https://t.co/5ZFD3jYkHQ]]></document>
		<document><![CDATA[2 people followed me // automatically checked by https://t.co/5ZFD3jYkHQ]]></document>
		<document><![CDATA[India you have one of the highest populations in the world, yet you can't find hindi speaking contestants to go on big boss? #BiggBoss9 😑]]></document>
		<document><![CDATA[Prepared for my lessons tomorrow and for my new school next year and still going #mondaymotivation #onfire]]></document>
		<document><![CDATA[Yep going to Corsica after watching #Tamasha]]></document>
		<document><![CDATA[@rizmc not bad! Happy birthday and best wishes]]></document>
		<document><![CDATA[5 people followed me and 3 people unfollowed me // automatically checked by https://t.co/5ZFD3jYkHQ]]></document>
		<document><![CDATA[8 people followed me and one person unfollowed me // automatically checked by https://t.co/5ZFD3jYkHQ]]></document>
		<document><![CDATA[@rizmc @tweetskindeep great interview. Thoroughly enjoyed reading it! Especially the second last response..well said!]]></document>
		<document><![CDATA[6 people followed me and one person unfollowed me // automatically checked by https://t.co/5ZFD3jYkHQ]]></document>
		<document><![CDATA[Finally finished watching #MrRobot &amp; feeling kinda empty 😣 Season 2 needs to come out asap! Absolutely love @ItsRamiMalek on it!! #bestshow]]></document>
		<document><![CDATA[4 people followed me and one person unfollowed me // automatically checked by http://t.co/5ZFD3jYkHQ]]></document>
		<document><![CDATA[8 people followed me and 3 people unfollowed me // automatically checked by http://t.co/5ZFD3jYkHQ]]></document>
		<document><![CDATA[When you are in disbelief when something amazing happens to you, but you know you worked hard for it 👐 #greatful]]></document>
		<document><![CDATA[Downloading Paki dramas on my ipad for my Europe trip.. yeh i know how ridiculous that sounds but I'm addicted 😣]]></document>
		<document><![CDATA[Finally watching #Narcos so far so good]]></document>
		<document><![CDATA[@llkhan8 exactly. Add him on snapchat..it shows him in Greece meeting refugees and showing genuine concern. Something the media won't show]]></document>
		<document><![CDATA[@AmirKingKhan such an amazing thing you guys are doing. May allah continue to bless you both so you continue to help those in need]]></document>
		<document><![CDATA[Touched by the snapchats of @AmirKingKhan in Greece meeting and providing aid to the Syrian refugees. Lots of duas to him]]></document>
		<document><![CDATA[11 people followed me and 4 people unfollowed me // automatically checked by http://t.co/5ZFD3jYkHQ]]></document>
	</documents>
</author>