<author lang="en">
	<documents>
		<document><![CDATA[@SeanyJB69 weekend of judgement.. when she had all the tweets read out about her &amp; Luisa told her how horrible she was being to Jedward etc]]></document>
		<document><![CDATA[Notice how nice Nicola is being since she got told about herself #CBB]]></document>
		<document><![CDATA[Peter Andre has got a bit of an unfair advantage on #LipSyncBattleUK hasn't he.. I mean it is what he does for a living isn't it?!]]></document>
		<document><![CDATA[Oh stop it Jamie &amp; Bianca you cringe bags 😫 #CBB]]></document>
		<document><![CDATA[Nicola don't give a fucking fuck what Jedward think yet now she's sitting there with a face full of makeup #CBB]]></document>
		<document><![CDATA[Christ!! Nicola is turning into Kim number 2!! #CBB]]></document>
		<document><![CDATA[@Melvinodoom @RickieHW @charliehedges @KissFMUK I feel this needs to be addressed tomorrow morning 😂🤣 https://t.co/g0M5VpR5jv]]></document>
		<document><![CDATA[Just casually protesting about Trump with a box of M&amp;Ms on her head 🤣  #channel4news https://t.co/6l86KTIpYd]]></document>
		<document><![CDATA[I didn't come in here looking for a thing.. yeah ok Jamie.. is that why you tried cracking on with Jasmine, Nicola &amp; now Bianca?! #CBB]]></document>
		<document><![CDATA[Gone from hating Speidi to liking them back full circle to not liking them again #cbb]]></document>
		<document><![CDATA[They better not let Cameron die like all the other serial killers!!  #Hollyoaks]]></document>
		<document><![CDATA[@hrIysquinns think cause he heard Leela saying the baby's not a loveday and instead of thinking it's Louis he still thinks it's Zac]]></document>
		<document><![CDATA[Agreeing to a 9am chiropractor appointment was not my smartest move.. NEED my bed 😫]]></document>
		<document><![CDATA[Why haven't I won the lottery yet?! 😫😫]]></document>
		<document><![CDATA[It's got to be bad when spencer pratt is acting as the mediator in all this #cbb]]></document>
		<document><![CDATA[What is Kim's problem with Nicola?! #CBB]]></document>
		<document><![CDATA[Genuinely don't understand a word that comes out of Chloe's mouth #CBB]]></document>
		<document><![CDATA[Husband has left me home alone today and I feel like 💩 zero motivation to do anything 😩😩]]></document>
		<document><![CDATA[I actually quite like Spencer this series 😱#cbb]]></document>
		<document><![CDATA[@dannywisk not saying what she's doing is right but her fella did cheat on her aswell]]></document>
		<document><![CDATA[What is that thing on Bianca's head  #CBB https://t.co/CcBIQsXuF5]]></document>
		<document><![CDATA[Ray J is jokes already!  #cbb]]></document>
		<document><![CDATA[Bless Sam and his confidence #TheUndateables]]></document>
		<document><![CDATA[Love how understanding Kate's friends are and don't treat her any different #TheUndateables]]></document>
		<document><![CDATA[Every time a cow farts our planet cries 😂 #delicious]]></document>
		<document><![CDATA[Watching the @SarahMillican75 outsider DVD and pretty sure there's a woman fast asleep in the audience 😂]]></document>
		<document><![CDATA[I’ve rubbed the lamp, made a wish &amp; entered the online #AladdinLottery to get my hands on £25 tix to @AladdinLondon! https://t.co/yEmQb5L82e]]></document>
		<document><![CDATA[Please don't tell me that Cici just friend zoned Sam with that hug!! #FirstDates]]></document>
		<document><![CDATA[Three day week at work this week come at me!! Off tomorrow and Friday the it's off for Christmas.. bar two mornings at work in between!]]></document>
		<document><![CDATA[@KissFMUK wouldn't be Christmas without Michael BAUBLE-AY]]></document>
		<document><![CDATA[#TattooFixers Dylan https://t.co/9tbWY9FcMP]]></document>
		<document><![CDATA[#XFactor right I'm calling it.. the secret Xfactor couple is 100% Freddie and Matt]]></document>
		<document><![CDATA[@blondekt well you and jack are both screwed!! Haha x]]></document>
		<document><![CDATA[Thank fuck for that!!  #XFactor]]></document>
		<document><![CDATA[Utter BS.. no way is the security at X factor not shit hot.. so fake &amp; set up!! #XFactor]]></document>
		<document><![CDATA[Love Larry &amp; Scarlett's friendship #ImACeleb]]></document>
		<document><![CDATA[@Lawraaar because the yellow team got a head start for winning the 4 other challenges]]></document>
		<document><![CDATA[@ImACelebReactUK hopefully it will be the homes under the hammer 🔔 🔚 coming in tomorrow night]]></document>
		<document><![CDATA[Cringing so hard at Carol 🙈 #ImACeleb]]></document>
		<document><![CDATA[Need a kid like Taysia.. she's the cutest #slo4yo]]></document>
		<document><![CDATA[@5AfterMidnight are my favourite by a mile!! #XFactor]]></document>
		<document><![CDATA[What is a funeral? A funeral is when you go to lego land 😂😂 #SLO4YO]]></document>
		<document><![CDATA[As if they are just going to kill off another murderer without them getting done for it #HollyoaksNoExit]]></document>
		<document><![CDATA[@blondekt you have a voucher from your baby shower 😉😉]]></document>
		<document><![CDATA[Can't wait to have a kitchen back next week!!]]></document>
		<document><![CDATA[Only this afternoon and tomorrow morning to get through then I'm off til Tuesday! 🎉🎁]]></document>
		<document><![CDATA[Surely I can't be the only one that does not have a scooby what's going on?!  #Westworld]]></document>
		<document><![CDATA[Blatantly her husband #catfish]]></document>
		<document><![CDATA[She's gonna die isn't she 😢 #Hollyoaks]]></document>
		<document><![CDATA[@MariaFowler snapchat story has brightened up my evening 😂]]></document>
		<document><![CDATA[Must be one of the only people that doesn't really rate Matt #XFactor]]></document>
		<document><![CDATA[Nothing worse than hearing someone else throw up 😷]]></document>
		<document><![CDATA[Yeah so I should be in the car on my way to work now... I've showered, dressed and I'm back in bed... whoops!]]></document>
		<document><![CDATA[Now I remember why I don't drink anymore 😷 thank god I've got tomorrow off work too! #hangoverfromhell]]></document>
		<document><![CDATA[Fuck! Leg amputation on BBC #panorama 😖😖😖]]></document>
		<document><![CDATA[Fuck sake 😩😩😩😩 #XFactor]]></document>
		<document><![CDATA[Catching up on #mtvcatfish this bloke is deluded.. surely they should have been taking him to a DR and not to London 😐😐]]></document>
		<document><![CDATA[I think #ElvisNoMore, @BBCOne. Don’t go back there, Georgie! #OurGirl https://t.co/LjYcHXjthJ]]></document>
		<document><![CDATA[@blondekt I finish at 12.30 so can come to Orp and meet you when you're ready xx]]></document>
		<document><![CDATA[@blondekt are you free this afternoon? x]]></document>
		<document><![CDATA[Sitting at work thinking about how much I'd rather not be here.. half day it is then!!]]></document>
		<document><![CDATA[Surely Chris wins as the 2nd caller was 18 in a month?! Technically she's closer to 18 than 16?! @BBCR1]]></document>
		<document><![CDATA[All girls had or wanted this T-Shirt #growingupbritish https://t.co/lkaJGywPSZ]]></document>
		<document><![CDATA[Pretty sure this girl is wearing her wedding dress 🤔 #XFactor]]></document>
		<document><![CDATA[#SeizeTheHoliday A belated honeymoon to the Caribbean would be amazing 😍]]></document>
		<document><![CDATA[Pissed off with this POV week.. Such bullshit #Hollyoaks]]></document>
		<document><![CDATA[#toddlersandtiaras is just wrong. Four year old a should not be dancing the way they do or wearing the outfits and make up 😑😑]]></document>
		<document><![CDATA[She's hoovering again! How much mess can one person make in a little flat?!]]></document>
		<document><![CDATA[She has bloody laminate flooring.. Could really do without it today my head is POUNDING]]></document>
		<document><![CDATA[Honestly don't know anyone that hoovers half as much as the woman that lives upstairs.. Think we're on the third time already today 😣]]></document>
		<document><![CDATA[@JessicaBNxx he has ruined it!]]></document>
		<document><![CDATA[Not sure why #celebsgodating have got Jack Jones involved.. Not like his ego needs feeding anymore 🙄]]></document>
		<document><![CDATA[Did @Javimarroquin9 forget he was snapping all night him drinking then later on snaps again when he's driving??]]></document>
		<document><![CDATA[@SoVeryBritish @walkers_crisps the cheese cucumber and salad cream ones are 👌🏻👍🏻]]></document>
		<document><![CDATA[@MariaFowler it took me a while to realise she wasn't wearing a nude top underneath 😂]]></document>
		<document><![CDATA[@_Brady1_ oh sweet Jesus.. I need to bleach my eyes 😫]]></document>
		<document><![CDATA[My hair better be softer tomorrow after sleeping in this coconut oil and my headache needs to be gone!!]]></document>
		<document><![CDATA[@gregjames @BBCR1 takes the email of a day to a new level... Bin shed of the day.. Pt 1/2 https://t.co/c7ZrGsoxe9]]></document>
		<document><![CDATA[Cringing so hard at Sam right now #cbbuk]]></document>
		<document><![CDATA[Sam needs knocking down a peg or two.. You're not that famous love #CBBUK]]></document>
		<document><![CDATA[Bear talking like a child really fucking irritates me #cbbuk]]></document>
		<document><![CDATA[Lewis.. You've had your interview.. SHUT UP and let James have his!!  #cbbuk]]></document>
		<document><![CDATA[Really wish someone had shouted out 'ROOOFLESSSSS' when Lillie walked in jus to wind Bear up #cbbuk]]></document>
		<document><![CDATA[@BBCR1 @gregjames crying at the vegan rage!! SO TRUE #rageagainsttheansweringmachine]]></document>
		<document><![CDATA[No heavy.. I don't know what you mean #cbbuk]]></document>
		<document><![CDATA[At least Bear finds himself funny #cbbuk]]></document>
		<document><![CDATA[@blondekt haha it's really easy to make.. The recipe I found was using a packet mix pizza dough x]]></document>
		<document><![CDATA[@blondekt I used chocolate orange spread 😍 haha ahh good he just needs to hurry up and arrive now! Got lots of people wanting to meet him! X]]></document>
		<document><![CDATA[@blondekt @yummycuisines I've made this before.. It's good! 😊 hope you're doing well and bump isn't causing you too much bother! x]]></document>
		<document><![CDATA[Lewis is such a prick #CBBUK]]></document>
		<document><![CDATA[Really irritates me how Lewis thinks he's proper mature when in reality he acts like a petulant little child #cbbuk]]></document>
		<document><![CDATA[Oh bore off Lewis #cbbuk]]></document>
		<document><![CDATA[I've woken up in a really bad mood today and I don't even know why so it's getting me more annoyed! 😤 https://t.co/twtrV4U25V]]></document>
		<document><![CDATA[Definitely not right in the head.. Left nans at 10.. Home by 11 and end up doing most of the housework until 12 😖]]></document>
		<document><![CDATA[@Jade_Tipping yeah they were doing their food shopping]]></document>
		<document><![CDATA[@blondekt thank you -
I'm going to my nans straight from work today so not going that way home 😊x]]></document>
		<document><![CDATA[Hahahaha bear had a proper Perry moment.. Sorry Mrs Patterson 😂😂 #CBBUK]]></document>
		<document><![CDATA[LOOOL at the way Bear proper melted when security walked in 😂😂 #cbbuk]]></document>
		<document><![CDATA[Don't get why James felt the need to apologise.. Bear, Lewis, Heavy D &amp; Marnie really aren't coming off too well #CBBUK]]></document>
		<document><![CDATA[@LasulaBoutique hi I got a text this morning from Royal Mail advising they are going to deliver today]]></document>
	</documents>
</author>