<author lang="en">
	<documents>
		<document><![CDATA[A great @r0undsquare Regional Americas meeting reminded us of power of questions &amp; purpose as we explore. https://t.co/t2wG1oB9tM]]></document>
		<document><![CDATA[So proud of @SCS_Clementines Alumna Fran Loftus.  MAKING RENTAL LIVING FEEL LIKE HOM WITH YOGA &amp; MEDITATION - hOM https://t.co/Mwb6jvbj6q]]></document>
		<document><![CDATA["Schools: don't wait to solely solve problems in #mentalhealth but rather ensure well-being is at the forefront." Dr. Masaki]]></document>
		<document><![CDATA["Whatever your duty, do it as fully &amp; as well as you can. Then go &amp; support those who are less fortunate than you." Founder, @Starehe_Boys]]></document>
		<document><![CDATA[Wonderful presentation from @Starehe_Boys graduate Dr. Masaki re: working on known &amp; unknown world health challenges https://t.co/SZ0Oa62e5T]]></document>
		<document><![CDATA["Working in global health: we need to consider that despite having good intentions, we may do more harm than good." Dr. Masaki]]></document>
		<document><![CDATA[The IDEALS of the @r0undsquare had built a framework for me to tell my story in a reflective way, assisting my Rhodes Scholar application.]]></document>
		<document><![CDATA["Opportunities to communicate with others from differing worlds goes beyond language." Dr. Charles Masaki @Starehe_Boys @r0undsquare]]></document>
		<document><![CDATA[My @r0undsquare experience has informed my ability to consider other's perspectives and ideas in the medical field: Dr. Masaki]]></document>
		<document><![CDATA["My @rOundsquare international experiences  informed me in seeking to understand #identity- both other and my own" Dr. Masaki #compassion]]></document>
		<document><![CDATA[I learned from @Starehe_Boys and @r0undsquare how to ensure that we nurture #compassion: Dr. Charles Masaki]]></document>
		<document><![CDATA[Dr. Masaki "Exposure to radio allowed me an awareness of the larger world beyond my own backyard. "]]></document>
		<document><![CDATA[Thrilled to be hearing from Dr. Charles Masaki - graduate of @Starehe_Boys a @r0undsquare school. Wonderful to hear about the #journey]]></document>
		<document><![CDATA[What is @r0undsquare A great overview. A productive regional meeting here at @SASCOTS https://t.co/j6HuRUqNUG]]></document>
		<document><![CDATA[Great piece by @CAIS_Schools @girlsschools colleague @DrLeanneFoster #Diversity is complex but vitally important https://t.co/Hw6PItiAT8]]></document>
		<document><![CDATA["Not everything that counts is 'countable.'" Important commentary from Richard Stobol @NYCOutwardBound Character and experience are key.]]></document>
		<document><![CDATA[Love notion of 'creating a crew, not passengers.' Richard Stobol @NYCOutwardBound speaking re: school approach. #ExperientialEducation]]></document>
		<document><![CDATA[Wonderful to hear from Richard Stobol from @NYCOutwardBound while at @r0undsquare Americas regional meeting.]]></document>
		<document><![CDATA[There's no doubt that our @SCS_Clementines chaperones had a great time at our Semi! #whosewatchingthegirls :) https://t.co/ssFFCGBp1g]]></document>
		<document><![CDATA[Another great day ahead at @r0undsquare America's regional meeting. Looking forward to hearing Richard Stobol of NY Outward Bound Schools.]]></document>
		<document><![CDATA[Love these @SCS_Clementines Integrated Studies projects!! https://t.co/OYd1eXCpoT]]></document>
		<document><![CDATA[Very excited about the @r0undsquare framework and how it can be embedded within member schools' curriculum.… https://t.co/2IryTp0dId]]></document>
		<document><![CDATA[Great imagery: 'Search for problems and their solutions like a man searches for water when his hair is on fire.' @PeterDiamandis]]></document>
		<document><![CDATA['As a species we have done our best work when we were in our exploratory mode.' @PeterDiamandis 'we should explore the opening up of space.']]></document>
		<document><![CDATA[Great question to @PeterDiamandis    re; #ethics. Must give birth to moral  ethical leaders at same time as encouraging use of technologies.]]></document>
		<document><![CDATA[The questions we ask will be the most important. The information is increasingly available. @PeterDiamandis]]></document>
		<document><![CDATA[Love this: Call your shot: 'during my life time, I am going to solve 'x' problem.' We must nurture that in our students.' @PeterDiamandis]]></document>
		<document><![CDATA[We must ask great questions, solve great problems + foster passions for our students. Future is exciting. @PeterDiamandis @SCS_Clementines]]></document>
		<document><![CDATA[Opportunities are immense / growing exponentially for our students. Tools - once in hands of few- are in the hands of all. @PeterDiamandis]]></document>
		<document><![CDATA['An explosion of drones used as delivery services: 'everything everywhere at all times is being recorded and imaged.' @PeterDiamandis]]></document>
		<document><![CDATA[' Ask good questions.' One of the most important consideration for us and our students. @PeterDiamandis @SCS_Clementines @SASCOTS]]></document>
		<document><![CDATA[Rate of change: increasing at remarkable rates: computational power + slew of technology. Gives us 'power' to do what we want when we want.]]></document>
		<document><![CDATA[Massively transformative purpose: captures your shower time. Love this! @PeterDiamandis]]></document>
		<document><![CDATA['We must drive people by their passion or purpose: we want to be driven to do something to make world better place' @PeterDiamandis]]></document>
		<document><![CDATA[The best way to predict the future is to invent it :@PeterDiamandis How do we prepare our students for the world ahead?]]></document>
		<document><![CDATA[Thrilled to be at @SASCOTS for @r0undsquare americas meeting. About to hear @PeterDiamandis #entrepreneurialism #innovation]]></document>
		<document><![CDATA[Nurturing Positive Mental Health In Teens And Children https://t.co/ZMst21Hnwn via @HuffPostUK]]></document>
		<document><![CDATA[Looking forward to welcoming @drlaurachoate to @SCS_Clementines on Wednesday evening! Part of our PA supported #LINCWell speakers series.]]></document>
		<document><![CDATA[Inside out change: theory of action. Tapping Teachers' Intrinsic Motivation to Develop School Improvements https://t.co/Z63uZzGFsD]]></document>
		<document><![CDATA[Sorry to have missed you @Sarahbeqaj20 Hope all is well!]]></document>
		<document><![CDATA[Looking forward to catching up with @SCS_Clementines Alumna Barbara Thornbrough '62 today and this evening! #ClementineConnections]]></document>
		<document><![CDATA[You just never know when you're going to run into @SCS_Clementines families! A Beqaj sighting on way to… https://t.co/FtwmUIZFzB]]></document>
		<document><![CDATA['Every group, every community, every individual wants appropriate balance btwn fitting in/standing out.' https://t.co/ojjec7nipE via @CaseP]]></document>
		<document><![CDATA[Fabulous to have @SCS_Clementines Maham '16 show fellow Clementines how to wear the hijab #worldhijabday  https://t.co/nkfTa0AXzY]]></document>
		<document><![CDATA[@CaseP @metromorning thanks! You too!]]></document>
		<document><![CDATA[in addition 2 #BlackHistoryMonth our @SCS_Clementines are celebrating #WorldHijabDay w our girls learning more re: the hijab today at lunch.]]></document>
		<document><![CDATA[Thanks @metromorning for piece on Tales from the 2.9 https://t.co/7bDncqw7S2 What it means to be black in Canada. It's #BlackHistoryMonth]]></document>
		<document><![CDATA[We must remember that Canadians: not immune from racism. Vital to work w/ our students to ensure #equity #inclusion  https://t.co/QtOLNRVMF6]]></document>
		<document><![CDATA[Gearing up for an @SCS_Clementines badminton extravaganza! https://t.co/fPKKLwooeM]]></document>
		<document><![CDATA[Fascinating read! https://t.co/GCmAEizg97]]></document>
		<document><![CDATA[Love this! https://t.co/mL8FKpYRg0]]></document>
		<document><![CDATA[Happened in on a great LINCWell conversation with our @SCS_Clementines grade sixes! #collaboration #reflection https://t.co/5Vh6XEZmxX]]></document>
		<document><![CDATA[Very proud of the remarkable teaching and learning that goes on @SCS_Clementines AP Art a great example! #creativity https://t.co/lVeIN50swd]]></document>
		<document><![CDATA[@DrLeanneFoster Thanks for the important reminder re: modelling. We must ALL be self-compassionate! Particularly in our @girlsschools]]></document>
		<document><![CDATA[Love this! Our @SCS_Clementines mission: to develop outstanding women who are intellectually curious, courageous &amp;… https://t.co/CuZwMzd6St]]></document>
		<document><![CDATA[Love this pic! Hope you are well @goosecallgirl Wish I was heading to Moose Factory with @NoraScott5 and  other… https://t.co/ogJKeVdmvY]]></document>
		<document><![CDATA[Such a great read! @tara_kinsey @RaiseAnAdult https://t.co/RYF2nhya7b]]></document>
		<document><![CDATA[How can we shift mind-sets that equate identity w/ academic work &amp; relieve anxiety re: exploring unfamiliar careers? https://t.co/WoUInMYMcr]]></document>
		<document><![CDATA[When students’ self-compassion rose, so did their engagement &amp; motivation with life. Don't be so hard on yourself!  https://t.co/9RRFuxV6Hj]]></document>
		<document><![CDATA[An important message from Canadian Counsel of Churches
 https://t.co/MyIp1yyfz4 :opposing hate &amp; prejudice that disfigures our communities]]></document>
		<document><![CDATA[Very proud of Sarah '17 as she speaks with her @SCS_Clementines grad classmates about leaving a legacy with a… https://t.co/vsJ9A7aAil]]></document>
		<document><![CDATA[What does 'independence' mean? An important question for our @SCS_Clementines and @girlsschools My weekly blog: https://t.co/75hfYbj4vL]]></document>
		<document><![CDATA[Newfoundland: A World Elsewhere Wayne Johnston https://t.co/MEQYa7tHXc]]></document>
		<document><![CDATA[The brain: can be a faulty / treacherous decision maker. Getting perspective on rising above from an astronaut https://t.co/1qJFLrtl1i]]></document>
		<document><![CDATA[So proud to have @SCS_Clementines LINCWell featured in this @girlsschools #PEPTalks Podcast! https://t.co/SiYOnkSCoU]]></document>
		<document><![CDATA[So sorry to be missing the @SCS_Clementines Halifax Alumnae Reunion this evening #ThereInSpirit]]></document>
		<document><![CDATA[A wonderful opportunity for our @SCS_Clementines clementines to share poetry with family! https://t.co/CcB21Bh6TP]]></document>
		<document><![CDATA[A packed house at our @SCS_Clementines Grade 6 Poetry Cafe. #creativity #courage https://t.co/H8OSEQvHt0]]></document>
		<document><![CDATA[Experiential ed? Yes. 'Future-proofing?' Hmmm. ‘Future-proofing’ skills thu polytechnic education /via @globeandmail https://t.co/zzFcOrk8Li]]></document>
		<document><![CDATA[Getting ready to hear our own @SCS_Clementines  @sambeacochrane playing at Recital Night! https://t.co/MpqsseDXcs]]></document>
		<document><![CDATA[#GetExcited ìt's recital night @SCS_Clementines we've got talent!! https://t.co/5bO2uBIH1V]]></document>
		<document><![CDATA[Our U12s are playing well and, most importantly, are having fun! https://t.co/dQLEaE8hJc]]></document>
		<document><![CDATA[Looking forward to an #athletics &amp; #arts afternoon and evening with a U12 Volleyball mini-meet @SCS_Clementines followed by Recital Night!]]></document>
		<document><![CDATA[Would also suggest as leaders that we need to know how to follow. https://t.co/NFowKwh3qV]]></document>
		<document><![CDATA[Thanks to @mowen05 for bringing this to my attention! https://t.co/plOP9gZSQy]]></document>
		<document><![CDATA[Neat to learn about: #BESSIECOLEMAN 1892-1926 today: 1st woman of African American &amp; Native American descent to hold int'l pilot license.]]></document>
		<document><![CDATA["Busyness had devoured my values." I trained myself to be less busy — and it dramatically improved my life https://t.co/0p7e7DKMiK]]></document>
		<document><![CDATA[Thanks for posting this lovely note @BettyOWhite https://t.co/ds1hupyaXf]]></document>
		<document><![CDATA[Our @SCS_Clementines u12 team are having a little friendly competition! https://t.co/g07XYIQZ7M]]></document>
		<document><![CDATA[Go @SCS_Clementines a fine group of Clementines getting ready for game 2! https://t.co/xOxFCp48Fc]]></document>
		<document><![CDATA[Important day @Bell_LetsTalk  to ensure that it's ok everyday to talk about #MentalHealth  @SCS_Clementines]]></document>
		<document><![CDATA[Our @SCS_Clementines students will be talking about #MentalHealth #BellLetsTalk https://t.co/G4Hrbe5aIR]]></document>
		<document><![CDATA[Wonderful to be taking part in @CAISPD webinar on place, pedagogy and purpose today. #powerofplace]]></document>
		<document><![CDATA[Proud of our @SCS_Clementines LINCWELL Heads for fostering talk around #mentalhealth before @Bell_LetsTalk day. https://t.co/cJtPEo2EZG]]></document>
		<document><![CDATA[If we are nervous about things it is because we care: @peterkatzmusic Great message for our @SCS_Clementines students 9-12 #LINCWell]]></document>
		<document><![CDATA[Direct connection btwn most intense times of discomfort + most incredible moments of my life: @peterkatzmusic We must embrace vulnerability]]></document>
		<document><![CDATA[Love this: why I seek discomfort. Thanks @peterkatzmusic for talking about taking risks and being vulnerable.… https://t.co/MJiWhXd983]]></document>
		<document><![CDATA[Leadership, life and music. Thanks Mr. Will, Coordinator of Student Leadership at @SCS_Clementines Our 9-12s welcome @peterkatzmusic today.]]></document>
		<document><![CDATA[Great reminder as a #MondayMotivation! https://t.co/vH7dvuBuz8]]></document>
		<document><![CDATA[What’s most important is that teachers allow for variation in learning styles. https://t.co/YEROrcQBkc]]></document>
		<document><![CDATA[The Power of Voice and the Importance of Listening. My @SCS_Clementines blog for the week.]]></document>
		<document><![CDATA[Proud of our @SCS_Clementines Alum who are architects. Female architects at the top of their game  https://t.co/hhvclcLjw9]]></document>
		<document><![CDATA[Remarkable to see @GloriaSteinem speak at #WomensMarchOnWashington and think that @girlsschools had her at our 1st #GlobalEd conference!]]></document>
		<document><![CDATA[Interesting article. Why do we still make girls wear skirts and dresses as school uniform? https://t.co/7VBwO60EHL via @DailyLifeAU]]></document>
		<document><![CDATA[Great article: small schools by @girlsschools @CAISPD colleague @DrLeanneFoster Small &amp; Mighty https://t.co/uaogW99SD4 via @trafalgarcastle]]></document>
		<document><![CDATA["Women's rights=human rights.' Thinking re:  #WomensMarch today &amp; this important statement as it relates to our @girlsschools students.]]></document>
		<document><![CDATA[Such an important reminder for all! https://t.co/P6xNTfjsmm]]></document>
		<document><![CDATA[Deep down many believe that if they aren't winning, they're losing. https://t.co/rd6T1MP6Pz  @HarvardBiz]]></document>
		<document><![CDATA[Diversity initiatives shouldn’t be done away with — they need to be reimagined. #mindfulness https://t.co/S3y4dtD11k]]></document>
		<document><![CDATA[Not just important for those at work- also important work for our @CAIS_Schools @girlsschools @SCS_Clementines stud… https://t.co/1SYjAEUMiB]]></document>
	</documents>
</author>