<author lang="en">
	<documents>
		<document><![CDATA[Not sure what my 2 assistants would make of that.. @jamiecweir https://t.co/ffG5OmqetK]]></document>
		<document><![CDATA[Is this a loan deal? @jamiecweir https://t.co/LeExMthMCC]]></document>
		<document><![CDATA[@SmithrugbySmith rules himself out of running for @connachtrugby job @RTErugby @Darrenfrehill https://t.co/MBt99boJVJ]]></document>
		<document><![CDATA[Interesting read via @TelegraphRugby #ScoIrl https://t.co/dLMaDbxjZJ]]></document>
		<document><![CDATA[Best of luck @giteau_rugby who confirmed he is moving to Japan next season @RTErugby @Darrenfrehill @BreakdownRTE https://t.co/lOPbTMdb6x]]></document>
		<document><![CDATA[Best of luck @AshbourneRFC @ScorthyRugby https://t.co/RFkjFf3ian]]></document>
		<document><![CDATA[Excited @TheSJTobin about @LUFC ? https://t.co/W53xDcrVwL]]></document>
		<document><![CDATA[Congrats @damien_omeara and the lads https://t.co/uQGHVeHgA1]]></document>
		<document><![CDATA[@acimbrico busy working at @rbs_6_nations launch @Federugby https://t.co/ntgjf9oRi5]]></document>
		<document><![CDATA[Ya @damien_omeara but at least you will get lots of exercise today at @rbs_6_nations launch #HurlinghamClub https://t.co/84lvQ3tDct]]></document>
		<document><![CDATA[Be careful @damien_omeara Unlimited spit-roasted meat from a Brazilian Churrascaria barbecue, carved at your table.… https://t.co/YBWIC3KcfQ]]></document>
		<document><![CDATA[Congrats Jack Kelly @IrishRugby U20 captain, fair play @stmcrugby a fantastic achievement @GregMcWilliams1 https://t.co/RGgb1mvmru]]></document>
		<document><![CDATA[Nor good news for @Munsterrugby via @Limerick_Leader https://t.co/IJ4roOMJwK]]></document>
		<document><![CDATA[Please RT and help here https://t.co/o6g8scbZ9f]]></document>
		<document><![CDATA[Pitchside with James Coughlan @StadeToulousain v @connachtrugby live @sundaysport @RTERadio1 https://t.co/109Rl13wLk]]></document>
		<document><![CDATA[I can find @trevorbrennan1 on the list. @AidanMcCullen did you use another name in @StadeToulousain ? #Peter https://t.co/P3RnIjn6LG]]></document>
		<document><![CDATA[Hello @TheSJTobin yes it is live @RTERadio1 from 315 Irish time ☂️ https://t.co/lZU37LbTgB]]></document>
		<document><![CDATA[Pitchside in rainy Toulouse ahead of @StadeToulousain v @connachtrugby live @sundaysport @RTERadio1 @epcrugby https://t.co/XhgfmeAhRX]]></document>
		<document><![CDATA[Ah here @damien_omeara @LUFC came off second best https://t.co/xaXJU9es5k]]></document>
		<document><![CDATA[Congrats @alliracohrs #multitalented #bondi https://t.co/qFn4kS56cP]]></document>
		<document><![CDATA[Just watched this from @RTELateLateShow last night, simply outstanding from Finbar Furey and Christy Dignam… https://t.co/iMfSC1MIri]]></document>
		<document><![CDATA[Breakfast chats @reggiecorrigan1 @VictorCostello @trevorbrennan1 #Toulouse #wintersun https://t.co/YY4HK5TyTr]]></document>
		<document><![CDATA[And shirts were "baggy" @JohnFogartyIrl https://t.co/107jW5cKu3]]></document>
		<document><![CDATA[Apologies for being late to this, honoured to have met and know Bill McLaren, his voice still gives me goosebumps https://t.co/B7XBDB0vFa]]></document>
		<document><![CDATA[Fantastic pic @sineadkissane #kerrywinter https://t.co/DPj3qoVC4g]]></document>
		<document><![CDATA[Good start for Biarritz @iainbalshaw #JGOToulouse https://t.co/AROPokgBL6]]></document>
		<document><![CDATA[@SeanOBrien1987 absent again from @leinsterrugby team v Castres @damien_omeara @RTErugby https://t.co/EokuLAKb27]]></document>
		<document><![CDATA[Great to catch up @dreddiemurphy fantastic energy at @CASuicide #ShareTheJourney17 yesterday, another big day ahead… https://t.co/mvkzFkSQ2S]]></document>
		<document><![CDATA[Guess it's better to know now....@aisling7 @jarrodbromley @OLSCRugby @CastresRugby v @leinsterrugby live @GameOn2FM https://t.co/6NJADRNlua]]></document>
		<document><![CDATA[Re Triggs: Committee determined charge was for contact with eye area, and not with the eye(s) different set of sanction entry point tariffs]]></document>
		<document><![CDATA[Francois Steyn suspended for four weeks @RTErugby @gregallenRTE @GameOn2FM]]></document>
		<document><![CDATA[The lights are green @JillyMcDonough https://t.co/PsR7Uls0cI]]></document>
		<document><![CDATA[Not good news here via @EuropeanTour @Garymurphy62 @hughcahill7 @GameOn2FM https://t.co/frOKOupx9o]]></document>
		<document><![CDATA[Ha ha @Lapel1865 appreciate the tweet, at least you were warmer than @shanebyrneoffic and I #multi https://t.co/v3ih1KDyok]]></document>
		<document><![CDATA[@gavinmortimer7 look who is at RDS...@LaurentDepret @leinsterrugby v Montpelier https://t.co/w1C3UTd4Dt]]></document>
		<document><![CDATA[@leinsterrugby and Montpelier 'warming up' at RDS it's live @GameOn2FM from 745pm @RTErugby @shanebyrneoffic https://t.co/KxkWXMcCQs]]></document>
		<document><![CDATA[Good chat with Isa Nacewa earlier, thanks @ohfadabee @leinsterrugby for your help. Live @GameOn2FM Friday night… https://t.co/34MzRLAQT2]]></document>
		<document><![CDATA[Very sad news, always an interesting man to listen to https://t.co/zd95DF58bK]]></document>
		<document><![CDATA[Sounds like a fair enough offer from @rickoshea #btyste https://t.co/b9d6fb3TDj]]></document>
		<document><![CDATA[Please help @PietaHouse spread awareness https://t.co/2XhjlISAbv]]></document>
		<document><![CDATA[Tom Hayes appointed Head Coach of @shannonrfc @RTErugby @IrishRugby #UBL https://t.co/JJlfJXXXOi]]></document>
		<document><![CDATA[Interesting news via @sineadkissane https://t.co/tKEUJLnPee]]></document>
		<document><![CDATA[Chris Robshaw will undergo surgery on his left shoulder, expected to be out of competitive action for around 12 weeks @RTErugby]]></document>
		<document><![CDATA[They may have someone lined up already @012pip https://t.co/VA8GUVWYAV]]></document>
		<document><![CDATA[Of interest to @Munsterrugby fans via @gavinmortimer7 @midi_olympique @MRSC16 @RTErugby @Darrenfrehill https://t.co/k5l0pQiOOB]]></document>
		<document><![CDATA[Check this out via @IrishRugby @RTErugby https://t.co/WixPI9Nx4L]]></document>
		<document><![CDATA[Brand ambassador? @patgeraghty54 I hope @Tomas_OLeary brings a few @toldandco gifts with him next week… https://t.co/lesvE0F0FM]]></document>
		<document><![CDATA[Ready for the night @Meadejonathan https://t.co/gphO3fCqR7]]></document>
		<document><![CDATA[Cold seat @Meadejonathan https://t.co/8nfiXhNv52]]></document>
		<document><![CDATA[Smart move from @RCTofficiel @RTErugby @Cumoski https://t.co/QSWp3athO3]]></document>
		<document><![CDATA[Former League 2 Champions @alexspinkmirror https://t.co/4LOmoG245f]]></document>
		<document><![CDATA[Seems a different way of policing @MPSKingston via @ZoraSuleman #Tracey https://t.co/h7G9fjz2JO]]></document>
		<document><![CDATA[Nice opportunity here with @Concern via @sarahmartinPR https://t.co/3sGC1ybPYG]]></document>
		<document><![CDATA[Thought it was a typo initially @killianbyrne https://t.co/GTRD4Kvtx0]]></document>
		<document><![CDATA[As opposed to €1452 you might be charged elsewhere @killianbyrne https://t.co/aFYlAUFQnq]]></document>
		<document><![CDATA[Best of luck @SaskiaTidey with the next chapter https://t.co/l51hY5BjER]]></document>
		<document><![CDATA[A terrific footballer... @PaudieP https://t.co/un6s42Aion]]></document>
		<document><![CDATA[Saddened to hear this news via @IrishTimesSport https://t.co/llcBHxPKjH]]></document>
		<document><![CDATA[@angiehendo #countryliving #countrygent @robhendo13 https://t.co/nUhu69xT9F]]></document>
		<document><![CDATA[Tell @robhendo13 to get his act together @angiehendo #countryliving https://t.co/yzHvFK4IDZ]]></document>
		<document><![CDATA[Lengthy injury list for @UlsterRugby https://t.co/hE26kcQbeI]]></document>
		<document><![CDATA[Confirmed here via @alexspinkmirror https://t.co/b4iYHARnNS]]></document>
		<document><![CDATA[Check this out @alancaw https://t.co/My5JhhFvWE]]></document>
		<document><![CDATA[Ben Smith update via @gavinmortimer7 and @midi_olympique #Pau https://t.co/IP3dalIWZe]]></document>
		<document><![CDATA[Fairwell 2016, you brought joy and gave great days and memories. However you broke our hearts also. Hurry up #2017 https://t.co/Rf1jMweYKI]]></document>
		<document><![CDATA[I meant in the pic......😊 https://t.co/KzUY7ShaMC]]></document>
		<document><![CDATA[@RyleNugentRTE is doing @leinsterrugby v @UlsterRugby I'm at @connachtrugby v @Munsterrugby with @njwhite33… https://t.co/quvhu6d68Q]]></document>
		<document><![CDATA[Check this out from @OLSCRugby @leinsterrugby @CastresRugby #travel https://t.co/vdffCKEXBu]]></document>
		<document><![CDATA[Some impressive stats here via @AIGRugby @AllBlacks @RTErugby @BreakdownRTE #2016 https://t.co/HeBBhEiPvJ]]></document>
		<document><![CDATA[Did you eventually get fed last night @AislinnOT ? #foodrage https://t.co/RSgw6HpCb7]]></document>
		<document><![CDATA[You could bring your hiking boots @JMNeethling and head to Glendalough for some great views and lots of fresh air... https://t.co/KbaaH3z0P2]]></document>
		<document><![CDATA[Good to see this man back on the training field @leinsterrugby @OLSCRugby @BreakdownRTE @RTErugby @IrishRugby https://t.co/0Zgh0850Lz]]></document>
		<document><![CDATA[The team in red warming up in Thomond Park, its @leinsterrugby wearing red tops with number 8 to remember Axel Foley https://t.co/yrT5B9U2Tc]]></document>
		<document><![CDATA[Was expecting some kinda punchline @rickygervais staggering news #RIPGeorgeMichael https://t.co/QIrQs53Y4v]]></document>
		<document><![CDATA[Many thanks @Meadejonathan have a great Christmas and New Year https://t.co/QMWpG7KgDE]]></document>
		<document><![CDATA[2016 year end chat with @IrishRugby David Nucifora https://t.co/YydpHHbFeV @BreakdownRTE @RTErugby #2016 https://t.co/GxUH6sSCZf]]></document>
		<document><![CDATA[Enjoyed watching this, some great moments of 2016, congrats @Videosonthenet team @IrishRugby https://t.co/00PDjhYjLU]]></document>
		<document><![CDATA[Looks like a great laugh @jacquihurley fair play @MDMA_9 @shanebyrneoffic https://t.co/YlgSq2XNCi]]></document>
		<document><![CDATA[@leinsterrugby team news here v @Munsterrugby live Dec 26th @RTERadio1 530pm @RTErugby https://t.co/xhR3i9i1jf]]></document>
		<document><![CDATA[Important planning info here @OLSCRugby @MRSC16 @ConnachtClan @UlsterRugby @BreakdownRTE https://t.co/OaHdNjTFCQ]]></document>
		<document><![CDATA[Check out @BreakdownRTE @HesTheSportsguy @AidanMcCullen @MRSC16 @OLSCRugby https://t.co/jSuVzjULgm https://t.co/FJCvvDzoE7]]></document>
		<document><![CDATA[@BreakdownRTE Check out this cool episode: https://t.co/jSuVzjULgm @AidanMcCullen @RTErugby https://t.co/0bcdI9xcb4]]></document>
		<document><![CDATA[Please support @TempleStreet @ISPCCChildline https://t.co/FSvr4r0TY4]]></document>
		<document><![CDATA[A fantastic read from @donaldgmcrae and superbly told by @ConorMurray_9 https://t.co/zejzrkL3bW]]></document>
		<document><![CDATA[Major injury news here via @connachtrugby @RTErugby @BreakdownRTE https://t.co/ax4dGLM404]]></document>
		<document><![CDATA[Great great news @thomasniblock https://t.co/TUpOJGOglh]]></document>
		<document><![CDATA[Ha ha, Lose the glasses @okmick https://t.co/R1JEpg8NyY]]></document>
		<document><![CDATA[Mind you @Sarraelgan I'm not chewing the ear of  @davidflatman either.... https://t.co/dvniEgF1R2]]></document>
		<document><![CDATA[Congrats @connachtrugby great  win https://t.co/sGaqENoWxA]]></document>
		<document><![CDATA[Thanks @Meadejonathan 👍 https://t.co/65RorCzhUs]]></document>
		<document><![CDATA[Cheers @RyanConstable13 a few long flights ahead for you. Have a great break, hope you get to Noosa mate 🍻 https://t.co/Jmla27NW0G]]></document>
		<document><![CDATA[Just to give you a teaser @JMNeethling this is the view so far @LeicesterTigers v @Munsterrugby @SatSportRTE https://t.co/lCHy13DnrK]]></document>
		<document><![CDATA[#WRWC2017 update here via @dominicrumbles @IrishRugby @RTErugby @SatSportRTE https://t.co/BNU8dIhbPZ]]></document>
		<document><![CDATA[The office view today, @LeicesterTigers v @Munsterrugby live @SatSportRTE @RTERadio1 315pm @RTErugby https://t.co/ECkBZHnnHI]]></document>
		<document><![CDATA[Hey @sumostevenson remember ur early days.... https://t.co/o79XrbFn9J]]></document>
		<document><![CDATA[@willielose @sumostevenson mate how unfair on @taytomokino is that? https://t.co/ABYiqYuKXc]]></document>
		<document><![CDATA[Many thanks @irishemtweets https://t.co/diDlbSgVUe]]></document>
		<document><![CDATA[Hey @OLSCRugby any venues in Birmingham showing @leinsterrugby v @SaintsRugby 🎙📺 https://t.co/nbm8Kz6nBg]]></document>
		<document><![CDATA[@LeicesterTigers v @Munsterrugby live @SatSportRTE @RTERadio1 tomorrow from 315pm @RTErugby @epcrugby @sportsdes https://t.co/vx0W2CFjir]]></document>
		<document><![CDATA[Not sure @TheSJTobin @lynseykiely will make this happen.... https://t.co/4YvM4PE8iW]]></document>
	</documents>
</author>