<author lang="en">
	<documents>
		<document><![CDATA[Im used to people getting my first name wrong, but seriously... Not only have they called me Mr., but SERIOUSLY?! S… https://t.co/q7zxd1zBm2]]></document>
		<document><![CDATA[Throwback to when my Tinder comebacks were a lot stronger. https://t.co/S9N18NxA1j]]></document>
		<document><![CDATA[Best of luck to Louth attempting to get a respectable defeat against Dublin in the #OByrneCup final today.]]></document>
		<document><![CDATA[Huge congrats to Jimmy Carr winning the #AustralianOpen  👏🏼👏🏼 https://t.co/36jNyIf49c]]></document>
		<document><![CDATA[Still adore the fact that smokey bacon tayto is suitable for vegetarians. SMOKEY BACON. https://t.co/4c805jUdeA]]></document>
		<document><![CDATA[Yo @Sia , "party girls don't get hurt" ?? Clearly you've never had to decide between a spice bag &amp; coke, or taxi home with your last tenner]]></document>
		<document><![CDATA[@Jamie_Kelly10 but in fairness, screw you and your dundaaaaaalk accent. 🙃🙃🙃]]></document>
		<document><![CDATA[@Jopast22 ahaha divided opinion currently!! Some think it's a bit sour 😄]]></document>
		<document><![CDATA[@vonstrenginho this time last week I was creating "The Fear" Meme... Now look at me!! 🙈]]></document>
		<document><![CDATA[@BeardedGenius well, it was fun while it lasted. 💜]]></document>
		<document><![CDATA[I quickly read the back of the milk this morning. I semi-skimmed it.]]></document>
		<document><![CDATA[@Jamie_Kelly10 did I ever show ya this one I made? https://t.co/IKt4tQGNTy]]></document>
		<document><![CDATA[@JustineMulliga I literally feel the same! 💜🙈 Someone once pointed to me Justine is 'Justine Fine' minus the F. So yknow, we're just fine!😋]]></document>
		<document><![CDATA[@JustineMulliga FELLOW JUSTINE!💜 I've known you from FACTS videos with my pal @PaddyKMurphy and never quite known how to say hi.Until now.😂]]></document>
		<document><![CDATA[@MunchkinNikki @Herdotie haha I sincerely appreciate that feedback Twitter friend!  💜💜]]></document>
		<document><![CDATA[Well y'know what they say Ciaran, Buckfast gets ya f*cked fast... #FirstDatesIRL https://t.co/OaVrMMDX0u]]></document>
		<document><![CDATA[He should've just got "No Regerrts" tattooed on his Arse. #FirstDatesIRL]]></document>
		<document><![CDATA[I don't know what's worse, the fact they took a selfie, or that dodgey peace and pout. #FirstDatesIRL https://t.co/0UMA7zypcu]]></document>
		<document><![CDATA[#ThrowbackThursday to the night I went out, and woke up to this... I still have absolutely no idea. https://t.co/zfVVDk2bsu]]></document>
		<document><![CDATA[This is the cast of Men in Black now. Feel old yet? #ThrowbackThursday https://t.co/KRYM7D4X2I]]></document>
		<document><![CDATA[Oi, Shepherds. You've been warned. https://t.co/bPpGBSeX57]]></document>
		<document><![CDATA[The most sexual looking pear I've ever eaten. https://t.co/16omTDyuJx]]></document>
		<document><![CDATA[WHY is there a positive depiction of binge/'competitive' eating online recently? It's also part of a spectrum of serious eating disorders.]]></document>
		<document><![CDATA[Hey @DamianClark , this time last week we were out beating the blues! (And discussing burritos.) 🌯🌯 https://t.co/CI2QexUbR8]]></document>
		<document><![CDATA[Yes, that's the clouds being reflected on the water. Carlingford you ride. https://t.co/oy2tMR4EcQ]]></document>
		<document><![CDATA[@98FM @ElChiefMoore @JOEdotie much thanks all! :)]]></document>
		<document><![CDATA[Seeing the Father obliviously drinking from this mug has 100%  just made my day. https://t.co/7gjYh1d4fB]]></document>
		<document><![CDATA[Actually not possible for me to love my new screensaver any more than I do. https://t.co/JRgSIdNdPJ]]></document>
		<document><![CDATA[Eh Mam I'd say the drinks are probably cold enough in the fridge... I doubt you need to put the fridge outside. https://t.co/B6t8tYUkp5]]></document>
		<document><![CDATA[Which would you prefer? #LovelyCans]]></document>
		<document><![CDATA[Nothing says "welcome home Justine, we haven't seen u in a month!" like my Mother informing me of the last 7 deaths in the area I've missed.]]></document>
		<document><![CDATA[It is so upsetting that this is the last day this scene can truly be appreciated... #TrumpInaugural https://t.co/Ko0KcF1VA0]]></document>
		<document><![CDATA[Saw La La Land yesterday, and all I can say is 'Here's to the ones that dream.' 💜👏🏼 Oh and I want Chicken from Seb's.]]></document>
		<document><![CDATA[He ordered a "mushroom cappuccino" Did I just hear that right? #FirstDatesIRL]]></document>
		<document><![CDATA["She was very good looking... in fairness to her." WTF. #FirstDatesIRL]]></document>
		<document><![CDATA[Wow. Such a powerful connection between these two. "Say dead on in my accent." #FirstDatesIRL]]></document>
		<document><![CDATA["Do you... Watch the Gaelic?" What an opener. #FirstDatesIRL]]></document>
		<document><![CDATA[Go on @PaddyKMurphy ! 😂👏🏼 "Oh God!" #FirstDatesIRL]]></document>
		<document><![CDATA[Ah it's back, And as awkward as a Dad at a Debs. #FirstDatesIrl]]></document>
		<document><![CDATA[Michael Twatley.]]></document>
		<document><![CDATA[Yes this is my new favourite Tshirt, Yes I did get it in the men's section, No I'm not ashamed of that. 👕 😋… https://t.co/ydp7v0evcD]]></document>
		<document><![CDATA[@CiaranOConn0r @stevencooperdj twas actually @FaolainLuke that was telling me! #ScarlehForYa #BetterLuckNextTime 💜😄]]></document>
		<document><![CDATA[@Jenniferpurc ahaha this is my favourite notification today Jennifer! oh hey Gurrl! 😂💜👋🏼]]></document>
		<document><![CDATA[Heard Cooper whooped your arse at Burpees today?? 😄@CiaranOConn0r]]></document>
		<document><![CDATA[Got locked in a room in WeEscape Smithfield today with 60 mins to break out for #SplitMovie!All part of the job at… https://t.co/4VKubJWg5W]]></document>
		<document><![CDATA[@Universal_Irl @JOEdotie sure we had the dream team! 😜💪🏼]]></document>
		<document><![CDATA[@SandraHoulihan @CiaraODoherty @Universal_Irl @JOEdotie ahaha! I never knew how important Sudoku would become in my life/escape... 💜😂😋]]></document>
		<document><![CDATA[NASA headquarters has really downsized. https://t.co/Zy0xjI4RE1]]></document>
		<document><![CDATA[@Ryan_Smith94 I won't rest until there's a Canentines Day.]]></document>
		<document><![CDATA[Please shops, It's too early for this shite. https://t.co/CzlfGKECli]]></document>
		<document><![CDATA[@Joe_Panama Chinese take away menus/lovely cans.]]></document>
		<document><![CDATA[@Kev92Kelly it's still no holding a stapler to the ear though. 😂]]></document>
		<document><![CDATA[#Snow in Rathmines, Dublin now 😊❄️ https://t.co/C7COt5DGio]]></document>
		<document><![CDATA["They're not dogs, they're humans, they're people. They have a pulse just like me and you and… https://t.co/0xwtfwZEHX]]></document>
		<document><![CDATA[And here's one we made earlier 🙃 #Trump https://t.co/THBc8hUVKo]]></document>
		<document><![CDATA[Yo Trump, how small actually is your brain? https://t.co/hfgvH37gtZ]]></document>
		<document><![CDATA[In fairness who wouldn't love to piss all over him.]]></document>
		<document><![CDATA[@MichelleHugs @Jamie_Kelly10 I hate you both. Equally.]]></document>
		<document><![CDATA[@Jamie_Kelly10 @MichelleHugs I do NOT appreciate that hashtag lads... #StillRecovering #TheHorror 😐😐]]></document>
		<document><![CDATA[@Jamie_Kelly10 @MichelleHugs ITS HENRY FFS]]></document>
		<document><![CDATA[This will still be the finest headline to come from County Meath: https://t.co/HhFWsD8rnh]]></document>
		<document><![CDATA[@twitgaeilge @ThisisiRadio ahaha surprisingly not, as much as this is something I would do in my hour of need... 😂]]></document>
		<document><![CDATA[@MichelleHugs I know! 😂🙈 Ledge!]]></document>
		<document><![CDATA[My mate texts: "if the door knocks, answer it". Alas it does, and I open it to a Dominoes delivery man.… https://t.co/HqwvPy78Yh]]></document>
		<document><![CDATA[@MichelleHugs @thehappypear @Macreddin oh mother of god YES! 😍]]></document>
		<document><![CDATA[Cans in January? Canuary.]]></document>
		<document><![CDATA[What a first half and start for Andy McEntee as Bainisteoir!  👏🏼 (HT) : Meath 1-13, Wicklow 0-2. #AnMhíAbú #OByrneCup #GAA @MeathGAA]]></document>
		<document><![CDATA[@brilliantshane I tried writing a sitcom about if Jesus had been Irish, I've the pilot episode finished called the 'pontious pilot.']]></document>
		<document><![CDATA[@MeathGAA What a start!!  13 minutes played, Meath 1-7 Wicklow 0-0 ! #AnMhíAbú  #GAA 👏🏼💚💛]]></document>
		<document><![CDATA[Best of luck @MeathGAA in the first #OByrneCup match under new manager Andy McEntee here in Pairc Tailteann 👏🏼]]></document>
		<document><![CDATA[@brilliantshane @Joe_Panama if you ask Joe Dolan nicely, he might let you have Joe Show.]]></document>
		<document><![CDATA[Meet or pass? xo — Who you luvin xoxo  https://t.co/7Dr8owhhY8]]></document>
		<document><![CDATA[U used to be really thin in our school for ages nd ... — Well I used to have anorexia.  https://t.co/h9pZDZnsrt]]></document>
		<document><![CDATA[Who uses desktop these days?! All about the mobile ... — Well that escalated quickly 😳😂😂😋 https://t.co/RSBaw5XjJv]]></document>
		<document><![CDATA[Aw that elusive "click"! — Online, click, see what I did there?? 😜  https://t.co/FbJ1J3fwtz]]></document>
		<document><![CDATA[Have you ever been on a date with someone you met o... — I have. Don't think there's a good or bad way to me... https://t.co/0DtR56GFB2]]></document>
		<document><![CDATA[You have beautiful eyes — Ah here! Quit the messin! Verrdy sound Anon.  https://t.co/xVjtX54ZSA]]></document>
		<document><![CDATA[Fave musician? — Bon Iver or Explosions In The Sky.  https://t.co/Usecyj8o4o]]></document>
		<document><![CDATA[Are u honest — Probably my biggest flaw, I'm too bloody honest by ... https://t.co/3UJfF6vFc8]]></document>
		<document><![CDATA[Biggest regret from 2016?? — Jesus Christ... Err probably some of my antics whil... https://t.co/M2K57YVUFt]]></document>
		<document><![CDATA[Made some honest fortune cookies for 2017 for work! Always happy to dig at Liverpool. 😄 #TruthHurts (Arsenal will a… https://t.co/mA02tYLfjq]]></document>
		<document><![CDATA[@CiaranOConn0r who's Ed Sheehan Ciaran?... 😜😜🙈]]></document>
		<document><![CDATA[@Jamie_Kelly10 well played sir... Well played indeed.]]></document>
		<document><![CDATA[@CiaranOConn0r He appeals to me because he's also ginger. #GingersUnited #WeStickTogether]]></document>
		<document><![CDATA[@Jamie_Kelly10 he's grand. He was asking for Joanne.
😄😄😄 #FeelThatBurn]]></document>
		<document><![CDATA[@Jamie_Kelly10 don't worry, I'll tell him you were asking for him as well Kelly ya dope. #MonTheTown]]></document>
		<document><![CDATA[@panoparker Why thank you face in teletubbies sun!! ☀️🙌🏼 #KeepItComingSir !]]></document>
		<document><![CDATA[@panoparker WHY am I only seeing this now. 👏🏼💜]]></document>
		<document><![CDATA[My Saturday morning read. 💜 https://t.co/A47ZEVhBLu]]></document>
		<document><![CDATA[My Dad constantly opens my post. This week I'm sending myself a fake letter confirming my emigration dates. LETS SEE HOW YOU LIKE THAT DAD.]]></document>
		<document><![CDATA[The night I popped my cherry. https://t.co/8ou3KzGRp1]]></document>
		<document><![CDATA[@twitgaeilge would you believe that's actually the stuff I'm using currently! Hasn't helped yet unfortunately!]]></document>
		<document><![CDATA[@edsheeran's two new releases have made my first week of 2017. #WelcomeBackEd]]></document>
		<document><![CDATA[Coughing Level upgraded to: "I currently sound like seven fog horns."]]></document>
		<document><![CDATA[It's hard not being the favourite child... Particularly when you're the only child.]]></document>
		<document><![CDATA[@MichelleHugs "I told the waitress, I CAN eat this." Your words Michelle, your words... 😂😂]]></document>
		<document><![CDATA[@MichelleHugs what a tweet 😂]]></document>
		<document><![CDATA[@MichelleHugs yes we really do 💜]]></document>
		<document><![CDATA[@MichelleHugs still laughing at your FB mail 😂😂💜]]></document>
		<document><![CDATA[@EoinBrosnan @IsmiseDavid ahaha deal! So long you get up there next Brosnan!!]]></document>
	</documents>
</author>