<author lang="en">
	<documents>
		<document><![CDATA[trinity has nice mirrors https://t.co/IgMZVlhmbK]]></document>
		<document><![CDATA[the entirely vegan team win the quiz and a mountain of chocolate @coogiebearr @motherofnaggins https://t.co/NtrKzHFbSz]]></document>
		<document><![CDATA[desperately trying to get into the Moms Who Drink And Swear facebook group https://t.co/MXsdtfOsdg]]></document>
		<document><![CDATA[me @ all of ur Twitter valentine's tweets https://t.co/CYUkVH9SxT]]></document>
		<document><![CDATA[@mormonhorse they KNOW]]></document>
		<document><![CDATA[[Valentine] @greeneggs_'s Valentine should be @mormonhorse! Who should be yours?
via https://t.co/EROOMyAc5l https://t.co/ndCe6bX4Hu]]></document>
		<document><![CDATA[@_hotdelicious out of context, a bit unnerving]]></document>
		<document><![CDATA[@_hotdelicious I was going to reference the almost pun but felt like it would somehow make it even more dry]]></document>
		<document><![CDATA[@katiebethscully this is great thank u]]></document>
		<document><![CDATA[@Ciarabelles this is great thank u]]></document>
		<document><![CDATA[this may be my driest tweet of all time but am tracking how much water I drink &amp; how many mls is in one of these cu… https://t.co/O9GvAd8iKl]]></document>
		<document><![CDATA[@robertmilling meanwhile in Citywest my very queer weekend has been toned down to "and what makes the cocktails vintage now?"]]></document>
		<document><![CDATA[@Cat_theBaker spot prizes for the first-timers]]></document>
		<document><![CDATA[Had such a lovely weekend. Now to construct the "boring but not too boring" lie to tell people in work when they ask what I've been up to.]]></document>
		<document><![CDATA[@Cat_theBaker STI screening round]]></document>
		<document><![CDATA[@mormonhorse pretty sure that this isn't allowed but it's happening https://t.co/rDRr8EdWaQ]]></document>
		<document><![CDATA[@AarontYouGreat was great to see you, pal 💕]]></document>
		<document><![CDATA[@smaishling @motherofnaggins I'm taking the spice cupboard in the divorce but Becks can keep the paprika]]></document>
		<document><![CDATA[@robertmilling @smaishling I am not wrong]]></document>
		<document><![CDATA[@motherofnaggins @smaishling smoked paprika is nothing without cumin]]></document>
		<document><![CDATA[@hollabackbuoy @smaishling of course!! my door is always open, my slow cooker is always full]]></document>
		<document><![CDATA[@smaishling paprika is not right, cumin is the correct answer]]></document>
		<document><![CDATA[still hungover but also still ready to showcase my other tank top - this time in horrible pink https://t.co/DD8XmlAdun]]></document>
		<document><![CDATA[Azealia Banks' Instagram story is too real https://t.co/DROH8tUaze]]></document>
		<document><![CDATA[Not sure what I was hoping for but I definitely wasn't expecting it to be brown and make the house smell like a har… https://t.co/A5OaSPRjzE]]></document>
		<document><![CDATA[@bewkhewker no this is more of an experiment situation]]></document>
		<document><![CDATA[why... have I ordered this... https://t.co/MRLGMot6bN]]></document>
		<document><![CDATA[@FionnualaJay my number 1 fan]]></document>
		<document><![CDATA[@emconcannon would have killed for them last night tbh]]></document>
		<document><![CDATA[Mairéad fell asleep in the middle of taking a selfie last night https://t.co/9y8o1ldtJ7]]></document>
		<document><![CDATA[is Anita not paying water still around??]]></document>
		<document><![CDATA[Aishling it's not Christmas https://t.co/D1LUVr8nNP]]></document>
		<document><![CDATA[@0edipussy honestly I need to stop saying honestly]]></document>
		<document><![CDATA[@0edipussy honestly both are great https://t.co/cxftDvlEtE]]></document>
		<document><![CDATA[honestly in love w/ @0edipussy https://t.co/kPT3XfFTIz]]></document>
		<document><![CDATA[@bebostunner I know was directed @0edipussy]]></document>
		<document><![CDATA[hello young twitter, I'm in Workman's will u accept me now https://t.co/XY315HMdGB]]></document>
		<document><![CDATA[@zintendo @shookbitnch shangri la are good but it's not called a spice bag fyi it's like "meal I" or s/t]]></document>
		<document><![CDATA[another win by being disgusting my friends]]></document>
		<document><![CDATA[a lady is standing too close to me so I'm pretending to cough so she'll think I'm sick and move away]]></document>
		<document><![CDATA[THIS TRAM IS OUT OF SERVICE FROM BELGARD ARE ACUTALLY KIDDING ME]]></document>
		<document><![CDATA["oh sam u have a date? sorry it's gonna take 20 mins for a sliding tube of death to get to you, we've lost a few trams somehow"]]></document>
		<document><![CDATA[@LeanIago I get the red line which is so irregular and sometimes takes nearly an  h o u r  to get to town]]></document>
		<document><![CDATA[the luas genuinely actively tries to ruin my life]]></document>
		<document><![CDATA[@toastykneecaps @mormonhorse @Cat_theBaker @FionnualaJay gonna make this a problem for weekend sam to resolve]]></document>
		<document><![CDATA[@toastykneecaps @mormonhorse @Cat_theBaker @FionnualaJay hmm... I may need to have a think bcos just remembered (again) that I've free Zumba]]></document>
		<document><![CDATA[@toastykneecaps @himynameisaine seconding chop chop v reliable]]></document>
		<document><![CDATA[@mormonhorse @toastykneecaps @Cat_theBaker @FionnualaJay what about elbows]]></document>
		<document><![CDATA[@mormonhorse @toastykneecaps @Cat_theBaker @FionnualaJay I would be the same but cinema is on Tuesdays]]></document>
		<document><![CDATA[@mormonhorse @toastykneecaps @Cat_theBaker @FionnualaJay what abt Mondays at 6 in Mount Carmel? Could we make that/is that best location?]]></document>
		<document><![CDATA[@mormonhorse @toastykneecaps @Cat_theBaker @FionnualaJay I want few sexy moves for you to learn]]></document>
		<document><![CDATA[@toastykneecaps @Cat_theBaker @FionnualaJay also adding in @mormonhorse]]></document>
		<document><![CDATA[@toastykneecaps @Cat_theBaker will look when I'm back at my desk but is there one near-ish to you guys and/or us?]]></document>
		<document><![CDATA[if you eat gluten free then the carbs don't count]]></document>
		<document><![CDATA[@toastykneecaps @Cat_theBaker do you have a place?? I will 100% join u]]></document>
		<document><![CDATA[@bebostunner tomato base. Added a teaspoon while it was doing its bubble and it made it more savoury and gr8]]></document>
		<document><![CDATA[when people in work try to talk to me but I have my headphones in https://t.co/v4nm23lyaf]]></document>
		<document><![CDATA[@donlothario oh thank go I thought it meant the exact opposite]]></document>
		<document><![CDATA[@CuteCatriona honestly the Thai cooking class I did changed my life. Please keep the recipes so we can swap when you're next here ☺]]></document>
		<document><![CDATA[@bigcolnev no I think you're right but like also... surely there's the same amount of them all the time? I feel like they launch attacks.]]></document>
		<document><![CDATA[@CuteCatriona oh my god I am so jealous I miss the food so much]]></document>
		<document><![CDATA[why am I someone's ma on FB?]]></document>
		<document><![CDATA[PSA: have had my ticket checked every single day on the luas this week and have seen loads of people get fines.]]></document>
		<document><![CDATA[I do like being tall but oh god my limbs love to get in the way.]]></document>
		<document><![CDATA[let's play cc bingo: dublin twitter, narcissist, exclusionary, bully or anything abt how an anon is better than me https://t.co/emh7diK4E6]]></document>
		<document><![CDATA[@Sunil_Gangarh is that u on the First Dates preview??]]></document>
		<document><![CDATA[not a day goes by that I'm not annoyed by the fact that salt and vinegar pringles have milk in but cheese and onion king don't]]></document>
		<document><![CDATA[@bebostunner i put marmite in my curry and let me tell u it is a revelation]]></document>
		<document><![CDATA[@beehassler oh my god I feel like someone in the gym would whip that out and it'd be full of protein mush]]></document>
		<document><![CDATA[@Cat_theBaker @beehassler just wait until you're out of educaton]]></document>
		<document><![CDATA[@Cat_theBaker @beehassler and why did you not record and upload this? THE PEOPLE NEED TO KNOW]]></document>
		<document><![CDATA[the Irish Times' take on an "internet sensation" (spice bag) is just upsetting https://t.co/1huJKOprWe]]></document>
		<document><![CDATA[@beehassler honestly I want to blow everyone in work out out the water with some sort of tower lunch box shenanigans]]></document>
		<document><![CDATA[@dayhlia honestly my dunnes ones with clippy lids have changed my life. Gone are the days of worrying about spillage]]></document>
		<document><![CDATA[a very large part of adult life is spent talking about lunch boxes]]></document>
		<document><![CDATA[@toastykneecaps @CriticalRedPen @NewstalkFM I am going to find a way to take down George Hook mark my words]]></document>
		<document><![CDATA[seeing the biddies doing aqua aerobics to Nicki Minaj's Turn Me On was like watching my future unfold before my eyes]]></document>
		<document><![CDATA[@CriticalRedPen @NewstalkFM this is absolutely infuriating]]></document>
		<document><![CDATA[I am v much here for Explore over Moments https://t.co/rEnboTlwMb]]></document>
		<document><![CDATA[@motherofnaggins @silentb0b_ STOP THIS]]></document>
		<document><![CDATA[@zintendo I actually didn't have it on Tuesday so I reckon it's gone]]></document>
		<document><![CDATA[@bitnch yep, and it's free.]]></document>
		<document><![CDATA[dun dun dun... another one bites the dust https://t.co/mfuBvImm8z]]></document>
		<document><![CDATA[@mormonhorse @Bubblenoma who gave u permission to post photos from my photo shoot]]></document>
		<document><![CDATA[@ChubbyCatUltra @Aisling_Ellen it's on Manor Street right in the middle of Stoneybatter. I will let Ais take u cos r seems... terrifying]]></document>
		<document><![CDATA[@motherofnaggins [whispers] I don't understand the bee or sea references]]></document>
		<document><![CDATA[can we talk about the fucking bee shop in stoneybatter]]></document>
		<document><![CDATA[@DanielSheehan_ either way at at least the reference is there]]></document>
		<document><![CDATA[@DanielSheehan_ I was going for the Sam I Am identity I think]]></document>
		<document><![CDATA[@mammaryglands_ correct yes]]></document>
		<document><![CDATA[I genuinely thought like... everyone knew]]></document>
		<document><![CDATA[@hillyon u r right yes]]></document>
		<document><![CDATA[@__zach @_AltGrEimear ...earl grey...]]></document>
		<document><![CDATA[@__zach @_AltGrEimear capitalist sellout but dem perks tho]]></document>
		<document><![CDATA[Do you understand why my handle is green eggs?]]></document>
		<document><![CDATA[@_AltGrEimear I don't know there are fancy ass lights too https://t.co/CAN3wnaTa3]]></document>
		<document><![CDATA[pretending to work bcos my manager is opposite me but I'm actually watching parks and rec https://t.co/dIrOWqRXth]]></document>
		<document><![CDATA[@bebostunner on my third today 🤔]]></document>
		<document><![CDATA[new taxi driver is explaining to me the wonders of "the blue tooth"]]></document>
		<document><![CDATA[@Ohsamacash I live on root vegetables and let me tell u they are not the reason for any weight gain]]></document>
	</documents>
</author>