<author lang="en">
	<documents>
		<document><![CDATA[@TeaPartyBeauty @EssentialTwenty ooh yeah! I'm sophieblxck 😊]]></document>
		<document><![CDATA[@IsaWonders a couple of dresses from the Binky collection 😍]]></document>
		<document><![CDATA[@IsaWonders I got to sleep eventually haha but purchased two things from in the style this morning 🙈]]></document>
		<document><![CDATA[Regretting scrolling on asos until 2am 🙈]]></document>
		<document><![CDATA[@theauburnagenda literally what I'm doing right now! So good 👌🏻]]></document>
		<document><![CDATA[Absolutely obsessed with the series of unfortunate events on Netflix 👌🏻]]></document>
		<document><![CDATA[@littlebookblog1 @siantweets @dorkfaceblog 😂 it's amazing but it's not good for me.. #thegirlgang]]></document>
		<document><![CDATA[@siantweets @anindptmaven @dorkfaceblog I think that's a genius idea! 👌🏻 #thegirlgang]]></document>
		<document><![CDATA[@dorkfaceblog I try &amp; remember how much I love the feeling of being proud of myself + pushing myself so I try to remember that! #thegirlgang]]></document>
		<document><![CDATA[@anindptmaven @siantweets @dorkfaceblog haha I tell myself I'll be back in bed before i know it and that does the trick 😂 #thegirlgang]]></document>
		<document><![CDATA[@siantweets @dorkfaceblog same, I set my alarm earlier than necessary but still get up later than I should.. #thegirlgang]]></document>
		<document><![CDATA[@siantweets @dorkfaceblog This! 🙌🏻 I have a love/hate relationship with the snooze button #thegirlgang]]></document>
		<document><![CDATA[@dorkfaceblog possibly all of the above 😂 #thegirlgang]]></document>
		<document><![CDATA[@dorkfaceblog I'm Sophie and I'm in desperate need of some motivation and inspiration, help pls 😂  #thegirlgang]]></document>
		<document><![CDATA[@itstamberdi to continue producing content I'm proud of and make some blogger friends! 🙌🏻 #lbloggers]]></document>
		<document><![CDATA[@itstamberdi @LbloggersChat do things that make you happy and make you feel rewarded, then you'll stick to them 👌🏻 #lbloggerchat]]></document>
		<document><![CDATA[Coffee. Coffee. Coffee ☕️☕️☕️]]></document>
		<document><![CDATA[@itstamberdi @LbloggersChat something that results in happiness 💜 #lbloggers]]></document>
		<document><![CDATA[✨ Struggling with body confidence https://t.co/LwxhOJg8jb #lbloggers @UKBloggers1 @FemaleBloggerRT https://t.co/kRmJF9H9Dz]]></document>
		<document><![CDATA[@LifeOfBeaa I watched the last one again the other day so I seem to be going backwards 😂 X]]></document>
		<document><![CDATA[@LifeOfBeaa ooh maybe I'll do that later too 😂]]></document>
		<document><![CDATA[Gonna spend my Sunday re-watching gossip girl from the start cause why not 💁🏼]]></document>
		<document><![CDATA[@girltartanscarf thank you! just hope they look okay 😂]]></document>
		<document><![CDATA[@girltartanscarf they're so pretty! 😍 https://t.co/2S7SN4J6S5]]></document>
		<document><![CDATA[Just come across @frances_kayley blog, absolutely love it, got a lot to catch up on👌🏻]]></document>
		<document><![CDATA[@_amethyst_rose @YouTube congrats! I'll be sure to take a look X]]></document>
		<document><![CDATA[Ordered my Ray bans 🤓✨🙌🏻]]></document>
		<document><![CDATA[✨ Things to tell yourself when you’re struggling with self confidence https://t.co/62QMpv8Xoy #GRLPOWER #bloggerblast #bloggerlife]]></document>
		<document><![CDATA[Have so much to do but I just wanna eat my chocolate pudding and read my book 🙄]]></document>
		<document><![CDATA[@loveellenagrace congrats! An amazing achievement 😊]]></document>
		<document><![CDATA[Thoughts for when you’re struggling with body confidence ✨💪🏻 https://t.co/dThjfSVz5p  #blogger @BBlogRT #lblogger https://t.co/yP0FJGYozF]]></document>
		<document><![CDATA[Working on a self confidence post and I am so excited to get this one up! 😁]]></document>
		<document><![CDATA[I'm always tired but can never sleep, where is the logic ?? 💁🏼]]></document>
		<document><![CDATA[@vvnightingale Awh thank you so much! 🙈😊 X]]></document>
		<document><![CDATA[Forgot how happy blogging made me, so happy to get that back 😊]]></document>
		<document><![CDATA[Love buying people stuff, just need more money 🤔]]></document>
		<document><![CDATA[@luxestyleuk @BBlogRT thank you so much 😊 X]]></document>
		<document><![CDATA[New post ✨ Why it’s okay to have very few friends in your 20’s: https://t.co/fi9kfARDQ7 #bdib #GRLPOWER @BBlogRT #lbloggers]]></document>
		<document><![CDATA[Would anyone be interested in a post on how to get paid freelance writing work? #bloggers]]></document>
		<document><![CDATA[@emilycbeauty such a pretty picture!]]></document>
		<document><![CDATA[@Blogsdoitbetter @__ClaireMac had such a great time, thank you for being a fab host 😊 I'm at https://t.co/v9BCMseZ39 #bdib]]></document>
		<document><![CDATA[@BelleBrick @LifeOfBeaa it's a strong look but for all the wrong reasons 😂]]></document>
		<document><![CDATA[@Blogsdoitbetter work two jobs in customer service but finally have paid writing work now so looking up! 💪🏻 #bdib]]></document>
		<document><![CDATA[@LifeOfBeaa @BelleBrick I wanna google him now but I'm scared to shatter those dreams 😂]]></document>
		<document><![CDATA[@alicespake @egofootwear deffo might treat myself! 😋]]></document>
		<document><![CDATA[@LifeOfBeaa @BelleBrick @Blogsdoitbetter I know and he's deffo married 😭]]></document>
		<document><![CDATA[@BelleBrick @Blogsdoitbetter oh he was 😍]]></document>
		<document><![CDATA[@alicespake @egofootwear thank you! Sorry I should have read the other tweets I just got a bit excited about them 😂]]></document>
		<document><![CDATA[@Blogsdoitbetter the guy from Angus thongs and perfect snogging, I don't even know his name 🙈😂 #bdib]]></document>
		<document><![CDATA[@theapresgal @Blogsdoitbetter dressing gowns 😂🙌🏻 forgot how amazing they are! #bdib]]></document>
		<document><![CDATA[@_LDNmuse_ @Blogsdoitbetter thank you! Not too bad so far 😄 hope it's going well for you too! #bdib]]></document>
		<document><![CDATA[@IDoOnABudget @Blogsdoitbetter I'm hopefully doing a mini break this year, can't wait!]]></document>
		<document><![CDATA[@theowletblog always bring a coat 😂 so true! I love this X]]></document>
		<document><![CDATA[@Blogsdoitbetter not yet but I would like to one day! #bdib]]></document>
		<document><![CDATA[@Blogsdoitbetter Italy, just all of the pasta 🍝🍝👌🏻 #bdib]]></document>
		<document><![CDATA[@alicespake where are these from? I think I just fell in love 😍]]></document>
		<document><![CDATA[@Blogsdoitbetter I definitely will 👌🏻]]></document>
		<document><![CDATA[@Blogsdoitbetter no resolutions, just to work out how to be happy and when I work it out, to do more of it 💁🏼 #bdib]]></document>
		<document><![CDATA[@Blogsdoitbetter To learn what makes me truly happy, to live with my best friend and to naturally have a flat stomach 😂 #bdib]]></document>
		<document><![CDATA[@Blogsdoitbetter @__ClaireMac thank you 💪🏻😊 x]]></document>
		<document><![CDATA[@Blogsdoitbetter it's not happened yet but I intend to go to Tesco and buy a huge chocolate pudding 😂 #bdib]]></document>
		<document><![CDATA[@Blogsdoitbetter @__ClaireMac so excited for this! Have taken a huge break from blogging but ready to get back into it 💪🏻 #bdib]]></document>
		<document><![CDATA[@PMGInfluence whoops 😂]]></document>
		<document><![CDATA[So excited to post this new one tomorrow, finally feel like the old me is back when it comes to writing 💪🏻]]></document>
		<document><![CDATA[Absolutely obsessed with The Chainsmokers, they just can't produce a shit song 👌🏻]]></document>
		<document><![CDATA[Need a chat on tonight, I actually have an evening off! 🙌🏻]]></document>
		<document><![CDATA[@anicess15 I was catching up with Xmas tv 😂 it was a witness for the prosecution on bbc, so good!]]></document>
		<document><![CDATA[Nothing better than a hot chocolate and a good TV drama to get stuck into before bed 👌🏻]]></document>
		<document><![CDATA[Have so many posts I wanna write it's just finding the time 😩]]></document>
		<document><![CDATA[Super excited for Sherlock 🕵🏻]]></document>
		<document><![CDATA[✨ Beauty products I’ve loved this Autumn https://t.co/XDvjWv9oGG #lblogger #bdib #thegirlgang #bblogger 💜 https://t.co/1zLwxUH3ds]]></document>
		<document><![CDATA[I am enjoying doing absolutely nothing far too much, this Sunday really needs to not end 🤔]]></document>
		<document><![CDATA[5 Lessons I've Learnt This Past Year// https://t.co/CBsoA0Z0Qe #lbloggers #bdib #thegirlgang https://t.co/mhHqRDfTdN]]></document>
		<document><![CDATA[Time to do some serious sales shopping 💪🏻]]></document>
		<document><![CDATA[I know everyone's excited for the new year but I'm kinda way more excited for the 3 day weekend 🙌🏻]]></document>
		<document><![CDATA[Taken some blog photos, have found some motivation and cannot wait to get my blog up and running again in a few days 🙌🏻]]></document>
		<document><![CDATA[I just have an addiction to buying new lip products 🙈]]></document>
		<document><![CDATA[I'm not hungry but I just feel like i should be eating 24/7 today 😂]]></document>
		<document><![CDATA[Finding the end of the sellotape will be the death of me]]></document>
		<document><![CDATA[Having an overwhelming need for cheese on toast]]></document>
		<document><![CDATA[Finally getting a post up today, bit of a needed break but feeling motivated again 💪🏻]]></document>
		<document><![CDATA[@luxestyleuk it's so good isn't it! I just need to stay on top of it now haha x]]></document>
		<document><![CDATA[@Jadeylou_ I know! It took so long but it's worth it haha X]]></document>
		<document><![CDATA[@Kumbear_xo ooh that sounds good! I'll have a look, thank you xx]]></document>
		<document><![CDATA[Unsubscribing to all those irritating pointless emails I get sent every. single. day was so satisfying 👌🏻]]></document>
		<document><![CDATA[The kiehls lip balm might just be my new favourite 😍]]></document>
		<document><![CDATA[There's too much vlogmas to watch, I'm actually getting stressed 😅]]></document>
		<document><![CDATA[@FloribundaR yeah they really are! I'm on a coffee ban atm though so that's how I justified buying it 😋]]></document>
		<document><![CDATA[@FloribundaR ooh thank you! Will deffo check those out 😄]]></document>
		<document><![CDATA[teapigs liquorice and peppermint tea is just 👌🏻🙌🏻]]></document>
		<document><![CDATA[@LondonKiwiEmma @LbloggersChat I am inspired to blog by those who read my posts, the amazing community make it worth it ✨ #lbloggers]]></document>
		<document><![CDATA[Anyone have the too faced melted chocolate lipsticks? Any good? 💁🏼 #bblogger]]></document>
		<document><![CDATA[Deffo have work to be doing but let's just watch Harry Potter instead 💁🏼]]></document>
		<document><![CDATA[4 products that have totally transformed my skin 🙌🏻💜✨ https://t.co/9vdmdIiZ89 #bblogger #bdib https://t.co/CNUTlvUZCf]]></document>
		<document><![CDATA[Why is it acceptable to drill at this time on a Saturday 🙄]]></document>
		<document><![CDATA[11 realistic goals that will genuinely make you happier ✨✨ https://t.co/e4pkWIonG3 #teaccupchat #GRLPOWER https://t.co/lEiywXiKFa]]></document>
		<document><![CDATA[Are you all caught up with my blog? ✨ https://t.co/5I3VAisN25 https://t.co/tU56CFQ38u]]></document>
		<document><![CDATA[So excited to go to London tomorrow and take some photos of it in all of its Christmasy twinkly glory ✨✨]]></document>
		<document><![CDATA[Feel like my weeks go so slow then it gets to Thursday night and I'm like "woah that went fast" 😮👌🏻]]></document>
		<document><![CDATA[@W0nnderland @BBlogRT thank you so much 😊 X]]></document>
	</documents>
</author>