<author lang="en">
	<documents>
		<document><![CDATA[Thank god you can turn off photos saving to your phone automatically after being posted in GC, ad have some serious explaining to do 😂😶]]></document>
		<document><![CDATA[@abbielouise14_ aw fuck I've just jumped in a taxi, thanks tho!!]]></document>
		<document><![CDATA[There's actual nae need in my family having 7 cars and a 4 car drive, forever blocked in, nippy]]></document>
		<document><![CDATA[@blairtickhill1 I've just been informed, one love for the Tickhill family 💙]]></document>
		<document><![CDATA[Boyd managing to get me and elrow ticket after there sold out by waiting in the que, one love ❤️]]></document>
		<document><![CDATA[See if you buy tickets just to sell on, your an absolute worst cunt.]]></document>
		<document><![CDATA[Junction 2 line up is class, dancing under a motorway in June 💃🏽]]></document>
		<document><![CDATA[DarQ tomorrow to kick off all these events happening in these next few  months 🕶]]></document>
		<document><![CDATA[Haha yesss, roll on April ☀️💃🏽 https://t.co/es6MsICMnC]]></document>
		<document><![CDATA[pfft dry January, completed it mate #gymsundays]]></document>
		<document><![CDATA[@rybrownx Happy Birthday ryan mate!! Hope your days class 🎈]]></document>
		<document><![CDATA[Nightvison bringing in Paddy T 👀 yes chief 🕶 @Patrick_Topping]]></document>
		<document><![CDATA[@michaelirvine11 @JohnnyStuart17 what was its name again 😂]]></document>
		<document><![CDATA[@deanthebean2012 @Jaykerr44 @yiannimize if you can wrap Christmas presents, you can wrap a car]]></document>
		<document><![CDATA[Buzzin to get the new motor this weekend 😬 wheels getting booked in for gloss black straight away and roof and mirirors wrapped ⚫️]]></document>
		<document><![CDATA[@deanthebean2012 @tomorrowland fk the h8rs]]></document>
		<document><![CDATA[@dionmacdonald happy birthday mate, hope you've had a good day 🎈!]]></document>
		<document><![CDATA[What an album btw ♫ https://t.co/D0whPK1P3K]]></document>
		<document><![CDATA[Wish I could rewind time, what a night this was 💥 https://t.co/8Mkqq8mac7]]></document>
		<document><![CDATA[Len Faki round 2 coming up 🕶🔥]]></document>
		<document><![CDATA[@samp0llockX it's no even the same colour 😂 n yours isn't an R line is it?]]></document>
		<document><![CDATA[@LiammPreston hey beautiful x https://t.co/o8rnBQBTR6]]></document>
		<document><![CDATA[What a shite sleep urghhh]]></document>
		<document><![CDATA[New car this month is happening 💰]]></document>
		<document><![CDATA[@michaelirvine11 flowers, bag of tea bags n a paper]]></document>
		<document><![CDATA[How gids it when you come home from work and just collapse on your bed]]></document>
		<document><![CDATA[Praying that's Maceo above Assault systems 🙏🏼 Ida, Rodhad.. https://t.co/UdANBTFJ1Z]]></document>
		<document><![CDATA[Gonna be extremely hard to top last years new year.. What a place! https://t.co/DsbxM4kRLZ]]></document>
		<document><![CDATA[Some decent events in Edinburgh next few months starting with Eats Everything in Feb 😛👾]]></document>
		<document><![CDATA[@kylefergusonx Happy Birthday lad!! Hope it's a good one!! 🎈 🎉]]></document>
		<document><![CDATA[Not looking forward to the early rise tomorrow but don't work, don't get paid.. 💷💰🔨]]></document>
		<document><![CDATA[@LPGreig Happy Birthday brer, hope its been a cracker 🎈 🎉]]></document>
		<document><![CDATA[First Gym session of the year in, many more to follow 🏋🏽🏊🏽🌴☀️]]></document>
		<document><![CDATA[Hate when you finish a series and dunno what to do with your life anymore]]></document>
		<document><![CDATA[Actual feel like I've been off work for about a month, deffo going on holdiay this time next year #boreddd]]></document>
		<document><![CDATA[MVG deserved that, can't fault Gary Anderson but, what a game!! 🎯]]></document>
		<document><![CDATA[Ad actual love to go to the darts, looks class 😂🍻🎯]]></document>
		<document><![CDATA[So buzzed for the darts final tonight!! 🎯]]></document>
		<document><![CDATA[Carl Cox revealing a tshirt at tobacco docks saying 'Pure Carl Cox Ibiza 2017' haha yesiii]]></document>
		<document><![CDATA[Some place the Gashouder https://t.co/VWZJ4jrnve]]></document>
		<document><![CDATA[@AliciaDyet a will if we actually make it there at this rate 😂 3.45 flight home tomorrow!]]></document>
		<document><![CDATA[When your flights delayed 9hours lololololol]]></document>
		<document><![CDATA[Tomorrow 🤣🔊💥🕶 https://t.co/p8Xkqz3w2T]]></document>
		<document><![CDATA[@josephcapriati set doesn't start till 6.30am in the gashouder, Friday is gonna be fireeee 🔥]]></document>
		<document><![CDATA[Is it Friday yet???? 48H https://t.co/Yy1iJ39Xak]]></document>
		<document><![CDATA[Canny believe how fast elrow sold out, absolute joke 😭]]></document>
		<document><![CDATA[Bicep n Denis Sulta annouced for FLY festival 🙌🏾]]></document>
		<document><![CDATA[@RebeccaMcEwan_ I've honestly nae idea but I recon about £70ish like]]></document>
		<document><![CDATA[Right get the cheese board out 🧀]]></document>
		<document><![CDATA[@jessesmith62 fact]]></document>
		<document><![CDATA[A can actually smell the lynx Africa from upstairs]]></document>
		<document><![CDATA[@Courtneygille16 omg he actually has a heart ❤️]]></document>
		<document><![CDATA[9.30am finish, no more work for 2weeks and holiday pay, what a fucking day! 🍾🍻]]></document>
		<document><![CDATA[Relationship Goals https://t.co/IZunhPpJ4i]]></document>
		<document><![CDATA[Mexican food &gt; every other food 🇲🇽]]></document>
		<document><![CDATA[Sun rise is spectacular this morning 🌅]]></document>
		<document><![CDATA[In the cloob n a legit feel 40 wtf has happened]]></document>
		<document><![CDATA[@paigestewartxx3 @Creamfields just seen this now, unreal eh!!]]></document>
		<document><![CDATA[@ItsAllTechno @Patrick_Topping purely because of that wildcard creamfields set, waaaoh]]></document>
		<document><![CDATA[To FLY club or not, that is the question]]></document>
		<document><![CDATA[Can't wait for more of this at @Creamfields Deadmau5 b2b Prydz https://t.co/5c2TfBk31L]]></document>
		<document><![CDATA[@michaelirvine11 life goals right there 😂]]></document>
		<document><![CDATA[I want a Matt black RS3 for my Christmas plz]]></document>
		<document><![CDATA[Buzzing to try this out, new gym @ Ozone in mayfield, intense circuits = dead 🏋🏽‍♀️🏃🏽 https://t.co/Z00zbh8s3O]]></document>
		<document><![CDATA[@jessesmith62 meet me @ the club]]></document>
		<document><![CDATA[@jessesmith62 u can't go in the pool coz you got a tat u said 🙄]]></document>
		<document><![CDATA[Can't beat an early morning swim and sauna, feeling healthy 🏊🏽🍉]]></document>
		<document><![CDATA[@eats_everything cheers mate, thanking you 💃🏽👏🏽']]></document>
		<document><![CDATA[@eats_everything Any chance of an ID on the track mixed with faithless vocal?? Was at Cream! https://t.co/bVkOh1PXGa]]></document>
		<document><![CDATA[My fav thing about winter is the FLY nights out 💃🏽]]></document>
		<document><![CDATA[Seriously buzzing for this, hurry up Easter!! ☀️🌴💃🏽 https://t.co/WBQDOjLu3o]]></document>
		<document><![CDATA[Just got ID'd for paracetamol, jobsworth]]></document>
		<document><![CDATA[A cah breathe man, absolute chocked!!! 🤒🤕]]></document>
		<document><![CDATA[Urghhh what a shit sleep 😫]]></document>
		<document><![CDATA[@deanthebean2012 official shagger tomoz but #whitegoods]]></document>
		<document><![CDATA[Boy Bianchi - Fireworks (Joris Voorn Remix) by Joris Voorn #np on #SoundCloud https://t.co/FLBNgur3eg]]></document>
		<document><![CDATA[3 bacon rolls every Sunday morning 🐷 🐷 🐷]]></document>
		<document><![CDATA[Joris Voorn last night was serious, same with Eli &amp; Fur, wildcards 🔥]]></document>
		<document><![CDATA[Joris Voorn, Kölsch, Andrea Olivia &amp; Groove Armada tomorrow, goodnight 🐜]]></document>
		<document><![CDATA[@deanthebean2012 mon the bevy]]></document>
		<document><![CDATA[Carl Cox Space Is The Place documentary, what a watch, what a guy!]]></document>
		<document><![CDATA[Gotten to that age where I don't want anything for Christmas just to spend it with fam and friends 🎄🍻]]></document>
		<document><![CDATA[Remix of the year, praying someone plays this at ants on fri ♫ https://t.co/WI1GGu2e1A]]></document>
		<document><![CDATA[Door number 1 of the advent calendar the morn fkn buzzin]]></document>
		<document><![CDATA[@DaleMcalonie happy birthday mate hope you have a good one!! 🎉 🎈]]></document>
		<document><![CDATA[Hope next year folk leave the here we fucking go chant at gigs in 2016]]></document>
		<document><![CDATA[Lost and found booked for next year in Malta wi the troops, fucking keeemann!!! 🌴☀️🏊🏽🇲🇹 https://t.co/T9iniztqdQ]]></document>
		<document><![CDATA[Ants next weekend but.. #WHP 🐜]]></document>
		<document><![CDATA[Bored x100]]></document>
		<document><![CDATA[@kylefergusonx He's class!! Gonna give it a miss couldn't hack work the morn 😂, goodluck the morn if u decide to put yer dancing shoes on 💃🏽]]></document>
		<document><![CDATA[Gutted Skreams playing Edinburgh tonight and I've got work tomorrow 😴]]></document>
		<document><![CDATA[Long live the slam tent 🎪]]></document>
		<document><![CDATA[Eat my dinner and I'm absolutely starving within half an hour 😫]]></document>
		<document><![CDATA[Yesss finally!!  https://t.co/NJGtaNdmor]]></document>
		<document><![CDATA[Real Christmas tree at Christmas or none at all 🎄]]></document>
		<document><![CDATA[Hot shower after a day of working in the freezing cold is fuckin amaze 🚿]]></document>
		<document><![CDATA[@deanthebean2012 @fabriclondon techyes]]></document>
		<document><![CDATA[👏🏽👏🏽 amazing when people overrule the government https://t.co/hPuB2kXrpA]]></document>
		<document><![CDATA[@benjameshughes cheers up mate it'll be Friday soon 😂😂😂]]></document>
		<document><![CDATA[@benjameshughes on a scale of 1 - Monday, how much do you hate Monday https://t.co/spb3AQZAeg]]></document>
	</documents>
</author>