<author lang="en">
	<documents>
		<document><![CDATA[Favre gets his groove back via a spicy garlic Reuben...it's perfect. https://t.co/EWTyTTNGnN]]></document>
		<document><![CDATA[The B-Dubs Reuben sandwich... https://t.co/Szm5ekBZrC]]></document>
		<document><![CDATA[.@CalebJSmith @SpeakerBoehner  &gt; is that a "Grand Bargain" Tahoe I see...?]]></document>
		<document><![CDATA[@MGolicJR57 the only place a steel bar should bend like that is in the matrix.]]></document>
		<document><![CDATA[Been a month. Same problems (and some new ones) still more available than wings...   👎👎

@Uber_DC @UberEATS https://t.co/PC4mkKAdeB]]></document>
		<document><![CDATA[@dpshow &gt; if you're the jets would you give up a first rounder for Drew Bree's today?]]></document>
		<document><![CDATA[@fuelpizza F St. rarely "accepts" an order despite being open on the app and K St. is always "sold out" of half the menu 👎 @UberEATS #grrr]]></document>
		<document><![CDATA[@PaulPabst 1-800-Ask-Gary Amphitheater...aka..."The Big Question Mark"]]></document>
		<document><![CDATA[It needs to say Usion...not Fusion!

@dustinlong @gbiffle @Hooters @TooToughToTame @NASCARonNBC]]></document>
		<document><![CDATA[Let us all revere Revere for that HR larceny. 

@Nationals @masnNationals @SportsCenter #SCtop10]]></document>
		<document><![CDATA[.@espngolic did @Espngreeny just say "wronger"

#mockgreeny]]></document>
		<document><![CDATA[.@jmartNYT &gt; he knows Boehner is gone right....?]]></document>
		<document><![CDATA[.@MGolicJR57 &gt; I'll just leave this here. #judge https://t.co/vQTUPbfWiW]]></document>
		<document><![CDATA[@MEPFuller @connorobrienNH &gt; A pinned Duncan Hunter tweet...?  I'm in. #2987]]></document>
		<document><![CDATA[Couple of dogs at the turn...I can shoot 48 after that.  https://t.co/ZDB6eqTwcf]]></document>
		<document><![CDATA[That's the thing. We don't know either.  https://t.co/8U2CXAaYfq]]></document>
		<document><![CDATA[This. @USGA @usopengolf  https://t.co/Mezm6bLGGw]]></document>
		<document><![CDATA[Hang the trophy over 18⛳️ and bring out the ladders! https://t.co/8Ph9KXcP7E]]></document>
		<document><![CDATA[@ESPNFantasy &gt; baseball app busted? Hasn't updated in a few hours.]]></document>
		<document><![CDATA[.@comcastcares &gt; holiday weekend outage. Typical. Soooo glad I switched to you this month. No #Indy500 #Nats #pgatour]]></document>
		<document><![CDATA[@masnNationals #natibleachertude https://t.co/23yxkRegns]]></document>
		<document><![CDATA[.@FightinHydrant #Natibleachertude https://t.co/6dbgTJYJ9h]]></document>
		<document><![CDATA[Hasn't liked a player yet.... https://t.co/gSYGdw9Eon]]></document>
		<document><![CDATA[You have to be sh*tting me, asshat.  https://t.co/91hDZytQmR]]></document>
		<document><![CDATA[In East Lansing...we don't know what that game is either. #SpartyOn #MarchMadness  https://t.co/LpUY7U57s7]]></document>
		<document><![CDATA[What in the blue hell...? https://t.co/yGZJBOFLzn]]></document>
		<document><![CDATA[Not if they've got a slide fact checking "little Don" .... https://t.co/idaOwdY1t1]]></document>
		<document><![CDATA[I see what you did there.  https://t.co/1HHDq1ZVxe]]></document>
		<document><![CDATA[All is not lost apparently... https://t.co/SHQJswffC1]]></document>
		<document><![CDATA[Just a thought @BretBaier @megynkelly  https://t.co/V7B9uXR6Eq]]></document>
		<document><![CDATA[Someone projects early...before the top of the hour commercial.  https://t.co/r7VJSRljmy]]></document>
		<document><![CDATA[It's gonna be totally high!

How high is that?

TOTALLY!! https://t.co/sQSyld6aKO]]></document>
		<document><![CDATA[Hey slick - @KatrinaPierson has your phone and she's using her "werds" again.     

Cc: @TheRickWilson  https://t.co/UFm5lZFdTB]]></document>
		<document><![CDATA[Put him in a body bag Johnny!!! https://t.co/N0cMps5FWj]]></document>
		<document><![CDATA[The @marcorubio @google it tactic is really smart.]]></document>
		<document><![CDATA[Technically...he's yelling.  https://t.co/VjCpElvCp7]]></document>
		<document><![CDATA[She's good at the spoksing...not the riting of werds.  https://t.co/o2eeIThp5n]]></document>
		<document><![CDATA[Let me help... @CNN @CNNPolitics @andersoncooper @realDonaldTrump  https://t.co/KGmYYNHUhM]]></document>
		<document><![CDATA[Yuge Thumbs.  https://t.co/0sXe06l9HT]]></document>
		<document><![CDATA[Apparently a Clydesdale at the house for the kids isn't "being paid" https://t.co/GmcAt312N2]]></document>
		<document><![CDATA[Her spend rate tells you all you need to know about the type of member she'd be.  https://t.co/NLjxWtmpTS]]></document>
		<document><![CDATA[Megyn bringing jihad to flavor town.  https://t.co/cPpm5Htzko]]></document>
		<document><![CDATA[@espngolic &gt; I mean…Brock obviously starts @superbowl50 #sb50 #]]></document>
		<document><![CDATA[@dpshow @PaulPabst &gt; should be #patriotred not #broncoorange for @brooklynfritzy]]></document>
		<document><![CDATA[@comcastcares &gt; hey...look at that...still no service in 20003...still telling me all clear. #comcast #comcastexperience  #comcastoutage]]></document>
		<document><![CDATA[@comcastcares &gt; Internet service out in 20003 but the app says all clear. Troubleshooting fixed nothing. 

Updates please?? #ComcastFail]]></document>
		<document><![CDATA[Checking the game...She has the Jets Defense in draft kings tonight. #priorities #DemDebate  https://t.co/5GeMxpQLSg]]></document>
		<document><![CDATA[@PaulPabst &gt; your tweet on Keenum featured on @TODAYshow. Snug. Late.]]></document>
		<document><![CDATA[Two things I don't understand in the NFL - what is a catch, and what is a head injury? https://t.co/wKuPAZGdRk]]></document>
		<document><![CDATA[. @AndyKeiser &gt; Thankfully a couple jags on the ole #FF team to keep me interested.]]></document>
		<document><![CDATA[Without a motion to vacate...? https://t.co/qUy3yvevzp]]></document>
		<document><![CDATA[@YahooFantasy &gt; tremendous app update...if you like all the crashes on iPad.]]></document>
		<document><![CDATA[So, yes. #BePrepared  https://t.co/LqzVm8IYIM]]></document>
		<document><![CDATA[. @ESPN3 &gt; please fix the @MSU_Basketball feed on the app. The event has much not #ended.]]></document>
		<document><![CDATA[.@mattcharboneau can you poke @ESPN and let them know their feed is #busted.]]></document>
		<document><![CDATA[. @lansing NATO invoked after 9/11. Attack directed from abroad...action covered by Article 5.]]></document>
		<document><![CDATA[There ya have it.  https://t.co/hdXi9tNfWc]]></document>
		<document><![CDATA[Perhaps he could be Carnac the Magnificent. #SpeakerRyan  https://t.co/prIciBfD78]]></document>
		<document><![CDATA[They're out of modelo on draft?

#SpeakerRyan  https://t.co/0Vv33B9jvw]]></document>
		<document><![CDATA[Put it to the people @TheFix - whats your walk-up song? https://t.co/XHueR6ICCV]]></document>
		<document><![CDATA[Awesome cars. Awesome @GM team in Lansing building them. #PureMichigan  https://t.co/yYsa96uuaa]]></document>
		<document><![CDATA[He doesn't go to t-coast. I get it. But couldn't that just be part of a continuity of freedom plan? https://t.co/Z7NKQJYrlD]]></document>
		<document><![CDATA["Our Speaker". That's tight.  https://t.co/x7V9IOYGjH]]></document>
		<document><![CDATA[Given our new stickler(ness) for the rules around here...can the Tuesday group endorse on a Thursday?  https://t.co/6KT1zGQn7u]]></document>
		<document><![CDATA[Right place...right time...as I think we discussed.  https://t.co/xC0jjYycoR]]></document>
		<document><![CDATA[Says volumes...Profile in courage...and who gives a 
$%~+ https://t.co/hhnBWXuiWR]]></document>
		<document><![CDATA[.@GeoffBurr &gt; Fewer diapers. Less crying.]]></document>
		<document><![CDATA[They're doing a lot to prepare me to be a dad... https://t.co/s7YRQabEP7]]></document>
		<document><![CDATA[I've heard of 40 or so...HFC https://t.co/OGZKLvnLGX]]></document>
		<document><![CDATA[If you could see my reaction you'd tell me to "use my words".  https://t.co/mNGjipcdE8]]></document>
		<document><![CDATA[@ChrisVannini &gt; I mean...it's unreal. Cmon man....@espn 

#hisnameismark #dantonio @DantonioMark http://t.co/M4yprcuq9l]]></document>
		<document><![CDATA[Yes. This.  https://t.co/j2EKgdk6oQ]]></document>
		<document><![CDATA[Sorry @jsimpsonDC ... You heard the man. #twittertraderejection https://t.co/PUyF9SccWs]]></document>
		<document><![CDATA[@scott_pianowski &gt; Freeman is out of control...but would you move him for Julio and Big Ben?  Have Foster and Lacy...lost Romo]]></document>
		<document><![CDATA[My old man would tell him to exercise the other option he has...hang on to your bag &amp; don't get on the plane.  https://t.co/0enum3SywH]]></document>
		<document><![CDATA[Give me a Friday...so I can wipe out what everyone else did.   https://t.co/3FnZOWYpGa]]></document>
		<document><![CDATA[Second in line...Potus is already potus. He's not in the line. #petpeeves  https://t.co/dFToHL1vAQ]]></document>
		<document><![CDATA[Doin' the Bull Dance. Feelin' the flow. Workin' it. Workin' it.
 https://t.co/x2r6pqTMid]]></document>
		<document><![CDATA[It was totally me...what do I win?   https://t.co/T7eW9PUcK5]]></document>
		<document><![CDATA[Make Him famous...this crap makes me crazy.  https://t.co/xB4ir2owFf]]></document>
		<document><![CDATA[They would know... https://t.co/jstdUDzvVO]]></document>
		<document><![CDATA[This.... https://t.co/TjOXnacTdJ]]></document>
		<document><![CDATA[We're gonna need Dan and Danette secret service names... https://t.co/i6gKFWIDX2]]></document>
		<document><![CDATA[Next up...candidate movie reviews. #CNNDebate #GOPDebate]]></document>
		<document><![CDATA[I change my mind...puff-puff-give. Last candidate to cough gets my vote. #GOPDebate #CNNDebate  https://t.co/IbcPU4TrRA]]></document>
		<document><![CDATA[First candidate to hit Trump gets my vote and those of my family. 

#CNNDebate #GOPDdebate]]></document>
		<document><![CDATA[Forget the meaning of life. As a hill staffer - this is the question I need an answer to.  https://t.co/aqAae07RcD]]></document>
		<document><![CDATA[So predictable. Everyone knows it's really 80 #first #NFL  #PITvsNE  https://t.co/lYUq4XMGJd]]></document>
		<document><![CDATA[#lastday #backtoreality @ Onteora Club, Tannersville, NY https://t.co/2ZM0cRMDIU]]></document>
		<document><![CDATA[He can borrow that from this apparent predatory lenders he deals with....no prob.  https://t.co/Spf3EcaGrT]]></document>
		<document><![CDATA[IRS form number...?

#GOPDebate #FOXNEWSDEBATE #discuss https://t.co/WACLKulYHh]]></document>
		<document><![CDATA[Rubio is about to smush this question...smush it real good. #GOPDebate #FOXNEWSDEBATE]]></document>
		<document><![CDATA[What...you thought he was going to hit him with his fist? https://t.co/wJe9vRNOo6]]></document>
		<document><![CDATA[Happens at the end when Graham runs in and drops Trump...Rips of Lindsay-Mania shirt to reveal Melania's digits.  https://t.co/QVqG0ibbQU]]></document>
		<document><![CDATA[Under Trump's rules for political giving...a lot of politicians owe me a wedding gift. #GOPDebate #FOXNEWSDEBATE]]></document>
		<document><![CDATA[Last question tonight needs to be for Trump to rank how the other 9 did in the debate. #FoxDebate #GOPDebate]]></document>
		<document><![CDATA[And a boob center stage on @FoxNews too. Big night for @newscorp.  Big night... #GOPDebate #gop  https://t.co/xAUZRgya0q]]></document>
		<document><![CDATA[You're not helping @davidaxelrod ... https://t.co/aJpvj9tkTa]]></document>
		<document><![CDATA[Also known as the "kicking oneself in the onions" plan.  https://t.co/hhmu9cplAr]]></document>
		<document><![CDATA[. @Amtrak My wife would like to know too...no food. No ac.  https://t.co/QIMb6zCUR8]]></document>
	</documents>
</author>