<author lang="en">
	<documents>
		<document><![CDATA[Weekend Inspiration:  Turn Intentions into Action: https://t.co/dteaSXS7Mt]]></document>
		<document><![CDATA[This Is Your Starting Point for Leadership Growth https://t.co/vZn7pcrSET via @LollyDaskal]]></document>
		<document><![CDATA[How to Write a To-Do List that Works For You @collectivehub https://t.co/7nuLfO0Gwz]]></document>
		<document><![CDATA[Business mentor tip # 87 - Why company culture is critical to the success of your business - https://t.co/Ae7vOIM8oq via @shareaholic]]></document>
		<document><![CDATA[Hang with those who get it: https://t.co/nYOWZjCw25]]></document>
		<document><![CDATA[What do you want to be when you grow up? —The Word from Pete (@petergcook) — https://t.co/aUGFurzh7E]]></document>
		<document><![CDATA[Attitude of Gratitude: Why Thankful People Are Successful People: https://t.co/HrdMxNcJVh]]></document>
		<document><![CDATA[Westpac Woman of Influence driving change for young women https://t.co/Nu4WPzOgQK]]></document>
		<document><![CDATA[Nelson business doubles staff to meet demand https://t.co/5rjMEH1k5J]]></document>
		<document><![CDATA[Get off the bottom: https://t.co/HkKEVcjtxK]]></document>
		<document><![CDATA[10 things to maintain mojo —The Word from Pete (@petergcook) — https://t.co/9wTOsEaaDo]]></document>
		<document><![CDATA[“Communication is the real work of leadership." -Nitin Nohria https://t.co/EgcVyNl3B2 via @skipprichard]]></document>
		<document><![CDATA[Heather's Newsletter: September 2016: https://t.co/vW7BIe3coW]]></document>
		<document><![CDATA[Brown Bag Lunch: Dyslexia in the Workplace - Wed 21 Sept: https://t.co/POHOiJIafT]]></document>
		<document><![CDATA[Are you attracting non-believers?: https://t.co/cDDytyaztd]]></document>
		<document><![CDATA[Starting is the Hardest Part  https://t.co/BzDRV8mdCm]]></document>
		<document><![CDATA[Get Comfortable with Risk: https://t.co/jQxTdjktOW]]></document>
		<document><![CDATA[When it's good to miss your flight —The Word from Pete (@petergcook) — https://t.co/9ywHi948eL]]></document>
		<document><![CDATA[How can you get twice as much work done in a day—without working any longer or harder? https://t.co/fbC4vImu3s via @SUCCESSMagazine]]></document>
		<document><![CDATA[The Test Every Great Leader Must Pass https://t.co/JoyuLFPyXy via @LollyDaskal]]></document>
		<document><![CDATA[Welcome to our E-Panui newsletter https://t.co/qGcEvTGicG]]></document>
		<document><![CDATA[Collaborative Work: https://t.co/50CzBcRDnE]]></document>
		<document><![CDATA[SME EXPO BA5 Invitation - Wed 27 July - Last Chance to Register: https://t.co/VSm7zJCbUt]]></document>
		<document><![CDATA[7 Secrets First-Time Leaders Want to Know https://t.co/sM9APbLzZo via @LollyDaskal]]></document>
		<document><![CDATA[“If you can't execute the strategy, it's not worth having.” -Sanjiv Anand https://t.co/kdL7ELUQef via @skipprichard]]></document>
		<document><![CDATA[Heather's Newsletter: July 2016: https://t.co/KkwWoabVVr]]></document>
		<document><![CDATA[What My Yoga Practice Has Taught Me About Business https://t.co/MqYfyAJmdU via @GinaSoleilWorld]]></document>
		<document><![CDATA[What You'll Find in the Opposite Direction https://t.co/ahumrtcONW via @GinaSoleilWorld]]></document>
		<document><![CDATA[Brown Bag Lunch with Hon Craig Foss - Minister for Small Business: https://t.co/gPIDSeca82]]></document>
		<document><![CDATA[Heather's Newsletter: June 2016: https://t.co/2QOpVHajcc]]></document>
		<document><![CDATA[Fighting with Yourself: https://t.co/BgLaogXQXF]]></document>
		<document><![CDATA[In this issue of Talking Point @mattchurch examines how big companies implement moonshot ideas - https://t.co/usUl1QmBKG]]></document>
		<document><![CDATA[Ask the expert: writing an effective business plan https://t.co/hTteRT7xfI]]></document>
		<document><![CDATA[Design thinking a top global challenge for workforces worldwide https://t.co/NgpExFK3wJ]]></document>
		<document><![CDATA[Thanks — Corporate Rebel Series https://t.co/dEnqd9FXqq via @ChristinaBoydS2]]></document>
		<document><![CDATA[The Mindful Guide to Straight Talk https://t.co/qnHtqGgSQw via @]]></document>
		<document><![CDATA[Ask the expert: when your staff ditch the SME life for a bigger pond https://t.co/k2NNfGuQfN]]></document>
		<document><![CDATA[Superminx owner Angela Buswell announces bid for Kapiti mayoralty https://t.co/CM1RdxJSbj]]></document>
		<document><![CDATA[What's in your shed —The Word from Pete (@petergcook) — https://t.co/R9o8lBJSC1]]></document>
		<document><![CDATA[How much work time is lost on personal internet use at your company? https://t.co/sNeI3GytQq]]></document>
		<document><![CDATA[Pave a clear path: https://t.co/C5n0VqlEu0]]></document>
		<document><![CDATA[Reddy to be new governor-general https://t.co/GCGpCunGib]]></document>
		<document><![CDATA[Electra Business Breakfast Kapiti: Laurel McLay - Wed 6 Apr: https://t.co/RQ1OQI4Xtp]]></document>
		<document><![CDATA[Millennials may shake up retail real estate sector, causing big disruption https://t.co/8NYgo2iF0u]]></document>
		<document><![CDATA["BIZ BUDDY'S WANTED" by @pbspartners on @LinkedIn https://t.co/F47EZ4AFCa]]></document>
		<document><![CDATA[Who knows what the target is?: https://t.co/pcNPKZiizu]]></document>
		<document><![CDATA[Radical Transparency Will Change Your Life https://t.co/XGjDjYHW2P]]></document>
		<document><![CDATA[Ziglar: You Have the Power to Dramatically Improve Your Life https://t.co/ePocIrx5Ek via @successmagazine]]></document>
		<document><![CDATA[Rohn: 4 Reasons You Should Think Like an Ant https://t.co/wWlZUIJTqd via @successmagazine]]></document>
		<document><![CDATA[Christina Guidotti - Speaker, Advisor, Author and Thought Leader - https://t.co/WioKDRdSEM]]></document>
		<document><![CDATA["Profits are better than wages. Wages make you a living. profits make you a fortune.” -Jim Rohn @SUCCESSMagazine]]></document>
		<document><![CDATA[Turns out there's a 'brain type' for achieving goals. Thx @todd_herman for the guide -  https://t.co/iFcxUyuWZg]]></document>
		<document><![CDATA[Biz Buddy's Wanted - https://t.co/1yTHezaH2Q via @Shareaholic]]></document>
		<document><![CDATA["Will One Bad Employee Spoil the Whole Bunch?" by @humanworkplace on @LinkedIn https://t.co/RLSB4Yw46g]]></document>
		<document><![CDATA[Make the decision to thrive: https://t.co/dvpQCgN79L]]></document>
		<document><![CDATA[New contracts help SMEs grow https://t.co/HerdRX0Bwq]]></document>
		<document><![CDATA[What can we do to get clients to recommit to themselves and recommit to their future? Read more here: https://t.co/ZJuN2rJ2oI via @takimoore]]></document>
		<document><![CDATA[.@mattchurch talks Positioning 101 in his latest Talking Point -- https://t.co/ichEsvvyR0]]></document>
		<document><![CDATA["It is not what happens that determines your future. It is what you do about what happens that counts.” -Jim Rohn @SUCCESSMagazine]]></document>
		<document><![CDATA[The LEADERSHIP Letter: How to Ignite Your Team's Accountability Engine https://t.co/YU9nWCb7ez via #constantcontact]]></document>
		<document><![CDATA[Worry is a wasted emotion: https://t.co/srD4BM1Gov]]></document>
		<document><![CDATA[The power of conviction: https://t.co/SaFR7iv1fe]]></document>
		<document><![CDATA[Heather's Newsletter: November 2015: https://t.co/Pmn25BAoJ8]]></document>
		<document><![CDATA[.@mattchurch circumvents the basic business equal growth debate and examines work that fulfils instead. — https://t.co/wpMoBJgObs]]></document>
		<document><![CDATA["Massive Productivity in Practices" by @mattchurch on @LinkedIn https://t.co/sxsO2S2hJz]]></document>
		<document><![CDATA[The truth behind being "fine": https://t.co/CJRHnVW8Dp]]></document>
		<document><![CDATA[.@mattchurch circumvents the basic business equal growth debate and examines work that fulfils instead. -- http://t.co/wpMoBJgObs]]></document>
		<document><![CDATA[Heather's Newsletter: October 2015: http://t.co/kYGHMnQn56]]></document>
		<document><![CDATA[.@mattchurch circumvents the basic business equal growth debate and examines work that fulfils instead. -- http://t.co/wpMoBJgObs]]></document>
		<document><![CDATA[How we learn through challenging times: http://t.co/BJtTwliu7w]]></document>
		<document><![CDATA[Check out "Woman's Work Success | In the Spotlight" http://t.co/F8O4aj1lSq @Eventbrite]]></document>
		<document><![CDATA[RT @McKQuarterly: Gender equality: Taking stock of where we are #McKWomen http://t.co/Yx3TfBGZGJ]]></document>
		<document><![CDATA[Are YOU Your Own Leader? http://t.co/gUtqcIaMKG]]></document>
		<document><![CDATA[Thinking Leader: http://t.co/bfaCMrXmsA]]></document>
		<document><![CDATA[I have something for you! (open up to see): http://t.co/F5y3WrwXv1]]></document>
		<document><![CDATA[Number one priority: http://t.co/gvBdZT3tnM]]></document>
		<document><![CDATA[The power of belief : http://t.co/pYeLiHYiHs]]></document>
		<document><![CDATA["Listen, Share &amp; Involve to Inspire your Employees" by @Richard_Flewitt on @LinkedIn https://t.co/PZpoLeXQqb]]></document>
		<document><![CDATA[Finish with a result: http://t.co/MazPC7p4ij]]></document>
		<document><![CDATA["Courage to choose" by @thatmatter on @LinkedIn https://t.co/aVV0bNsaLP]]></document>
		<document><![CDATA[What Coaching Really Is http://t.co/4dR1wWYPyD via @wordpressdotcom]]></document>
		<document><![CDATA["Who's Really Stopping You from Taking your Business to the Next Level?" by @mattchurch on @LinkedIn https://t.co/m2OYjm9QPg]]></document>
		<document><![CDATA[Can Men Support Women at Work? http://t.co/ouiGbkQuaF]]></document>
		<document><![CDATA[Surrounded by those who believe: http://t.co/S9IloFCnW4]]></document>
		<document><![CDATA["How To Run A Seamless Sales Webinar" by @takimoore on @LinkedIn https://t.co/OKCK5SPZ6M]]></document>
		<document><![CDATA["Respecting the opinion of others" by @thatmatter on @LinkedIn https://t.co/Pxl0lQ6aZf]]></document>
		<document><![CDATA[Respecting the opinion of others: http://t.co/uxDdmluQ1w]]></document>
		<document><![CDATA["Is Anybody Really Listening?" by @mattchurch on @LinkedIn https://t.co/2zxA4noXn5]]></document>
		<document><![CDATA["Now and Next" by @mattchurch on @LinkedIn https://t.co/PQUpiNT0pA]]></document>
		<document><![CDATA[How to  Speak Well... and Listen Better https://t.co/dk1Yabysxz via @successmagazine]]></document>
		<document><![CDATA["Manage Your Energy" by @mattchurch on @LinkedIn https://t.co/UYEhIqaVml]]></document>
		<document><![CDATA[The excuse addiction: http://t.co/n3D1nwgAQr]]></document>
		<document><![CDATA["Keynote versus Workshop &amp; Other Variations" by @mattchurch on @LinkedIn https://t.co/fQtizRDvPG]]></document>
		<document><![CDATA[Feel your success: http://t.co/907fZI7Npa]]></document>
		<document><![CDATA["How to Become an Expert in your Field in Ten Books or Less!" by @mattchurch on @LinkedIn https://t.co/ilpOBcGYSX]]></document>
		<document><![CDATA["Elevate your Work Success and more!" by @Work_well_being on @LinkedIn https://t.co/Wv5oAJH0p9]]></document>
		<document><![CDATA[Excerpt from the Introduction to The Leader's Guide http://t.co/t2Iv4kAFm1]]></document>
		<document><![CDATA[It's about progress: http://t.co/dSXHb3nHEL]]></document>
		<document><![CDATA[Self-centered bosses wreaking havoc, Robert Hall http://t.co/ubLBJoz6Gr]]></document>
		<document><![CDATA["Forced Commitment" by @mattchurch on @LinkedIn https://t.co/rQh29cCor0]]></document>
	</documents>
</author>