<author lang="en">
	<documents>
		<document><![CDATA[I got chills reading this article https://t.co/khQhp2i6LV]]></document>
		<document><![CDATA[This is important. https://t.co/laTxpICeLS]]></document>
		<document><![CDATA[It is truly amazing the difference a great professor makes.]]></document>
		<document><![CDATA[National Park Foundation Announces Study Determining Value Of America's National Parks to Be $92 Billion
 https://t.co/kUf8rRZuqZ]]></document>
		<document><![CDATA[I do really appreciate the people that I follow that are more focused on our resistance and our people than what Trump had for lunch tho]]></document>
		<document><![CDATA[What's next after you delete your Facebook, then your tumblr, then your Twitter? Lol, Instagram?]]></document>
		<document><![CDATA[So my Twitter feed has become overrun with Trump. I am about ready to delete.]]></document>
		<document><![CDATA[I saw this coming and still walked into the trap. https://t.co/6j1jLuzEIX]]></document>
		<document><![CDATA[I gotta stop wondering why ridiculous things happen and just start rolling with the punches...]]></document>
		<document><![CDATA[No thanks. https://t.co/bQEpk3TCg0]]></document>
		<document><![CDATA[My silk sheets smell like puppy. I guess today is laundry day]]></document>
		<document><![CDATA[Just one of those days]]></document>
		<document><![CDATA[Hey now, at least we upheld the peaceful transition of power. That's what really mattered. 🙄 https://t.co/LMUxnlpmrW]]></document>
		<document><![CDATA[This is really important. https://t.co/5uoyJhKEKb]]></document>
		<document><![CDATA[Being nice to men always brings me trouble]]></document>
		<document><![CDATA[I know Black Mirror is commentary on technology and social media but really it seems to be about how awful people are lol]]></document>
		<document><![CDATA[@dee_mn i haven't played the first one yet! 🤐]]></document>
		<document><![CDATA[But this is actually pretty cool. Watching YouTube AND scrolling Twitter?? 🖕🔋]]></document>
		<document><![CDATA[Before now I'd accidently activate it at the most inconvenient times and press buttons to make it go away]]></document>
		<document><![CDATA[I just figured out how to use the dual screen on my phone lololll]]></document>
		<document><![CDATA[You never truly appreciate how valuable pain meds are until you leave home without them...]]></document>
		<document><![CDATA[This is the only "understanding Trump voters" article worth reading. https://t.co/9kkc288M3z]]></document>
		<document><![CDATA[Wait... they made a movie about the Great Wall of China and it stars Matt Damon? 🤔]]></document>
		<document><![CDATA[Was interested n checking out Riverdale but it's on the same night as TGIT]]></document>
		<document><![CDATA[This. It's my country and I no longer trust it. https://t.co/ptQaSMrYDH]]></document>
		<document><![CDATA["Sheryl Sandberg for President?" Ugh, No.]]></document>
		<document><![CDATA[I'd already planned to spend my summer in the forest lol. I really miss Grand Teton. https://t.co/nznAMtGQY4]]></document>
		<document><![CDATA[I will be genuinely surprised if it turns out it wasn't Connor. I'm willing to put money on him at this point lol]]></document>
		<document><![CDATA[Mass Effect AND Scandal tho? Dis tew much https://t.co/MXOPad7PdW]]></document>
		<document><![CDATA[Am I wrong to hunger for the gentleness of your touch ?? 😥 https://t.co/0S7Wvfv5Oj]]></document>
		<document><![CDATA[I would seriously marry the first person to make me a gluten-free honey bun that tastes like the Duchess ones. I miss them so much 🍯😭🍯]]></document>
		<document><![CDATA[Interesting. https://t.co/DMgEcAjDze]]></document>
		<document><![CDATA[I think my love for Rihanna is truly unconditional. 😥]]></document>
		<document><![CDATA[Sometimes when I ask my Google home to play a song, it chooses a remix by mistake but it is never a disappointment. 📻🎶]]></document>
		<document><![CDATA[Lol this story is so wild. https://t.co/BiAbuktxFF]]></document>
		<document><![CDATA[And no one is surprised https://t.co/EKiwsVl1h1]]></document>
		<document><![CDATA[Sigh. I enjoyed Twitter so much before the plague hit.]]></document>
		<document><![CDATA[Kinda sad how they keep mentioning a "peaceful transition of power" has to happen like there's literally nothing else to look forward to]]></document>
		<document><![CDATA[⚡ The sad state of affairs when no one shows up to your class

https://t.co/LVAyhplM7h]]></document>
		<document><![CDATA[@ClintSmithIII @johngreen was immediately turned off by the comparison of carbon atom to a slutty woman or whatever. Like stunned.]]></document>
		<document><![CDATA[@ClintSmithIII @johngreen is it possible to remove the sexism from the science videos tho?]]></document>
		<document><![CDATA[Accidentally left class 20 mins early because I thought it was from 6-830 WHICH WOULD MAKE SENSE but no it's actually 6-850 because fuck me.]]></document>
		<document><![CDATA[@manveerheir Drake's fashion includes bullet proof vests tho lolol #runningthroughthe6withmyclothes]]></document>
		<document><![CDATA[@manveerheir I'm trying to tease you but I couldn't rmbr Drake's clothing line but now I know it's OVO. #fashionfromthe6]]></document>
		<document><![CDATA[@manveerheir what no Sean John or Baby Phat? Tsk tsk lol]]></document>
		<document><![CDATA[White supremacy is wild. https://t.co/NfmbUonAP6]]></document>
		<document><![CDATA["Doesn't it feel good to stand firmly within the lane the Lord gave you" LOLOL this show i stg]]></document>
		<document><![CDATA[Don't want to unintentionally summon the frog people]]></document>
		<document><![CDATA[Wait ooop forgot this is Twitter not tumblr ha]]></document>
		<document><![CDATA[YESS. My 1070 performs ever better than I calculated and I'm very happy and won't need to upgrade for a few generat… https://t.co/cOWb4qqtQV]]></document>
		<document><![CDATA[Why are Edward Snowden's tweets in my feed if I don't follow him? Did Twitter just decide I'm Liberal™ and choose for me?]]></document>
		<document><![CDATA[BIG TIME SHOT FOR THE BEARD LOL https://t.co/E1Fk7WXLMl]]></document>
		<document><![CDATA[THE SPACE TWINS COMETH https://t.co/9ZhtmXaPqD]]></document>
		<document><![CDATA[This was definitely the year to get Rockets season tickets maaaaaan...]]></document>
		<document><![CDATA[I just watched a YouTube video about making perfect soil without composting and the big reveal was "BUY A COW" lolol 😂]]></document>
		<document><![CDATA[I hate news headlines that are like "YOU ARENT SCARED ENOUGH WHY ARENT YOU SCREAMING IN THE STREETS" like can you not.]]></document>
		<document><![CDATA[Learn something new every day... https://t.co/znHyIiTNLS]]></document>
		<document><![CDATA[This is kinda of funny because it pits JLo against them instead of the male producers who  made these choices https://t.co/tF60no9Plg]]></document>
		<document><![CDATA[Absolutely nothing will deter these soulless ghouls from their agenda. We need to get them out next election, it's… https://t.co/wQ4NP8CEpO]]></document>
		<document><![CDATA[I can't bring myself to beg Republicans not to do heinous shit just so they can ignore my pleas and do it anyway. My focus is on 2018.]]></document>
		<document><![CDATA[I am happy to report I never find any coins 😂 https://t.co/axQ1Dsw6zf]]></document>
		<document><![CDATA[How. I really should have been watching this comeback ! 🙃 https://t.co/u1SASpIB7I]]></document>
		<document><![CDATA[Then again, if I get one I may never study again. Hm.]]></document>
		<document><![CDATA[The state of my mental health right now, lol https://t.co/UklS3a4kfU]]></document>
		<document><![CDATA[I need an HTC Vive to help me get through college while society is burning around me.]]></document>
		<document><![CDATA[Faraday Future's New Electric Car Is Insanely Beautiful And Fast https://t.co/fhYo79V2pk via @YouTube]]></document>
		<document><![CDATA[@doordash @fuddruckers WHY YES, YES I DO. https://t.co/3o0bDbEiXl]]></document>
		<document><![CDATA[@doordash @fuddruckers that's some creepily awesome news. I have no idea how you knew but yay!]]></document>
		<document><![CDATA[I stopped using @doordash because @fuddruckers wasn't offered anymore, but they just emailed me to tell me they're back lolol]]></document>
		<document><![CDATA[That's Jeanette Epps! I got to watch her train in the bouyancy lab 😊 https://t.co/g3qMYT6t7Q]]></document>
		<document><![CDATA[Was doing this yesterday and the lines were busy, which is a good sign. Keep calling!! https://t.co/JFXNElPVjf]]></document>
		<document><![CDATA[People even manage to get into internet arguments abt stupid shit on photography forums... Wow lol.]]></document>
		<document><![CDATA[She's just gonna ignore and do it anyway https://t.co/GT8CTishci]]></document>
		<document><![CDATA[#NowPlaying "Cranes in the Sky" by Solange in @TIDALHiFi https://t.co/W0rmXy8BYq]]></document>
		<document><![CDATA[No one really needs 5 keyboards. Honestly, 😥]]></document>
		<document><![CDATA[I have a LOt of music equipment to sell. Trying to figure out how to do this without giving eBay a small fortune lol]]></document>
		<document><![CDATA[IT 🎈 IS 🎈 SO 🎈 GOOD 🎈🎈🎈 https://t.co/tet3oEag3m]]></document>
		<document><![CDATA[Make 2017 the year of dumping all the skinfolk who ain't ya kinfolk.]]></document>
		<document><![CDATA[Coming back home to more political drama than my week in D.C. feels weird]]></document>
		<document><![CDATA[@manveerheir #merfamilycourt #merchildsupport]]></document>
		<document><![CDATA[Anyway, Hidden Figures was an excellent start to this new year 🎈]]></document>
		<document><![CDATA[Hidden Figures shows us exactly how white supremacy blocks progress in this country.]]></document>
		<document><![CDATA[It's called Just Wright! I like it 😊]]></document>
		<document><![CDATA[Was supposed to go see fireworks downtown but got caught up in this cute movie with Queen and Common lolol. Idek what its called!]]></document>
		<document><![CDATA[Here's to 2017 bringing more adventure!!]]></document>
		<document><![CDATA[In 2016 i saw Beyoncé, toured the US, visited the WH, earned a NASA scholarship, met someone, enjoyed life again. This year was good to me.]]></document>
		<document><![CDATA[LOL I LOVE THIS SO MUCH https://t.co/lnJO0e9b1N]]></document>
		<document><![CDATA[My uncle is telling my mom and grandma how the illuminati kills celebs lol]]></document>
		<document><![CDATA[Okay, so the New York Times has been hard at work proving they are trash for the last few weeks. Noted.]]></document>
		<document><![CDATA["spinning while my hands up" ///DRANK]]></document>
		<document><![CDATA[I'm am here for this, and would like more info abt how it would work and protections https://t.co/1j5TYSuczL]]></document>
		<document><![CDATA[When are we going to move past war as core game themes?]]></document>
		<document><![CDATA[LOL "Christmas sweater" https://t.co/5Hq7L7dVGp]]></document>
		<document><![CDATA[Why wouldn't he? He invited Jeff Sessions and Steven Cannon to his cabinet... https://t.co/L7CfUH5tUu]]></document>
		<document><![CDATA[Wow. What the fuck https://t.co/3lkjeqNdV7]]></document>
		<document><![CDATA[I really do get way more done when I don't have access to my phone all day.]]></document>
		<document><![CDATA[@manveerheir what!!!! tracks pls.]]></document>
		<document><![CDATA[My Neurax Worm, called Trumpism, just got eradicated in 1314 days! https://t.co/M1Hal43VQI]]></document>
		<document><![CDATA[⚡ Diane Rehm signs off her public radio show after nearly 40 years

https://t.co/4CNwvJ9qfC]]></document>
		<document><![CDATA[The name and unclear promo had a lot to do with the distrust. Smart move. https://t.co/QtmkUY0Cw6]]></document>
	</documents>
</author>