<author lang="en">
	<documents>
		<document><![CDATA[I wonder who has walked the farthest @DerekTheWeather or @JuliaBradbury  ?  New show idea - Great British Walk Off?]]></document>
		<document><![CDATA[@BBCRadio4Extra brilliant binaural! The Revenge. A play with no dialogue]]></document>
		<document><![CDATA[Thank goodness it's friday 🍷]]></document>
		<document><![CDATA[@Nevardmedia Wear the Fox hat...?  (Said in an Irish accent)]]></document>
		<document><![CDATA[@TWPILOT1 fab! It's OO. Trundling  along my 4 ft long by 6 inch wide shunty plank.]]></document>
		<document><![CDATA[@MrTimDunn Surrey built for mine! AC Cars who also built the Cobra and those blue 3 wheel invalid carriages]]></document>
		<document><![CDATA[@MrTimDunn Yours is a whopper! With buffers on. Park Royal?]]></document>
		<document><![CDATA[An AC railbus on a branch line. Somewhere. In 1958. #cornwall maybe. https://t.co/pMHmFkD0gq]]></document>
		<document><![CDATA[@InglenookR same AC Cars also built the Cobra sports car and those three wheel invalid carriages.]]></document>
		<document><![CDATA[@InglenookR #railway #rail #bus  #trundle along! https://t.co/PNVS6OK9VM]]></document>
		<document><![CDATA[@thepostalmuseum East Morsey?]]></document>
		<document><![CDATA[@thepostalmuseum the Rev S Reynolds The Vicarage,  Hampton Court?]]></document>
		<document><![CDATA[AC Cars built these to trundle branch lines in 1958. First passenger stock I've ever bought! #heljan https://t.co/ZEaguxSaVL]]></document>
		<document><![CDATA[@modelrailwayeng I've got quite a few back issues if you are missing any/interested?]]></document>
		<document><![CDATA[Great article in @Min_Rail_Mag about the @RHDR]]></document>
		<document><![CDATA[@AntCoulls @railwaymuseum looks just like a refurbished @ArrivaTW  pacer.  Bet there's no WiFi too!]]></document>
		<document><![CDATA[@ILovesTheDiff do you know why..?]]></document>
		<document><![CDATA[@ArrivaTW Ross?! Lol sorry Amy it was a bad pun. Railway Signal / phone signal.. 😃]]></document>
		<document><![CDATA[Speeding Evening Star rushes through Exeter yesterday with Pullman table lamps glowing.. #train https://t.co/KZdYIhxmor]]></document>
		<document><![CDATA[Posty delivered. @Min_Rail_Mag thanks! https://t.co/JglqSNFXz1]]></document>
		<document><![CDATA[@cardiffonline @daggercj @WalesOnline oh and the closing times are displayed too..]]></document>
		<document><![CDATA[@MrTimDunn  3 rail tinplate #hornby - O gauge proper train set! https://t.co/HY7BHgo0ip]]></document>
		<document><![CDATA[@cardiffonline @daggercj @WalesOnline  couldn't they have called the phone number that's fixed to the wall inside the gates? ?]]></document>
		<document><![CDATA[A pair of #flyingscotsman  in O gauge. Liking the 3 rail #hornby tin plate best! https://t.co/Mgc9MVHFem]]></document>
		<document><![CDATA[@thepostalmuseum  the proposed extentions were vast.]]></document>
		<document><![CDATA[And for 50p a #book about @thepostalmuseum post office railway. https://t.co/QfrpAykpQI]]></document>
		<document><![CDATA[At a Bristol #train #show and there is broad gauge.. lovely broad gauge https://t.co/eHMg9hyoHn]]></document>
		<document><![CDATA[Thanks @WellfieldBooks1 for my @bathales pint of Darkside accompanyment.  A fine stout. A fine read. https://t.co/A1TImzU8tc]]></document>
		<document><![CDATA[@InglenookR #ogauge #railways #bristol]]></document>
		<document><![CDATA[Tomorrow is BOGG 2017. Bristol O Gauge Group at the University of West of England. 30 lovely big train sets + trade stands. And bacon rolls.]]></document>
		<document><![CDATA["People tired of old &amp; cramped @ArrivaTW trains, say MPs"  as they jump on the #bandwagon ,  desperate for your vote..]]></document>
		<document><![CDATA[@AcornDVD @sky1  Last one? Good. It's rubbish.]]></document>
		<document><![CDATA[Started watching #delicious - was ok. Now it's rather shite.]]></document>
		<document><![CDATA[They did vote for Regan the actor and Bush jnr (twice) the Clown...]]></document>
		<document><![CDATA[A new dick tater]]></document>
		<document><![CDATA[@TheGIDC  her sitting room was cold and clinical. ☹]]></document>
		<document><![CDATA[#GBIDC  with Dan wanting an oliver twist - #TeamOliver  must win it!!]]></document>
		<document><![CDATA[#GIDC  wow look at @sophierobinsons  earrings!]]></document>
		<document><![CDATA[#GIDC  @Danielhopwood  has gone all high waisted again!]]></document>
		<document><![CDATA[@TheGIDC  but Jo is on her team! Jo gets my vote  😚]]></document>
		<document><![CDATA[@MissUntrendy  bodge job behind the tiles!]]></document>
		<document><![CDATA[An old #phonebox put to good use and with @AntCoulls name in it. https://t.co/4NnMSRTokU]]></document>
		<document><![CDATA[@MrTimDunn you are soooo posh! We had an Allegro estate in poo colour brown !]]></document>
		<document><![CDATA[@TheGIDC Well done Oliver!  Is @sophierobinsons  back tomorrow?!!!!  Yay!]]></document>
		<document><![CDATA[@TheGIDC  just about go for oliver. Not keen on either dining room.]]></document>
		<document><![CDATA[@TheGIDC @kellyhoppen @Danielhopwood is after something naughty again!]]></document>
		<document><![CDATA[@TheGIDC  Don't these home owners get the concept of this programme !!?]]></document>
		<document><![CDATA[@TheGIDC  it's #TeamOliver for us.]]></document>
		<document><![CDATA[@TheGIDC @Danielhopwood Grubby knees! Hope the stains came out!]]></document>
		<document><![CDATA[@AntCoulls @steam_museum @DrOliBetts @GallipoliGunner @everythingGWR Look out for The Gluepot pub. Fine pint &amp; railway bits on the walls.]]></document>
		<document><![CDATA[I am in a #pub &amp; it has an #inglenook . I am sitting in the Inglenook and it needs a model #railway  ...]]></document>
		<document><![CDATA[@MrTimDunn @hornby Best of all, a Smallbrook Studio Gn15 loco body fits them perfectly!  #Emett  See loco in pic on… https://t.co/eZEKwTlQJh]]></document>
		<document><![CDATA[@ILovesTheDiff Also noticed this week all the dum arse parking by uhw on double yellows. Again, @cardiffcouncil don't give a 💩]]></document>
		<document><![CDATA[@ILovesTheDiff yes, shame that traffic wardens can't be arsed to drag themselves away from the easy pickings by city hall.. @cardiffcouncil]]></document>
		<document><![CDATA[@dragonborn2112 @DerekTheWeather  cancel all flights and train travel!]]></document>
		<document><![CDATA[@TheGIDC  as long as Jo the decorater is on your team you can't fail! #gojo  she's awesome!]]></document>
		<document><![CDATA[@TheGIDC  I've had my briefs since Christmas]]></document>
		<document><![CDATA[@InglenookR please stop tweeting the word #snow ! Everyone #panic #emptyshelves  #wtf  #cancelledflights  #notrains #DOOMSDAY  #  #  #]]></document>
		<document><![CDATA[@InglenookR  #pathetic  #Gritting #dontpanic  #CarryOn  #hashtag  et cetera]]></document>
		<document><![CDATA[The UK grinds slowly to a halt in panic mode as the word #snow is mentioned..]]></document>
		<document><![CDATA[Back last summer and we visited the wonderful chap in #cornwall https://t.co/eniQabFopA]]></document>
		<document><![CDATA[Sir John #betjamin  Banana Blush on @bbc  radio iplayer.]]></document>
		<document><![CDATA[@BBCNews maybe we could all ask @BBCNews how many Freedom of Information requests they send the NHS - under the Freedom of Information act.?]]></document>
		<document><![CDATA[I wonder how much in time and money it costs the poor #NHS to have to answer all those Freedom of Information requests... @BBCNews]]></document>
		<document><![CDATA[@InglenookR You can see it on my profile pic from when it visited me in Wales.]]></document>
		<document><![CDATA[A few yrs ago, 1 of Carl's wagons went round the world! Members of the Gnatterbox forum posted it to each other &amp; took pics at each stop!]]></document>
		<document><![CDATA[@MrTimDunn see Page 93 of the Scrapbook for one of my N gauge silly things.  Still miss dear Carl..]]></document>
		<document><![CDATA[Finally finished my oil on canvas. https://t.co/8PDa5RHixd]]></document>
		<document><![CDATA[@metline  "Mind the reduced gap" 😉]]></document>
		<document><![CDATA[#ivortheengine  and Jones keeping track of the #books https://t.co/KzN8iSvJU0]]></document>
		<document><![CDATA[Wimsey on @BBCiPlayer is a delight]]></document>
		<document><![CDATA[@LBFlyawayhome #lb8a "can I change it for a wooly one, this gold one comes off in the water"]]></document>
		<document><![CDATA[@LBFlyawayhome #lb8b  "What's that? Yes, yes I'm undercover, using an iplod and wearing a top hat"]]></document>
		<document><![CDATA[Tiny model #railway #trainset on a model railway wagon. https://t.co/ulBaT6XUYq]]></document>
		<document><![CDATA[Stencils, naff? Not necessarily.  Bit rude? What do you think @sophierobinsons  ?]]></document>
		<document><![CDATA[Sorry @kellyhoppen but @sophierobinsons is really missed on the show.. 😔]]></document>
		<document><![CDATA[@sophierobinsons @Danielhopwood It's kind of the "wrong trousers" moment... 🍷]]></document>
		<document><![CDATA[On @BBCiPlayer , The Train now Departing - good series from 80's, particularly like the Lines of Industry episode with @amberley_museum etc]]></document>
		<document><![CDATA[#revolting on #bbc2 - features a  @GBRJ_Official and @MrTimDunn  remix!  Brilliant! https://t.co/kYZr1hisH3]]></document>
		<document><![CDATA[@LauncestonSR Lovely day last summer. Dorothea simmers.. https://t.co/vqYBX6CzT2]]></document>
		<document><![CDATA[Never ones to pay much attention, other than to their handbags, Sissy &amp; Ada completely ignore the arrival of Bertru… https://t.co/Kreidskn8X]]></document>
		<document><![CDATA[@InglenookR Although I prefer this shot, just before the driver arrived and it shuffled off to shunt a few wagons. https://t.co/fTeZxVIMln]]></document>
		<document><![CDATA[@InglenookR So despite the parking, I got the photograph. https://t.co/Gw3P98lWS3]]></document>
		<document><![CDATA[Perhaps not a good idea to park here but I wanted to get up close to the Class 22. https://t.co/DZb2AjoPfY]]></document>
		<document><![CDATA[Santa visit to Lord Spokeshave's #railway https://t.co/WNwnkKlUF5]]></document>
		<document><![CDATA[@EliseAmy99 @PenguinUKBooks "Reader, I divorced him" ..]]></document>
		<document><![CDATA[@PenguinUKBooks was it the Kardashians ? They are like soooo talented]]></document>
		<document><![CDATA[@BBCRadio4 @MRailwayCORP No buffers? How does it smell. Ahh the smell of the brakes on those first 125's. (Class 43) #nostalgia]]></document>
		<document><![CDATA[@MrTimDunn Best wishes Tim. You're a jolly nice chap]]></document>
		<document><![CDATA[@InglenookR thanks @Timberkits1  brilliant kit great fun to build and then turn the handle!]]></document>
		<document><![CDATA[Finished building The Rocket. It's a bit #heathrobinson but that's all the better for it! And it all works with a t… https://t.co/I25YLXOxhm]]></document>
		<document><![CDATA[A works train out on the line. #gardenrailway https://t.co/P1Eic80L7n]]></document>
		<document><![CDATA[Unbelievable how many idiots out on the roads without lights on.
Why are people so stupid?]]></document>
		<document><![CDATA[@MrTimDunn  Tempted by the Midnight Metropolitan set myself..]]></document>
		<document><![CDATA[@MrTimDunn @hornby Well done Mr Dunn. Can't beat a good old train set.. and 50ft of track!!]]></document>
		<document><![CDATA[Keeping that #railway non slippy. @networkrail https://t.co/ZGBNGJ8ppn]]></document>
		<document><![CDATA[Delicious late bottled #port from good old @marksandspencer https://t.co/zzwVtdnLkZ]]></document>
		<document><![CDATA[Lovely #frosty morning walk with friends in the #woods above #tongwynlais https://t.co/3NXRo9xGZ2]]></document>
		<document><![CDATA[@The_East_End she was brilliant in #Catastrophe recently too x]]></document>
		<document><![CDATA[#Rails and wheels. Stone #sleeper blocks of old #tramways - our  #Railways are jolly blooming interesting. https://t.co/tlDVKHZJbH]]></document>
	</documents>
</author>