<author lang="en">
	<documents>
		<document><![CDATA[@LaureeHou and @arborwildes this might be worth looking into!! https://t.co/wVD7I8ZCTM]]></document>
		<document><![CDATA[@Toffee_Tootsie told me my tweets were too depressing so have a bathtime pupper https://t.co/WjHEzah0p9]]></document>
		<document><![CDATA[@NateBoyd92 @Virgin_TrainsEC Was told to contact the twitter guys by the guard]]></document>
		<document><![CDATA[@Virgin_TrainsEC Tried that, still says the same thing. (the 15:08 form London Kings Cross)]]></document>
		<document><![CDATA[@Virgin_TrainsEC WiFi broken on IE, Chrome or safari, says there is a privacy error. I paid extra for WiFi and now forced to use phones 4G]]></document>
		<document><![CDATA[I know the term 'champagne socialist' is supposed to be an insult but who doesn't want universal healthcare and a nice glass of bubbly?]]></document>
		<document><![CDATA[@arborwildes I have so much snake stuff in my Amazon wishlist despite not being able to own a snake yet]]></document>
		<document><![CDATA[@arborwildes @LaureeHou Wars of the Roses stuff! Late, but still... https://t.co/eF02DaHg9a]]></document>
		<document><![CDATA[@bethanywhite can I be sent a link once a copy is online?]]></document>
		<document><![CDATA[@bethanywhite Yes, we have and I would be exeptionally grateful if you could publish my appology to Thames Water!!]]></document>
		<document><![CDATA[@thameswater We've bitched and moaned but thank you for working Xmas Day. Mince Pies and apologies to you all. Xx]]></document>
		<document><![CDATA[@sumerdaze2 @thameswater and the kids?]]></document>
		<document><![CDATA[@hendoGH @thameswater and for the children?]]></document>
		<document><![CDATA[There is no running water in Twickenham on Christmas Day, can't cook Christmas dinner. Merry Christmas to you all. Bah humbug. @thameswater]]></document>
		<document><![CDATA[@bendypitts @thameswater Excellent!! Just the kids to work out now.]]></document>
		<document><![CDATA[@thameswater No water at all in TW2!]]></document>
		<document><![CDATA[@thameswater It's Christmas Day, all the shops are shut. What do we drink as we have no water?!?]]></document>
		<document><![CDATA[@DoctorChristian Discharged from hospital a few hours ago, so you know, I've been worse.]]></document>
		<document><![CDATA[@greg_jenner When is it on / what Chanel? I NEED THUS IN MY LIFE]]></document>
		<document><![CDATA[@YSJSU I'm a rep and have never had anything at all from my chair. Never heard who it is. This ok for chairs to ignore their reps?]]></document>
		<document><![CDATA[@CrossCountryUK Well, there most definitely is not according to the announcement. No reason given, just no 1st Class service any more.]]></document>
		<document><![CDATA[@CrossCountryUK And now no food service at all in 1st class. I guess I'll go hungry then.]]></document>
		<document><![CDATA[@CrossCountryUK Why suddenly no 1st Class food / no trolley service for the whole train derby-edinburgh? (on the 14:25 depart from Plymouth)]]></document>
		<document><![CDATA[@CrossCountryUK Asked for a cheese sandwich at 3:30. The man never came back, now 6:33 and none left. 1st member of staff seen since 3:30]]></document>
		<document><![CDATA[@CrossCountryUK I would, but I have not seen any staff since 15:30. #wheredidtheygo?]]></document>
		<document><![CDATA[@CrossCountryUK on the 14:25 Plymouth to Edinburgh. Coach A is so cold I have goosebumps. Are there heating issues?]]></document>
		<document><![CDATA[Staff "I'll go and have a look for you." 54 minutes later he is yet to return. I'll take that as a no.]]></document>
		<document><![CDATA[@JRhodesPianist he has a cushion but prefers to sit there. https://t.co/jIuyvAcf2s]]></document>
		<document><![CDATA[@CrossCountryUK On @ York, fault socket, teminated @ Sheffield, forced change at B'ham, standing room only. Not like I have places to be...]]></document>
		<document><![CDATA[My #bristolpostgradstory is, thus far, a tale of woe at the hands of @CrossCountryUK. Here's hoping I make it.]]></document>
		<document><![CDATA[@CrossCountryUK [10:45 from York] now offloaded to another train which now has a change I booked specifically to avoid. Delay of 40 minutes]]></document>
		<document><![CDATA[@CrossCountryUK [10:45 from York] and now stuck in Sheffield station because the doors are all stuck. Marvellous]]></document>
		<document><![CDATA[@CrossCountryUK [10:45 from York] any chance of working sockets in coach D and a tannoy loud enough to hear?]]></document>
		<document><![CDATA[@arborwildes yeah, probably.]]></document>
		<document><![CDATA[So, from twitter today I've learnt an American sports team won a thing? A thing they haven't won for a while? No idea what sport  though.]]></document>
		<document><![CDATA[@YSJSU When will the minutes be online and where on the website will they be?]]></document>
		<document><![CDATA[@BritishGasHelp Just to confirm its a scam. You don't leave bill replacement voicemails from a number starting 0776, right?]]></document>
		<document><![CDATA[@arborwildes wait whaaaat? This needs an explanation!!]]></document>
		<document><![CDATA[I just LOVE being unable to do what I'd planned because if road closures that were never signed/ mentioned #marathon @NYorksPolice]]></document>
		<document><![CDATA[@greg_jenner a twattery?]]></document>
		<document><![CDATA[@arborwildes Oh wow!!  Thats half a bottle of water!! :D]]></document>
		<document><![CDATA[Sleeping pattern? What on Earth is one of those?]]></document>
		<document><![CDATA[@TheLastLeg #isitok for this to be a printed  sign, on full display? https://t.co/uUiDY41gnR]]></document>
		<document><![CDATA[The 'unelectable' Jeremy Corbyn gets elected. Again. We need to redefine 'unelectable.']]></document>
		<document><![CDATA[@TheLastLeg #isitok for this sign to exist in 2016? #notshoppingthere https://t.co/NpA3fEStt6]]></document>
		<document><![CDATA[@DoctorChristian @BootsUK Went to York branch w/ broken one. Was told to go to GP for urgent appt and get prescription. Old one had name on]]></document>
		<document><![CDATA[@DoctorChristian I've asked and was told no, few months ago in North Yorkshire.]]></document>
		<document><![CDATA[@CrossCountryUK No air-con leaving Plymouth at 11:25am, still no air-con SIX HOURS later arriving in York. No explanation. Not good enough]]></document>
		<document><![CDATA[Yeah, this seems like the perfect seat. https://t.co/Umy3tKmfH9]]></document>
		<document><![CDATA[My train ticket for Friday cost £52, with a railcard. The same railcard and same train would have been £219 for first class. What the fuck?]]></document>
		<document><![CDATA[@Toffee_Tootsie Yeah, that's why I'm basically a hermit. Welcome to Hermits United.]]></document>
		<document><![CDATA[Can that car alarm please stop now? 17 minutes of screaming noise is a little bit irritating!!]]></document>
		<document><![CDATA[@arborwildes I've fallen asleep fully clothed twice this week. Sleeping patterns seem not to be a thing in this house.]]></document>
		<document><![CDATA[@ErinGreetham My late night browsing started with looking for knitting patterns and has ended with me looking into spinning my own wool.....]]></document>
		<document><![CDATA["If you don't like that comment, don't read it!" How am I supposed to know if I will like the comment or not without reading it?]]></document>
		<document><![CDATA[Remain take the lead. Please please PLEASE hold that lead!]]></document>
		<document><![CDATA[This is all starting to go horribly wrong]]></document>
		<document><![CDATA[@arborwildes Maybe they thought they were voting to leave Sunderland?]]></document>
		<document><![CDATA[@arborwildes "Remain is only 49.5%. Time to panic!" FIVE have declared out of 382. Calm.]]></document>
		<document><![CDATA[@mrchrisaddison @clarebalding @TracyAnnO Me four]]></document>
		<document><![CDATA[And so my very long night begins, fueled by red bull and peanut butter kitkats https://t.co/C418v0lH2n]]></document>
		<document><![CDATA[Go and vote! You don't need to take your poll card, just turn up! Every vote counts and every single one is needed.]]></document>
		<document><![CDATA[@annehelen The Help? No romance and I can't think of a single make characters name!!]]></document>
		<document><![CDATA[@arborwildes Watching it this exact second. The same can be said about Boarder Force.]]></document>
		<document><![CDATA[I don't understand people, specifically those who move into a house next to a motorway or in a flight path then complain about the noise.]]></document>
		<document><![CDATA[@TheBradSherwood you forgot ha'penny and threepence.]]></document>
		<document><![CDATA[People mad they're not registered to vote due to the website crash. You had MONTHS to register but waited till an hour before the deadline?]]></document>
		<document><![CDATA[@WeAreZizzi #zizzibambini Sasha entertaining herself while waiting for pizza. https://t.co/DWXz1VSxqW]]></document>
		<document><![CDATA[@SW_Trains "due to crush conditions on board this service..." The look of horror from the platform as we rolled into Clapham Junction]]></document>
		<document><![CDATA[@EmmaJLing "we are sorry for the inconvenience caused by the crush on this service" Crush indeed @SW_Trains, crush indeed.]]></document>
		<document><![CDATA["Sorry for the short formation today, this is due to the other half of this train being in repair" Still, beats leaves on the line I suppose]]></document>
		<document><![CDATA[@arborwildes Or even just pass out. Or set the fire alarms off. Anything.]]></document>
		<document><![CDATA[I rejected a salesman at my front door. Closed to door to hear a very loud "What the FUCK!". Lovely guy. Truly charming.]]></document>
		<document><![CDATA[All that money and they keep us in an unheated room..... #YSJHCC2016]]></document>
		<document><![CDATA[I now have goosebumps. Please turn the heating on! #ysjhcc2016]]></document>
		<document><![CDATA[@arborwildes and @LaureeHou at #ysjhcc2016. https://t.co/df9LykCXXW]]></document>
		<document><![CDATA[#ysjhcc2016 you made the presentation, only you will notice mistakes. Deep breath. We're ALL nervous!!]]></document>
		<document><![CDATA[Promises to send the final version that afternoon. Doesn't, so I do it myself and send it at 1:27am ready to go in the morning. Group work.]]></document>
		<document><![CDATA[@JillianMichaels Option 1. Option 2 looks a little...forced. 1 is more natural]]></document>
		<document><![CDATA[Wrote answer to past paper and asked the lecturer if he could look at it to see where I'm going wrong before the exam. He said no. Why?!?!?]]></document>
		<document><![CDATA[York people! I ordered from Mirchiz, Fishergate &amp; clingfilm baked into it. Calling Trading Standards when they open. https://t.co/1gEoEzHycV]]></document>
		<document><![CDATA[Dissertation proposal officially submitted! I'm not panicking fir no reason, totally calm, not worried, nope, nothing to see here..]]></document>
		<document><![CDATA[@YSJSU Yes, I'm not going as I can't afford it. It's celebration, cost shouldn't be a limiting factor in celebrating our own achievements.]]></document>
		<document><![CDATA[@EE even though the current router is only a few months old? Please tell me you won't charge us for a new one]]></document>
		<document><![CDATA[@EE I reset the router to factory settings twice. Didn't make any difference.]]></document>
		<document><![CDATA[@EE This is still there. Technical support were no help at all and decided leaving us with no connection was fine https://t.co/3quEQH57bK]]></document>
		<document><![CDATA[@EE are now ignoring me completely. "committed to excellent customer service" ANY service would be nice. Answer the phone, reply here...]]></document>
		<document><![CDATA[@itsmylifeslm @EE Same here! I practically have them on speed dial. If we could switch, we would.]]></document>
		<document><![CDATA[Three cheers for @VodafoneUK and their 4G. At least I have some Internet access after @EE utterly failed with their broadband.]]></document>
		<document><![CDATA[Turns out @EE technical helpline can't fix a technical issue and just leaves us without any service at all and no other options to fix it.]]></document>
		<document><![CDATA[@EE I did. They can't do anything at all. Committed to providing excellent customer service? *laughs hysterically*]]></document>
		<document><![CDATA[@EE and the yellow triangle of doom. My constant companion which resetting the router to factor settings didn't fix. https://t.co/uF1pK2Uhd9]]></document>
		<document><![CDATA[If my WiFi breaks one more time, I'm throwing the router out the window. I'm paying for a service and not getting anything!! @EE, you twats.]]></document>
		<document><![CDATA[@JRhodesPianist and the Most Relatable Tweet of the Year Award goes to...]]></document>
		<document><![CDATA[@greg_jenner MA in Early Modern history at the University of York no less x]]></document>
		<document><![CDATA[@greg_jenner Horrible Histories is part of the reason I'm a History undergrad with plans to do a history MA!]]></document>
		<document><![CDATA[HELP!! My WiFi is showing 'limited' and I am utterly unable to connect to anything! Even reinstall WLAN and NOTHING works. Anyone have ideas]]></document>
		<document><![CDATA[This is my heaven. #oldbooks #books #allbooks #hayfestival https://t.co/rGIJwWMn0W]]></document>
		<document><![CDATA[@arborwildes You run to Stephen and beg like a crazy woman!]]></document>
		<document><![CDATA[@arborwildes I'd assume some weird easter parade thing but I've never heard of it!]]></document>
	</documents>
</author>