<author lang="en">
	<documents>
		<document><![CDATA[Top Cobalt Companies on the TSX  https://t.co/wHvga2ytID https://t.co/ZFR4fYnJy8]]></document>
		<document><![CDATA[Animation: How Solar Panels Work https://t.co/ns2o4NvW2a via @Visualcap https://t.co/KSJh4z0ClG]]></document>
		<document><![CDATA[Three year chart of Lithium ETF -- Global X Lithium https://t.co/EFCj014zjZ]]></document>
		<document><![CDATA[Two year chart of Orocobre Limited Ordinary Shares https://t.co/trTfdpaouq]]></document>
		<document><![CDATA[Three year chart of the S&amp;P/TSX Venture Composite Index https://t.co/d1nbE1qGlf]]></document>
		<document><![CDATA[Hey check this out https://t.co/sCMLCu865L https://t.co/jsAGCxGAPp]]></document>
		<document><![CDATA[LiCo Energy Metals (LIC.V) leads the next lithium wave with big double acquisition https://t.co/aPIr32Z04C]]></document>
		<document><![CDATA[The lithium-ion battery primer: How to invest in what's next https://t.co/BXA26mvRKy]]></document>
		<document><![CDATA[http://thecHow lithium mined from hot springs in Cornwall could boost Britain's green https://t.co/dJuvehHVW2 via @ConversationUK]]></document>
		<document><![CDATA[MIT team moves toward all-solid lithium batteries  pvbuzz media A team of MIT researchers investigate mechanical per https://t.co/mB0O5lgHfp]]></document>
		<document><![CDATA[Chart: Vetting Alphabet’s $4 Billion in “Other Bets” @VisualCap https://t.co/IuaJ75Ua9f]]></document>
		<document><![CDATA[Tesla partners with new sustainable home improvement store to sell Powerwalls and deploy Powerpacks… https://t.co/I6Qxkoph6J]]></document>
		<document><![CDATA[Strides Taken to Develop All-Solid Lithium Batteries https://t.co/12PkrKERVF https://t.co/X3hOwbTA2d]]></document>
		<document><![CDATA[Ford's Push Into Electric Vehicles Is Timely https://t.co/zRBMqqlSn4 https://t.co/55Jx5Ka0Q0]]></document>
		<document><![CDATA[One year price chart of junior lithium producer, Orocobre. https://t.co/J0I2gJ8LbJ]]></document>
		<document><![CDATA[One year price chart of Chilean lithium producer, SQM. https://t.co/6zrIKZXLOp]]></document>
		<document><![CDATA[One year price chart of the S&amp;P/TSX Venture Composite Index. https://t.co/ekKjEx7AzZ]]></document>
		<document><![CDATA[Tetra Pak sets new sustainability goals under science based targets initiative https://t.co/jwR6aJjA1v https://t.co/wEP3uhOlwa]]></document>
		<document><![CDATA[There Is Not Enough Lithium For Batteries Even After A 14% Increase In Production - Prices Are Up 74% in 2016… https://t.co/hueR8M9pwf]]></document>
		<document><![CDATA[Soon, You Could Charge Your Electric Vehicle at Your Local Gas Station https://t.co/b6Wuw2OiiI https://t.co/sw3Z5hWWF8]]></document>
		<document><![CDATA[Even Climate Change Deniers Want to Pursue Renewable Energy  https://t.co/MwwFBoTINb https://t.co/2XNXkruNCV]]></document>
		<document><![CDATA[Advanced Battery Market for EVs and Storage Exceeded $5 Billion In 2016 https://t.co/LtI7tTEx4Q https://t.co/MxHKXCAUdp]]></document>
		<document><![CDATA[This little-known, hard to invest in metal is skyrocketing in price https://t.co/KUtj8GYdf7 https://t.co/XzCtK2I4IM]]></document>
		<document><![CDATA[The Electric Vehicle Revolution: An Overview Of An Industry Poised For Growth https://t.co/g33Z8KTcH8 https://t.co/VHZRqFOVHe]]></document>
		<document><![CDATA[Dong Energy to phase out coal as world’s largest wind farm moves ahead https://t.co/YUe1VU5bsV https://t.co/V6GzU96FG7]]></document>
		<document><![CDATA[More Bad News For Coal, Another Rosy Report For Clean Energy https://t.co/7dQ0Ms55bb https://t.co/sOTc9AtsgA]]></document>
		<document><![CDATA[President Of Audi Of America Tells Dealers To Embrace Plug-In Electric Vehicles https://t.co/4flwYGW5yd https://t.co/VjM0V7Q3BP]]></document>
		<document><![CDATA[We’re probably underestimating how quickly electric vehicles will disrupt the oil market https://t.co/m9SN9edVov https://t.co/0O569Uo7V0]]></document>
		<document><![CDATA[Electric cars could cause oil prices to tank in the next decade https://t.co/xFzcyIN9Xk https://t.co/6EopqoY8Tp]]></document>
		<document><![CDATA[Iceland building biodome community to be fully sustainable oasis https://t.co/fuAb5yFUX0 https://t.co/4UuYUZyXnh]]></document>
		<document><![CDATA[There's no stopping cobalt! The price per pound is now at $17.12, a new 5 year high. https://t.co/Qu17ITOpkp]]></document>
		<document><![CDATA[The Newest Wave of Electric Cars, From $12,500 to $135,700 https://t.co/7ZNHw9O0Le https://t.co/r5IapgLHze]]></document>
		<document><![CDATA[Renewables Dominated New U.S. Power Generation in 2016 https://t.co/hYYRDxN4uy https://t.co/Cnkw8h2Ei4]]></document>
		<document><![CDATA[Electric cars and solar power could freeze fossil fuel growth by 2020 https://t.co/nNIsxBQFN1 https://t.co/UBP0KrZ6Zw]]></document>
		<document><![CDATA[Report: A new chapter begins for the U.S. offshore wind market https://t.co/NTxR0V8Qib https://t.co/nXoJ1Glqwy]]></document>
		<document><![CDATA[Cash incentives double for electric car buyers in BC https://t.co/wtHC4iGzeW https://t.co/OH9QDtWwCI]]></document>
		<document><![CDATA[Here’s How Tesla Is Bringing an End to Fossil Fuels https://t.co/pWSMf7hiJJ https://t.co/eR6C55CQqq]]></document>
		<document><![CDATA[Electric Cars, Technology Spurs Lithium Demand https://t.co/QrKjIWk3RC https://t.co/X8u6AvqTMT]]></document>
		<document><![CDATA[Europe’s Energy Transition Already Well Underway https://t.co/6TYOowhdA1 https://t.co/GK3b2bBgOe]]></document>
		<document><![CDATA[Infographic: Visualizing the Shifting Income Distribution of American Jobs https://t.co/CNpn6phi3T @VisualCap]]></document>
		<document><![CDATA[Energy Observer: Around the World on Renewables https://t.co/r56jTC5peY https://t.co/7LAgGO4vRV]]></document>
		<document><![CDATA[What to Consider When Buying and Installing a Home Electric Vehicle Charging Station https://t.co/P2V5ARGvqT https://t.co/Yi9lmTSqIn]]></document>
		<document><![CDATA[Tesla buyers now have access to Ontario’s generous $14,000 EV incentive https://t.co/seqnG5hlZQ https://t.co/hPxtaXFeZS]]></document>
		<document><![CDATA[3 Startups That May Benefit from the Tesla PowerWall https://t.co/6RVF1vw3Vm https://t.co/XGcK9MAFLA]]></document>
		<document><![CDATA[Floating solar panel market to be worth $2.7B in 2025 https://t.co/7suoYHNzmW https://t.co/KFxRE5oHRh]]></document>
		<document><![CDATA[We Are Only a Few Years Away From the Flying Car https://t.co/jFpzK0u5wi https://t.co/0oN8clEjvN]]></document>
		<document><![CDATA[Why the UK can become a global leader in floating wind https://t.co/tkjEZcOkuf https://t.co/A2u7rXJX9V]]></document>
		<document><![CDATA[Shell says Trump will not derail growth of renewable energy https://t.co/REo4RfbEHs https://t.co/mdHIjBdQC0]]></document>
		<document><![CDATA[Daimler partners with Uber to build and operate a fleet of self-driving cars on the ride-sharing network… https://t.co/HLw4e9CYCJ]]></document>
		<document><![CDATA[Renewables: Europe on track to reach its 20% target by 2020 https://t.co/0opKaZY022 https://t.co/3A9GuVSlTl]]></document>
		<document><![CDATA[Report: Electric cars in pole position to dominate green car market https://t.co/mpvIFG8VHq https://t.co/1DJg8ZODek]]></document>
		<document><![CDATA[The Cost of Progress in Solar Power https://t.co/dsP07rIqsj https://t.co/zKmbhkBOVY]]></document>
		<document><![CDATA[Are hydrogen cars doomed to be the Betamax of this generation? https://t.co/BlnJGSNhVe https://t.co/wLVensFbTp]]></document>
		<document><![CDATA[Is EV Revolution Threatening Oil Company Investor Death Spiral? https://t.co/HXltRPhE0K https://t.co/2P5aAapAfK]]></document>
		<document><![CDATA[Tucson Electric Power reinforces grid with trio of storage projects https://t.co/mhtlK0R3fQ https://t.co/OdEYV7WBUJ]]></document>
		<document><![CDATA[Renewable energy and the circular economy - transforming the world, together https://t.co/bZc1j9b8H2 https://t.co/DQYIOibQHS]]></document>
		<document><![CDATA[Falling green energy costs 'to stop' fossil fuel growth https://t.co/KOtBw9R2KM https://t.co/1FNQIw6s1w]]></document>
		<document><![CDATA[Japan has more electric vehicle chargers than gas stations https://t.co/zxGSgYM9jl https://t.co/yfeGZUJjeu]]></document>
		<document><![CDATA[Cobalt to the fore as lithium-ion battery demand rises for electric vehicles and renewables storage… https://t.co/YkSN627rtI]]></document>
		<document><![CDATA[Renewable Energy &amp; Energy Storage To Expand Hand-In-Hand In Emerging Markets, Concludes World Bank… https://t.co/C6ixlZO8iy]]></document>
		<document><![CDATA[Industrial electric vehicles: Rapid change, $350 billion market
https://t.co/NBffBWoyWW https://t.co/tFYmkploEv]]></document>
		<document><![CDATA[Now Pairing With Energy Storage: Smart Thermostats https://t.co/66Gf627p9C https://t.co/tkbJqbN022]]></document>
		<document><![CDATA[One year chart of Lico Energy Metals Inc https://t.co/8pqj4OZQqk]]></document>
		<document><![CDATA[The perfect marriage of lithium and cobalt: LiCo Energy Metals (LIC.V) https://t.co/lQKviuHG5q]]></document>
		<document><![CDATA[Infographic: The Habits of Highly Successful Entrepreneurs @VisualCap https://t.co/lJRZv1olao]]></document>
		<document><![CDATA[One year chart of Wealth Minerals Ltd. https://t.co/JWG6ieazJE]]></document>
		<document><![CDATA[Epstein: Wealth Minerals (WML.V) takes first mover lithium momentum in Chile https://t.co/tdVzxrjcMk]]></document>
		<document><![CDATA[Millions of lives could be saved with better energy and food policies https://t.co/p4lq5HIwyU https://t.co/QP0FnS0lZQ]]></document>
		<document><![CDATA[As Climate Change Accelerates, Floating Cities Look Like Less of a Pipe Dream https://t.co/jlAWxKtfyI https://t.co/o4JO4ZEf9l]]></document>
		<document><![CDATA[Three signs that the Great Energy Disruption is already here https://t.co/ppa3rM5evG https://t.co/19aHa1XVR9]]></document>
		<document><![CDATA[Supplying a raw material needed to develop the electric car industry will help to reduce reliance on fossil fuels… https://t.co/XMMLSvYjpU]]></document>
		<document><![CDATA[This is what it's like to climb and service wind turbines for a living https://t.co/RNU4BjRaXW https://t.co/HA8S1H6dGP]]></document>
		<document><![CDATA[Solar-powered water purifier may be three times as efficient https://t.co/M0nw1UP1Ka https://t.co/c85UxlrlPU]]></document>
		<document><![CDATA[Ireland votes to divest public money from fossil fuels https://t.co/d8eDu01Uk1 https://t.co/6WGLM1R7HW]]></document>
		<document><![CDATA[AES claims world’s largest battery storage system https://t.co/bmSKpjBkv4 https://t.co/qOMQJg7tFJ]]></document>
		<document><![CDATA[The $200 Billion Fossil Fuel Subsidy You've Never Heard Of via @forbes https://t.co/K14FMzcJGn]]></document>
		<document><![CDATA[HP, Philips help supply chains scrub 434 million tons of CO2 https://t.co/xCOa7NrRRJ https://t.co/E0ynV7ta4b]]></document>
		<document><![CDATA[What Elon Musk's New Power Plant Means for the Future of Batteries https://t.co/1twxz0a24N https://t.co/TZ9kHxwNt3]]></document>
		<document><![CDATA[EV Company News For The Month Of January 2017 https://t.co/IUSXrVSd7e https://t.co/DtWV0BHwGK]]></document>
		<document><![CDATA[Would You Pay 26 Cents A Month For New Solar Panels? https://t.co/uccFq7WWGf https://t.co/j0ixb13VGW]]></document>
		<document><![CDATA[Saudi Arabia plans its first renewables bids with the world's lowest power cost https://t.co/awJGZGG7rp via @business]]></document>
		<document><![CDATA[The $200 Billion Fossil Fuel Subsidy You've Never Heard Of https://t.co/2eAuaRYNa5 https://t.co/TOfVKu4x7z]]></document>
		<document><![CDATA[EU hails clean energy 'year of delivery' https://t.co/824coZ626O https://t.co/697FhqPWEM]]></document>
		<document><![CDATA[Audi tells dealerships to get behind electric vehicles because it will dominate the market within 10 years… https://t.co/VWhxF52WKR]]></document>
		<document><![CDATA[Daimler to build electric cars in existing Mercedes plants https://t.co/cnWp7aypRy https://t.co/IVCQnYk3j5]]></document>
		<document><![CDATA[Tesla Motors, Inc. is now officially Tesla, Inc. https://t.co/J7Mp2p5FHE https://t.co/eVwQLcqdeT]]></document>
		<document><![CDATA[Solar-powered trains: will the UK seize the moment? https://t.co/2oDmGVpYHT https://t.co/zA5W0hvh2i]]></document>
		<document><![CDATA[Wind power's competitive position continues to improve despite historically low fossil-fuel prices… https://t.co/iK60KmWDuR]]></document>
		<document><![CDATA[LICO ENERGY METALS ADDS MR. DWAYNE MELROSE TO ITS BOARD OF DIRECTORS AND AS CHAIR OF ITS TECHNICAL ADVISORY BOARD https://t.co/8VYfQDYWPG]]></document>
		<document><![CDATA[Lithium Market Booming From Rising EV Sales https://t.co/WkAx82fVnz https://t.co/HdH7lVNt4S]]></document>
		<document><![CDATA[Three year chart of Sociedad Quimica y Minera S.A. https://t.co/HLOBmuczy3]]></document>
		<document><![CDATA[Cobalt: A Precarious Supply Chain https://t.co/RIkJJruIZW via @Visualcap]]></document>
		<document><![CDATA[China’s BYD Again Outlines Plans to Enter U.S. Market https://t.co/LMW2KdBiPq https://t.co/8D8HGg4wOJ]]></document>
		<document><![CDATA[UN installs solar power panels in hospitals in Libya https://t.co/Y2HTCXHb7Y https://t.co/KXQY4WtmmQ]]></document>
		<document><![CDATA[States Open Their Doors to Clean Energy https://t.co/cBRCzQ0ETi https://t.co/ILmejhWibb]]></document>
		<document><![CDATA[GM Makes 1st Chevy Bolt EV Delivery In Canada https://t.co/Rzkya9FPzt https://t.co/n2KsHMXGiO]]></document>
		<document><![CDATA[Three year chart of the S&amp;P/TSX Venture Composite Index https://t.co/yVd5w2UKml]]></document>
		<document><![CDATA[The lithium supply and demand story https://t.co/WapNmGna7p via @mining]]></document>
		<document><![CDATA[Animated Infographic: How Solar Panels Work @VisualCap https://t.co/PkZPOeOtBu]]></document>
		<document><![CDATA[@granlund_aarne Only estimates, but this implies about 1/4 of all of Europe. https://t.co/JbdSTOCzgG]]></document>
	</documents>
</author>