<author lang="en">
	<documents>
		<document><![CDATA[@ConorQuearney1 Really 🙈 Music was so much better than I expected! Awh 100% 👏]]></document>
		<document><![CDATA[@ConorQuearney1 I'm so happy you loved it as much as I did 😂❤ ITS SO GOOD 🙈❤]]></document>
		<document><![CDATA[God bless whoever created gravy seriously]]></document>
		<document><![CDATA[The episode of Friends Ross's wedding to Emily gets me everytime 😭 either that or im just majorly fragile today 😂]]></document>
		<document><![CDATA[Took cheat day to a whole other level today regret nothing 😂🐷]]></document>
		<document><![CDATA[@Ciara_OConnor_ It really was 🙈😂]]></document>
		<document><![CDATA[@Ciara_OConnor_ Hahahahaha yeeee actually I forgot about that 😂😂 Thank you 😂😘]]></document>
		<document><![CDATA[Sophs low key getting a grab of the goodies  😂❤ https://t.co/7lfWZsqMSm]]></document>
		<document><![CDATA[You instantly feel better when you have tan on fact]]></document>
		<document><![CDATA[Today's mooooooood! It finally dropped 👏👏🙈❤@Kehlani https://t.co/o4AlZZVTHg]]></document>
		<document><![CDATA[We need to discuss Bella Hadid people and how she is KILLING the game]]></document>
		<document><![CDATA[Had the most interesting lecture ever, I like when being up at 7 is worth it 😂👏]]></document>
		<document><![CDATA[My whole body hurts today 😣😂]]></document>
		<document><![CDATA[@AooiIFfaA First off that's probably the nicest thing ive ever heard and secondly you have the longest luscious legs known to man]]></document>
		<document><![CDATA[I take yo bitch right from you, bitch i'm a dog ROOF (grr) https://t.co/jV0hlucAae]]></document>
		<document><![CDATA["Cash me ouside how bou dah" is the American version of "LUKATAR" Both are equally amazing]]></document>
		<document><![CDATA[Weekly reminder for anyone who may be needing it, Happiness is a choice 🌻 https://t.co/Y99LSxh7uk]]></document>
		<document><![CDATA[My room has low key turned into a temple]]></document>
		<document><![CDATA[Wishing I was on one of those lil planes right now ☁🌌 https://t.co/i3IBQtIeLz]]></document>
		<document><![CDATA[I do not Cedric DIGgery your outfit choice  😂😂😂😂 https://t.co/qHaspJxFpG]]></document>
		<document><![CDATA[The OA is some next level freaky shit 🔮]]></document>
		<document><![CDATA[Realising how little time I have to sleep: https://t.co/9OOxxhH7Xm]]></document>
		<document><![CDATA[I know im gonna be a grumpy bitch in the morning but look at my boys though 👏❤ https://t.co/IiTo2MmjvJ]]></document>
		<document><![CDATA[Me: I'm so tired definitely gonna get an early night.
Also me: listening to "Alejandro" old Gaga at 1am.]]></document>
		<document><![CDATA[Toasted Scones with jam and butter hold a special place in my heart ❤]]></document>
		<document><![CDATA[Can it just be summer now please]]></document>
		<document><![CDATA[There is no pain like burning yourself with a wand 😭]]></document>
		<document><![CDATA[Judge Judy is a fuckin beast 😂👏❤]]></document>
		<document><![CDATA[Most definitely getting Fade2Fit gear 🙈❤]]></document>
		<document><![CDATA[Turned the car around before I even parked and went home. If I had a brain id be a threat to society]]></document>
		<document><![CDATA[Drive out to college (in poxy dun laoghaire) to catch up on some stuff seeing as im maaaajorly behind, and forget my laptop charger. AGAIN.]]></document>
		<document><![CDATA[Grumpiest bitch today 😑😐]]></document>
		<document><![CDATA[https://t.co/qT4AwffJRP @Kehlani YESSSS Can't wait for the album #sweetsexysavage 💣🔥❤]]></document>
		<document><![CDATA[Confidence is key 😂 https://t.co/bxajozzANX]]></document>
		<document><![CDATA[State of working on a Sunday]]></document>
		<document><![CDATA[This is AMAZING. 😂❤ https://t.co/dHGmzH7l7Y]]></document>
		<document><![CDATA[https://t.co/O7HsaG6jvA Forever friday mood:]]></document>
		<document><![CDATA[Legit freaked to leave the house such an unfortunate soul, chances are I will probably be hit bt a bus so it's been real much love 😂🖖]]></document>
		<document><![CDATA[Painfully cold up there but the view made it worth it 🏔 https://t.co/16AlaoNnji]]></document>
		<document><![CDATA[Tucked myself up like a cozy lil burritto and accidentally fell asleep, now my brain is fried and im so confused 😂😂🌯🌯]]></document>
		<document><![CDATA[Its soooo cold 😓😭]]></document>
		<document><![CDATA[Freaks me out how alike we can be at times 😂❤ https://t.co/SQugBMzkE8]]></document>
		<document><![CDATA[Can we just fast forward to February now please?? Cannot wait for skiing 🙊⛷❤]]></document>
		<document><![CDATA[How can one human be so fucking hot 🔥🍉 https://t.co/jzijDHVjWn]]></document>
		<document><![CDATA[Shoutout to how much comfier mens jumpers are than women's https://t.co/7IjHQuLDq2]]></document>
		<document><![CDATA[Two hours in traffic today and being an hour late for work was fuckin peachy 🍑🍑]]></document>
		<document><![CDATA[Monday Motivation 💫 https://t.co/pwnjD6mqDa]]></document>
		<document><![CDATA[I seriously need to be out of bed by now and do you think ive moved?? Not even a little 🌞]]></document>
		<document><![CDATA[@donaldglover Just thanked Migos for making Bad and Boujee at the golden globes.. This is EXACTLY why I fucking love him 😂😂❤❤]]></document>
		<document><![CDATA[@AooiIFfaA 😂😂😂 Every time.. Must.. Resist.. Urge.. Must.. Stay away.. DOEGGGG 💔💔]]></document>
		<document><![CDATA[Maaaay or may not be slightly addicted to online shopping]]></document>
		<document><![CDATA[Having one of those days were I reminisce every time my nose wasn't blocked and how I took it for granted. Sniffles suck dick 😓]]></document>
		<document><![CDATA[Throwback to a very happy drunken pooch 🐶 https://t.co/JWltvCzwjK]]></document>
		<document><![CDATA[@JCyrus's Snapchats make my day 😂👏❤]]></document>
		<document><![CDATA[@TaraKelly__ It will always be in our hearts 💔💔]]></document>
		<document><![CDATA[@beccaleee_ Thank you, and you is killin the game all day erryday 💅💅❤❤]]></document>
		<document><![CDATA[Yesterday a year ago I joined training &amp; couldnt be happier. The change I feel both physically and mentally is insane, sappy but feelin good]]></document>
		<document><![CDATA[@TaraKelly__ I feel ya gurl, my mama took ours down and I left the house because I couldnt watch 😭💔]]></document>
		<document><![CDATA[Una was taking down the christmas tree today, I had to leave I couldn't watch  😣😭]]></document>
		<document><![CDATA[Dyyyyying to see Split it looks amazing]]></document>
		<document><![CDATA[Stranger Things needs to stop being such a tease and just give it up to me already 😒]]></document>
		<document><![CDATA[Nearly just died choking on a piece of meat that's grand]]></document>
		<document><![CDATA[Excema is a pain in the tits 😣]]></document>
		<document><![CDATA[Big Brother is fucking ruthless]]></document>
		<document><![CDATA[Evidently driving has now been made a lot better 🙈❤ https://t.co/up1eeLAt0h]]></document>
		<document><![CDATA[Haven't had my voice back properly since im gonna say October, that can't be good woopsie 😂😂]]></document>
		<document><![CDATA[Cannot deal with how excited I am to get back into training 🙈❤💃]]></document>
		<document><![CDATA[Happy new yeeeear 🎉🙊 https://t.co/IIFNmZNeLI]]></document>
		<document><![CDATA[https://t.co/rBnuKjlN6d Today's vibe]]></document>
		<document><![CDATA[Still havent had Wow burger or Five Guys what is wrong with me]]></document>
		<document><![CDATA[Sending love and good vibes out everywhere today want to wish everyone a Happy New Year lets make this  a good one… https://t.co/YLfdYRIoME]]></document>
		<document><![CDATA[My bae's ft. Awkward lobster claw https://t.co/J3AJtZrMUA]]></document>
		<document><![CDATA[Jesus christ I am a fragile little bunny right now, no work today on the bright side 🙈👏]]></document>
		<document><![CDATA[The fear is real today]]></document>
		<document><![CDATA[Coming home absolutely flooooooothered to leftover chinese makes my heart feel warm and toasty  ❤❤]]></document>
		<document><![CDATA[8.30am and where da liquor at am I right? 🙈🍸🍹🍻]]></document>
		<document><![CDATA[You don't understand how cute and little she was 😭 I just wanted to take her hommmme 🙈]]></document>
		<document><![CDATA[A little old lady in work today told me that she hopes I have the greatest year of my life ahead of me and I find the person of my dreams]]></document>
		<document><![CDATA[I really hate 1 to 10 shifts 😣]]></document>
		<document><![CDATA[Why do I decide to do workouts in the middle of the night when I know I allllways get hyper after 😭😂]]></document>
		<document><![CDATA[Honestly FUCK 2016 😭😭 https://t.co/cr7DSo3kQW]]></document>
		<document><![CDATA[Suprise nap after work has now lead me to a "what century is this 
?" moment]]></document>
		<document><![CDATA[I can wear lady clothes sometimes https://t.co/T6QjeKJhNv]]></document>
		<document><![CDATA[Were actually pretty cute when were not killing eachother 🙊❤ https://t.co/RcIPH94GbQ]]></document>
		<document><![CDATA[The video of people at Brown Thomas at 7am is sick did people seriously not get enough for christmas?? Ruins christmas for retail workers]]></document>
		<document><![CDATA[Merry Christmas beautiful people 🎄❤ https://t.co/0YZORPCHQW]]></document>
		<document><![CDATA[Shneaky deuces ft. My clobber hands https://t.co/HHwJltmTnV]]></document>
		<document><![CDATA[https://t.co/VvTiVAKQkD Today's vibes]]></document>
		<document><![CDATA[Honestly the thoughts of my 12 hour shift today are making me emotional]]></document>
		<document><![CDATA[Honestly can we just take a minute to appreciate her https://t.co/2eCkA1pEcU]]></document>
		<document><![CDATA[Really diggin these magical sunsets lately]]></document>
		<document><![CDATA[I really cant listen to Gucci Mane the same after that video of him looking like the devil "Would you die for me" It's a no from me Gucci 😂😂]]></document>
		<document><![CDATA[Went a lil nuts on the whole "treat yourself" extravaganza this week but do I give a shit? No, Will I regret it? Probably]]></document>
		<document><![CDATA[Gots new 501's today and I could cry I love them so much ♥]]></document>
		<document><![CDATA[@_laurendunnex this floored me :'( Damn it Rhyd STRAIGHT IN THE SOUL]]></document>
		<document><![CDATA[Hands raised if you're at that point of the year when you just need Jesus to take the wheel: https://t.co/kSUDqlrGtV]]></document>
		<document><![CDATA[Any logical reason as to why I have the spinnies at 20 to 2 in the morning sober lying in bed on a monday night? No? Great.]]></document>
		<document><![CDATA[David Attenborough's voice is smooth as caramel it's so soothing]]></document>
		<document><![CDATA[The fight scene in Mr and Mrs Smith when theyre killing eachother in the house is the best ever]]></document>
		<document><![CDATA[Starboy Merchandise ordered oooohhhhh ♥]]></document>
	</documents>
</author>