<author lang="en">
	<documents>
		<document><![CDATA[Any bets that, unlike the mosque shooting, Trump will be vocal about situation in Turkey?]]></document>
		<document><![CDATA[@LeftyMatt Facebook is horrible.]]></document>
		<document><![CDATA[@LeVoyageurOz A PMship where he can't actually do anything. Shows money can't buy everything.]]></document>
		<document><![CDATA[Was Turnbull's $1.75 million dollar donation to the Liberal Party worth it? #auspol #abc730]]></document>
		<document><![CDATA[You would think with that much invested they would let him lead it. #auspol https://t.co/iug9QOm3Om]]></document>
		<document><![CDATA[@Jengo5674 I can just imagine the obscenities being screamed down the phone.]]></document>
		<document><![CDATA[WTAF is clean coal?]]></document>
		<document><![CDATA[We need Rudd back as PM. One narcissist knows how to deal with another narcissist (Trump). #auspol]]></document>
		<document><![CDATA[@noplaceforsheep Trump absolutely could have told him that though. He agrees with whoever speaks to him last, and only cares about himself.]]></document>
		<document><![CDATA[If this is his pitch, he's already lost. #NPC https://t.co/FgpKYxzwEk]]></document>
		<document><![CDATA[Regrettably time for bed. Will have to tune in tomorrow for more of #AmericaSeasonFinale 😴]]></document>
		<document><![CDATA[Trump to spend weekend at Mar-a-Lago. I thought no vacations??]]></document>
		<document><![CDATA[@JulianBurnside Most followers bots. Plus, can still keep an eye on what he is raving about without follow.]]></document>
		<document><![CDATA[@thehill Win what? They’ve got the House, Senate and WH? Win…back their spine?]]></document>
		<document><![CDATA[@realDonaldTrump You realise that America is still a democracy (just) right?]]></document>
		<document><![CDATA[@noplaceforsheep Waiting for him to pull funding.]]></document>
		<document><![CDATA[Of course. https://t.co/Yac1dp9HCi]]></document>
		<document><![CDATA[#GaysForTrump fuck off you delusional morons. Glad I don't live in the US because you dumb fucks are next.]]></document>
		<document><![CDATA[To those in the LGBT comm. who supported Trump. Good job. https://t.co/OxJQcHgX5P]]></document>
		<document><![CDATA[lol two weeks and we are up too late-Nixon level drama. What next?]]></document>
		<document><![CDATA[@esseeeayeenn Maybe that's what he calls his friends.]]></document>
		<document><![CDATA[Australia would do well to look at the citizens of the US' response to the #MuslimBan. How a true multicultural nation should reply.]]></document>
		<document><![CDATA[He's not finished... https://t.co/XFm6f84sqL]]></document>
		<document><![CDATA[And it will be blocked. https://t.co/fwQ87VLq4b]]></document>
		<document><![CDATA[@superglaze @Asher_Wolf hopefully he implodes rather than explodes…]]></document>
		<document><![CDATA[@Anomaly100 @realDonaldTrump I think you’ll find that number is significantly higher worldwide.]]></document>
		<document><![CDATA[@nytimesworld In Australia it was met with praise.]]></document>
		<document><![CDATA[@YousefMunayyer and vice versa]]></document>
		<document><![CDATA[Let's not forget, in our outrage at #NoBanNoWall, that the President has been compromised by a foreign power.]]></document>
		<document><![CDATA[It spreads. https://t.co/sc7rcH4A9l]]></document>
		<document><![CDATA[@Kon__K #AshbyCantSpell]]></document>
		<document><![CDATA[@noplaceforsheep He'll be the next PM and we'll all be fucked.]]></document>
		<document><![CDATA['I AM the Senate' *proceeds to shoot lightning out of ass* https://t.co/gPME1XYzXJ]]></document>
		<document><![CDATA[@noplaceforsheep TNT, it's dynamite.]]></document>
		<document><![CDATA[@noplaceforsheep Hey now, Netanyahu supports him too...]]></document>
		<document><![CDATA[@ResignInShame All horrible choices.]]></document>
		<document><![CDATA[@ResignInShame So who is next on the merry-go-round of Aussie PMs?]]></document>
		<document><![CDATA[I suppose being our PM actually isn't HIS job. He's just the soulless husk the faceless men have occupied. #notmyjob]]></document>
		<document><![CDATA[Then what is your fucking job? pissant #notmyjob]]></document>
		<document><![CDATA[@Forthleft2 @PeterDutton_MP Chin's too weak. Eye's too glazed over.]]></document>
		<document><![CDATA[They literally removed the Judicial Branch from the White House website on the day of the inauguration... https://t.co/iCz4l9DqMa]]></document>
		<document><![CDATA[@lukeacl Well he was on the phone to the South Korean leader awhile ago. 'Tomorrow, you might wanna move a bit to the right'.]]></document>
		<document><![CDATA[Any bets on what executive order no. seven is going to be? #NoBanNoWall #ResistTrump]]></document>
		<document><![CDATA[A nation cannot be run by two people alone. Even the Nazi's were more organised than Trump/Bannon. #NoBanNoWall #ResistTrump]]></document>
		<document><![CDATA[Amazing how this EO of Trump's can be applied however he sees fit... https://t.co/S5K0Z0m8dw]]></document>
		<document><![CDATA[Straya aka why gutless @TurnbullMalcolm refuses to condemn the #TrumpBan https://t.co/sLudhCGxuM]]></document>
		<document><![CDATA[Racists in Quebec? I'm shocked]]></document>
		<document><![CDATA[Ashamed to be Australian.]]></document>
		<document><![CDATA[Turnbull an even weaker leader than #TheresaTheAppeaser Shame! #auspol]]></document>
		<document><![CDATA[@MEPFuller It's whoever Trump has spoken to most recently.]]></document>
		<document><![CDATA[@srpeatling Since he was too gutless to take questions.]]></document>
		<document><![CDATA[Another one. Any guesses? https://t.co/BuzEGkKV8Z]]></document>
		<document><![CDATA[@TurnbullMalcolm hasn't condemned Trump because Australia is a racist society and many would support the ban.]]></document>
		<document><![CDATA[@DifficultNerd @TurnbullMalcolm @JulieBishopMP Absolutely.]]></document>
		<document><![CDATA[Australia is going to be on the wrong side of history thanks to @TurnbullMalcolm and @JulieBishopMP]]></document>
		<document><![CDATA[Eww really? https://t.co/ZFxDgc24DU]]></document>
		<document><![CDATA[That's the point. Rile them up &gt; cause attack &gt; implement tougher laws. https://t.co/ljMF69VptC]]></document>
		<document><![CDATA[I guess the US Constitution doesn’t actually hold that much weight after all.]]></document>
		<document><![CDATA[What the fuck is going on at #Dulles?! These rogue officials need to be charged with contempt.]]></document>
		<document><![CDATA[I thought he just backed down on Syrian safe zones yest?.. https://t.co/bIUnqEMkqY]]></document>
		<document><![CDATA[@realDonaldTrump @nytimes it’s not gonna fold if you keep buying it…]]></document>
		<document><![CDATA[I hope they are charged https://t.co/CC7hulUhfh]]></document>
		<document><![CDATA[I feel like @seanspicer has actually been hacked. Which would hardly be surprising.]]></document>
		<document><![CDATA[To people saying how they're gonna fight back at the 2018 elections. That day may not come.]]></document>
		<document><![CDATA[@JohnWren1950 At this stage, a military junta would be preferable imo]]></document>
		<document><![CDATA[Appointed by? #ThanksObama https://t.co/tCc9ZnImqp]]></document>
		<document><![CDATA[@noplaceforsheep Maybe Turnbull just said they’re from Nauru and Manus and he doesn’t realise they’re Muslim…]]></document>
		<document><![CDATA[@TurnbullMalcolm You are putting people's lives at risk by agreeing to send them to what has become a fascist regime. #BringThemHere]]></document>
		<document><![CDATA[Just sitting here waiting for him to get on his unsecured Android and go on a Twitter rant.]]></document>
		<document><![CDATA[Week One: Constitutional Crisis
Week Two: ?]]></document>
		<document><![CDATA[Jesus, now the Trumpsters are calling for the Federal Judge who intervened to be sacked...]]></document>
		<document><![CDATA[And to think, Bill got in trouble for perjury…]]></document>
		<document><![CDATA[@BadHombreNPS what about gas powered Presidents?]]></document>
		<document><![CDATA[You’re a disgrace to the human race. https://t.co/8Re0F1muIP]]></document>
		<document><![CDATA[@NickBryantNY @nytimes sorry the phones are down. Try his hotels…]]></document>
		<document><![CDATA[May is in Turkey now? What, is she on the world dictator tour?]]></document>
		<document><![CDATA[@ImajicAnne @RogueNASA *ding ding* hopefully he never forgets that number 😂]]></document>
		<document><![CDATA[@RogueNASA Even better, what’s 3125 x 16 x 60? 😉]]></document>
		<document><![CDATA[@Anomaly100 and a lot more of us from around the world!]]></document>
		<document><![CDATA[He probably just woke up angry because he’s about to get shafted by Putin.]]></document>
		<document><![CDATA[And you know, I wouldn’t give a flying fuck if I was banned from traveling to the US. It’s sounding like a horrible place.]]></document>
		<document><![CDATA[It’s only been a fucking week. Anybody who thinks he can maintain this for four years is madder than he #Resist #Trump]]></document>
		<document><![CDATA[Someone needs to make up some fake tv programs with real facts and stream it to Donnie’s TV.]]></document>
		<document><![CDATA[Another day, another mad rant from the President of the United States… https://t.co/A3d2gvEcxC]]></document>
		<document><![CDATA[He’s up, and attacking the NYT 😒]]></document>
		<document><![CDATA[I WONDER if I should start tweeting like the President?? It seemed to WORK for him. Smart!]]></document>
		<document><![CDATA[@rhysam Those against him know. Those who support him don't care/approve.]]></document>
		<document><![CDATA[OK, so if it is illegal, who enforces it? https://t.co/mUriAyLLlE]]></document>
		<document><![CDATA[A state visit by Trump might be enough to finally push Liz off her perch…]]></document>
		<document><![CDATA[That was quick.]]></document>
		<document><![CDATA[I just wanna see the British press rip into him.]]></document>
		<document><![CDATA[So he is basing this claim of voter fraud on the results of an app made by some crackpot RWNJ. Sounds legit. #resist #alternativefacts]]></document>
		<document><![CDATA[@Luke_FoleyNSW Cock]]></document>
		<document><![CDATA[She wishes. https://t.co/z3L3RdbVRZ]]></document>
		<document><![CDATA[@JoeABCNews and with the resignation of the senior management of the State Dept., it is not happening anytime soon.]]></document>
		<document><![CDATA[As a non-American, I don't give a fuck what Mike Pence might do internally. He won't fuck up the rest of the world as much as Trump.]]></document>
		<document><![CDATA[Day seven. #Resist https://t.co/LloYFzDhJ1]]></document>
		<document><![CDATA[So this is what the Cold War felt like. https://t.co/ErruCNtcOC]]></document>
		<document><![CDATA[Have listened to Cole Porter's 'Anything Goes' several times over the past few days. Seems to sum it up nicely.]]></document>
		<document><![CDATA[Really, arguing with AUSTRALIANS about whether Trump had the largest inauguration in history, a week later...]]></document>
	</documents>
</author>