<author lang="en">
	<documents>
		<document><![CDATA[@superleeni I don't look at babies but I do look at food]]></document>
		<document><![CDATA[@superleeni he will save the day...he always does]]></document>
		<document><![CDATA[At moments like this when I really worry about America I find myself googling two words and it all seems better...t… https://t.co/KSojs9tHSt]]></document>
		<document><![CDATA[@FlyAirNZ my boyfriend. Been a year and a half of long distance. Would love some airpoints so I can go see him]]></document>
		<document><![CDATA[@amuletofyendor yep that pretty much sums it up @janeo3000]]></document>
		<document><![CDATA[This is pretty darn exciting for anyone who pays GST online. 

If you don't pay online you should. 

Check it out… https://t.co/sx0lDbd31m]]></document>
		<document><![CDATA[@Alisonmau @ParentingPlace @RadioLIVENZ I gave my girl one when she was six. She and her sister use it at their dads to call and text me]]></document>
		<document><![CDATA[I'm a rooster for the Chinese New Year. According to this I shouldn't go to Auckland or Invercargill this year...bu… https://t.co/DoFFZrEaZo]]></document>
		<document><![CDATA[@MrsGreatnews sorry in advance if you become addicted but it's definitely got something for everyone and letter combos I don't even know]]></document>
		<document><![CDATA[@MrsGreatnews Have you tried Seize down the other end of Lambton. I love that place for its food options and gluten free choice]]></document>
		<document><![CDATA[@KrystleF @LouDxx breakfast cocktail this time next week?]]></document>
		<document><![CDATA[@MrsGreatnews oh my that's not a great option. Good luck out there]]></document>
		<document><![CDATA[@jonogaluszka and then what happened....]]></document>
		<document><![CDATA[@LouDxx @KrystleF blimmin excellent. Food matched with a large coconut cake as well.]]></document>
		<document><![CDATA[Happy birthday @LouDxx great idea for breakfast my wonderful friend https://t.co/CXiZt8R9s1]]></document>
		<document><![CDATA[@ThaneKirby omgee this one...😂😂😂😂 thanks for the recommendation. https://t.co/1nQKVd57mn]]></document>
		<document><![CDATA[Maybe if they had a open streak policy at the Sevens then it would have been okay https://t.co/r1xXpgD2mt]]></document>
		<document><![CDATA[Tussock Traverse done✅

Ran part of it with my mum who is a marshall. My daughter ran the 6.5km. 

Absolutely brill… https://t.co/PnfEJnqln0]]></document>
		<document><![CDATA[Team lunch from @TheChipperyNZ. They did bloody well apart from the green salad being missed. Fun times https://t.co/6m9nvAHzsc]]></document>
		<document><![CDATA[@Daniel5Faulkner haha at least it wasn't where is that?]]></document>
		<document><![CDATA[@catwhisperer69 I don't want to stereotype but I'm appreciating the linear cups]]></document>
		<document><![CDATA[@Puriripark some people are sooooo selfish]]></document>
		<document><![CDATA[@Puriripark I've thought long and hard about this and I don't need it. You are welcome to it. I have a punga tree in my front garden to cut]]></document>
		<document><![CDATA[@Puriripark how ridiculously crazy. Please tell me you are in a shop in Remuera]]></document>
		<document><![CDATA[@Puriripark omgeeee is that serious.]]></document>
		<document><![CDATA[The love of my life just won another big award for volunteering. Gosh he is awesome. Super proud of him. ❤️❤️❤️]]></document>
		<document><![CDATA[Holy heck the stuff of nightmares 🦈 https://t.co/ezZFitGtnR]]></document>
		<document><![CDATA[@robotexplosion oh look at those adorable photos of them in the background]]></document>
		<document><![CDATA[@Taumarunui_NZ @scottjpalmer all farmers no mechanics]]></document>
		<document><![CDATA[@Taumarunui_NZ @scottjpalmer nope the other Carmichael's from Otangiwai/Ongarue and Kirtons Road]]></document>
		<document><![CDATA[The accountants were on kitchen duty last week. This week is us writers. Can you guess who's cups belong to who? https://t.co/OD0OagYxtx]]></document>
		<document><![CDATA[I got to have lunch with the amazing @annikakes. It sure is a brilliant day when that happens 😋]]></document>
		<document><![CDATA[Awwwww now that's better. https://t.co/Ye4Ewi0fNG]]></document>
		<document><![CDATA[@MYANGLEMYVI3W thanks though]]></document>
		<document><![CDATA[@MYANGLEMYVI3W nah it's all in town]]></document>
		<document><![CDATA[Ducks in a row with the occasional frog. Kids always leave me with surprises https://t.co/UqmvO7Wc0c]]></document>
		<document><![CDATA[@CrazyIdeasNZ @SWTGallagher that was my exact first thought]]></document>
		<document><![CDATA[@DeadpanDuck well that didn't take long to discover. Thanks. I feel a lot better informed about my street art now]]></document>
		<document><![CDATA[I see these powder things all the time on the footpaths. Kind of like an H. Does anyone know what they are https://t.co/bAzM50QUac]]></document>
		<document><![CDATA[@theJDuce good luck. Hopefully perfectly aged]]></document>
		<document><![CDATA[@nzpost followed you. Follow back and you can have my deets]]></document>
		<document><![CDATA[Louise at @nzpost @KiwibankNZ Lambton Quay just saved me $10 in courier fees with her scissors. Absolutely awesome service!!!]]></document>
		<document><![CDATA[This veggie bake has actually turned out okay. https://t.co/P91Y6PDh9F]]></document>
		<document><![CDATA[@Greeniecg darn it. Okay I'll try for eight and a half in the morning.]]></document>
		<document><![CDATA[Just did seven sit ups and my stomach isn't flat.

This is bullshit]]></document>
		<document><![CDATA[@philiplyth just went to google that]]></document>
		<document><![CDATA[That's gotta be a record for boarding @FlyAirNZ 😂 https://t.co/iTKq43OPg1]]></document>
		<document><![CDATA[Third lot of Sevens players just arrived @WLGAirport. Team Canada the latest. Glad miss seven has told me to go look at other things]]></document>
		<document><![CDATA[Pretty sure the $15 unaccompanied minor charge AirNZ charge is actually a confident child charge. Miss has told me to leave already]]></document>
		<document><![CDATA[When it rains in summer I'm always grateful. I've seen my farming family struggle through enough droughts to know every minute counts 🐑 🐮 🐐]]></document>
		<document><![CDATA[@pregtester sorry I can't help but smile. Good luck for fixing it. Thanks for sharing]]></document>
		<document><![CDATA[@AJemaineClement absolutely adored you as a sparkly crab in @DisneyMoana. Loved it. I want shoes that sparkly]]></document>
		<document><![CDATA[@PaulCushnie dead I think is probably the idea the marketing team were going for]]></document>
		<document><![CDATA["Mum mum that lady on the advert looks like you." 

Thanks kids 😂🤣😴 https://t.co/hbn8L2cUa1]]></document>
		<document><![CDATA[@PaulCushnie cool]]></document>
		<document><![CDATA[Haven't made kebabs in such a long time. Now I'm reminded why I just opt to pay $13 for 500 grams of  the chicken a… https://t.co/vlZOBqFqe6]]></document>
		<document><![CDATA[This is super interesting to read thanks @geonet. Makes me feel safer but I'll still keep my large packs in the hal… https://t.co/XF6aQjQkie]]></document>
		<document><![CDATA[@King_Soph @SWTGallagher @This_Is_Alexis_ I noticed that as well. Super cool]]></document>
		<document><![CDATA[@ReskueDave I have it on my CV]]></document>
		<document><![CDATA[Today's team tea pot is from @T2TeaOfficial. This has meringues in it. https://t.co/yZCt1hUSXO]]></document>
		<document><![CDATA[@JonoNewton yep that's him. It's the only thing online about him]]></document>
		<document><![CDATA[@JonoNewton oh that's such a lovely part of the day. I'm just getting mine up now with their good morning wake up s… https://t.co/9E1fZRvsDW]]></document>
		<document><![CDATA[Oh sleep glorious sleep you are a magical thing. Seven hours non interrupted sleep and I bounce out of bed 😊😊😊😊😊😊]]></document>
		<document><![CDATA[@Kiwi_Chatterthat's what I was thinking!!  Google tells me he is pretty good at a crazy type of karate....all spy's need karate 😀]]></document>
		<document><![CDATA[@Furwreckingball thanks]]></document>
		<document><![CDATA[@fibbyccino thanks though]]></document>
		<document><![CDATA[@fibbyccino yeah tried there and Defence and Parliament. No luck. Will post it to the address on the back at the end of the day.]]></document>
		<document><![CDATA[@thekiwicanary oh dear. My legs look like sausages...it's okay when I wear red tights I think they look like saveloys]]></document>
		<document><![CDATA[@excavator_mum haven't been that sleepy today. Madness]]></document>
		<document><![CDATA[@PaulCushnie nah I haven't done anything like that today. Bloody weird]]></document>
		<document><![CDATA[@PaulCushnie top of my thigh. Wasn't there this morning]]></document>
		<document><![CDATA[@Daniel5Faulkner yes little buggers. Hope they don't get wings with all that Red Bull or I'm going to have a every enjoyable afternoon 😂]]></document>
		<document><![CDATA[WTF where did I get this bruise from. https://t.co/7Gjuv8j16B]]></document>
		<document><![CDATA[That's more like it summer in Wellington. https://t.co/V4oy6jKjLp]]></document>
		<document><![CDATA[@AndrewKayNZ yep. Defence have no record of him. Will need to stalk harder before I mail it back]]></document>
		<document><![CDATA[@JayHarvie yeah my broken trees and washing line and garden are all floppy]]></document>
		<document><![CDATA[Extra duct tape on the tramp kinda paid off. It's still up. Not in its way to your place yet @ShaneHarmon https://t.co/xItb71Fb70]]></document>
		<document><![CDATA[Right it's ear plugs time. Have to say good work @MetService you are spot on with your wind warnings.]]></document>
		<document><![CDATA[@philipreeve @buzzandhum definitely enhanced but then again most images are now days. Filters are everyone's friends]]></document>
		<document><![CDATA[@Kris_Bartley what are you making them to eat while you talk business]]></document>
		<document><![CDATA[@Kris_Bartley good luck hope it goes well for you]]></document>
		<document><![CDATA[That's a bloody good map with a lot of red! https://t.co/neEq5uBz4S]]></document>
		<document><![CDATA[Jeepers that's a cool photo. https://t.co/qjDj3Q6poy]]></document>
		<document><![CDATA[@Pammygirl just drop it casually into conversation then get a police check and you are sorted.]]></document>
		<document><![CDATA[@antsgardiner hopefully]]></document>
		<document><![CDATA[@antsgardiner oh that little rascal is out again without me. She's ridiculously awesome. Have a great night]]></document>
		<document><![CDATA[@Pammygirl more than seven days but less than 4788433323467755 days 💍]]></document>
		<document><![CDATA[@expedia_nz haha well played. That's a bit naughty. https://t.co/SX0gNipaGI]]></document>
		<document><![CDATA[@mlle_elle very cool]]></document>
		<document><![CDATA[@kimtairi phew!! Good save]]></document>
		<document><![CDATA[A friend got me Netflicks. I don't watch tv usually but I just looked at how many romance movies are on it and I'm in serious trouble...]]></document>
		<document><![CDATA[@thekiwicanary it really is a flawed veggie]]></document>
		<document><![CDATA[@scottjpalmer fucking great idea 🤣 need to practice getting boozed and eat kebabs....can you help with that]]></document>
		<document><![CDATA[Beetroot the super food.

Super messy that is https://t.co/BtRHD06BYG]]></document>
		<document><![CDATA[@FoxyLustyGrover oh  now that's better than working]]></document>
		<document><![CDATA[@PaulCushnie that is very likely]]></document>
		<document><![CDATA[@BritInWgtn nope it wasn't a spill or singing]]></document>
		<document><![CDATA[A work discussion board. I do worry about my colleagues this one in particular. https://t.co/Gfmbsb40om]]></document>
		<document><![CDATA[Watched a preview of Sharknado on Netflicks last night. Reminded me to check the @MetServiceWARN for any flying sharks 🦈  in the forecast]]></document>
		<document><![CDATA[@Becs where are they from]]></document>
	</documents>
</author>