<author lang="en">
	<documents>
		<document><![CDATA[You got cows as police chiefs, a couple wolves, one emu and even a deciduous tree! https://t.co/06dF7wGHNg]]></document>
		<document><![CDATA[#Misandry throughout history is a beautiful thing https://t.co/TdAgaFJSId]]></document>
		<document><![CDATA[Earth is multitudes of alien worlds hiding in plain sight https://t.co/9ftoVuu6vZ]]></document>
		<document><![CDATA[My first and only OKCupid date https://t.co/qa4Goccmjd]]></document>
		<document><![CDATA[The goal "invent and develop technologies that improve lives" is inherently political. Current administration activ… https://t.co/zYuPKhvrMl]]></document>
		<document><![CDATA[Fourteen year old girls are so much better than either you or Trump. https://t.co/DjBYs6budc]]></document>
		<document><![CDATA[@filbypott maybe he's levitating his own self]]></document>
		<document><![CDATA[I feel the same way about most of their insults tbh https://t.co/gnWq1eRk0w]]></document>
		<document><![CDATA[8:30 pm Brooklyn Saturday night and I'm the only one awake in this apartment]]></document>
		<document><![CDATA[Yes; they're lying deliberately because #fascism thrives on confusion and absurdity https://t.co/0r0v3n99gh]]></document>
		<document><![CDATA[@ImprobableJoe That would be amazing I think]]></document>
		<document><![CDATA[White women doing the most for #whitesupremacy #fascismUSA https://t.co/yDw6aeMFad]]></document>
		<document><![CDATA[@ImprobableJoe Got it from my brother-in-law, come to think of it. And yeah, it's the bomb. 😊😀]]></document>
		<document><![CDATA[Now I'm making meatballs for my future mother-in-law. 0_______o]]></document>
		<document><![CDATA[Let's just note that making excuses for sexual assault puts you on the side of sexual assaulters which is a subset… https://t.co/8QxreehhF9]]></document>
		<document><![CDATA[I need perv-punching practice tho; since apparently men need physical violence to learn not to be assholes. You're… https://t.co/WNR7yuucqb]]></document>
		<document><![CDATA[I do. You do, unless you're some kind of coward, in which case you can wait around for someone else to tell you gen… https://t.co/zJIaOjBMJc]]></document>
		<document><![CDATA[Stew fish, curry shrimp, rice &amp; peas, cabbage, and this carrot salad that's exactly like my WASP grandma used to ma… https://t.co/HtbYxNtKw4]]></document>
		<document><![CDATA[#Brooklyn #blackhistorymonth #publicart https://t.co/CSz4ZAI2TH]]></document>
		<document><![CDATA[@LovelyActivist I didn't know she lost a child. Here's hoping she finds that healing.]]></document>
		<document><![CDATA[Just doing my part to further white genocide :) https://t.co/ih6aLqHRwM]]></document>
		<document><![CDATA[@LovelyActivist I saw her show once. I was like, I think she is emotionally abusing these women??]]></document>
		<document><![CDATA[Thoughts aren't magic. Sorry. Stop lying. https://t.co/667bFdWhLt]]></document>
		<document><![CDATA[#killallmen #misandry 

If this is how men think, kill them all. Freeze a few sperm first, we'll be fine. https://t.co/AujrfKQfJO]]></document>
		<document><![CDATA[Absolutely! #fascismUSA https://t.co/rh8oAqbbtS]]></document>
		<document><![CDATA[That's what I said https://t.co/NY9zU2DaV2]]></document>
		<document><![CDATA[Bill Maher is an Islamophobic sexist piece of shit who apparently wants to be a fascist-fucker too. Stop watching h… https://t.co/GVxzv7vxmi]]></document>
		<document><![CDATA[Look, if you think "non-partisan" means "apolitical," don't go to the march. At least pay a humanities major to exp… https://t.co/oNK3PjnOxS]]></document>
		<document><![CDATA[I don't personally subscribe to #5 but I don't have a problem with it. Aren't white ppl basically begging to be fuc… https://t.co/C3xNbJsJYU]]></document>
		<document><![CDATA[Dehumanization precedes violence; or, why "political correctness" is also "factual correctness" &amp; can save lives https://t.co/7txKuAHz0H]]></document>
		<document><![CDATA[Strom Thurmond was one of Jim Crow's fiercest proponents, but he had a daughter with a Black woman &amp; even sent her… https://t.co/Ue8ObrSHow]]></document>
		<document><![CDATA[So wonderful to learn intergenerational chattel enslavement of Africans &amp; their descendents wasn't racist due to se… https://t.co/7Z7R2gF3X4]]></document>
		<document><![CDATA[If the only reason you can think of that your fave isn't racist is "has fucked Black person," your fave is probably… https://t.co/jFmAh7j9M3]]></document>
		<document><![CDATA[He's confusing unpopular with subversive https://t.co/KU46op4oYk]]></document>
		<document><![CDATA[@AListRap @ztsamudzi Lemme guess, were they also quite dapper? -_____-]]></document>
		<document><![CDATA[I must have forgot on account of how irrelevant it was to the overall gist https://t.co/nXuIkACAYp]]></document>
		<document><![CDATA[Property destruction isn't an urgent moral issue regardless. So how about nah, at least until we end white supremac… https://t.co/0VNdPngfec]]></document>
		<document><![CDATA[I was just replying to you to point out that a riot is better than a "peaceful protest" where a fascist shoots someone. @Mick12140]]></document>
		<document><![CDATA[The article mentions neither protests nor riots. You just read the headline and went activism--&gt;protests--&gt;riots. Y… https://t.co/vr3hjm9UZW]]></document>
		<document><![CDATA[No answer to what these companies did nor how y'all boycotted them huh? https://t.co/nzeieWM9HJ]]></document>
		<document><![CDATA[You made the link. @Mick12140 https://t.co/YSRPDOE5II]]></document>
		<document><![CDATA[Dunno, ask the guy who thought anti-Milo protest riots were relevant to an article about activism as marketing stra… https://t.co/H6wFPgVaSE]]></document>
		<document><![CDATA[Sure thing 

There was a boycott of Audi? And Best Buy? What did they do? What actions did y'all take in response? https://t.co/nzeieWM9HJ]]></document>
		<document><![CDATA[@skooch8 You just did, just now. "Celebrities shouldn't voice political opinions" is a political opinion.]]></document>
		<document><![CDATA[Countless! https://t.co/80ld3Vr369]]></document>
		<document><![CDATA[Hey bro stop using cis women to attack trans women. We're all women and cis men are the real threats. Fuck off.… https://t.co/7em44ZQJwS]]></document>
		<document><![CDATA[They tried peaceful protesting in Seattle and a Milo/Trump fan shot someone in the stomach. This is better. https://t.co/UNAsmTbc56]]></document>
		<document><![CDATA[Headline = a bit misleading--in the article they say sex does sell &amp; the same companies will use sex and activism t… https://t.co/0Wa5jeH6ef]]></document>
		<document><![CDATA["Companies find this marketing strategy works!"

"Well it doesn't appeal to me so it doesn't work." 

#Icanhazlogic https://t.co/8daBnAvB9e]]></document>
		<document><![CDATA[So THAT'S why I've seen no beautiful women in ads lately! 

#misandry https://t.co/uuKBl4Vgky]]></document>
		<document><![CDATA[So many young men and boys who are extremely attached to the marketing strategies used to sell them useless crap. https://t.co/tJVUZ4Szrw]]></document>
		<document><![CDATA[CN rape 

Jesus, American MRAs have been using the "it only lasted a few minutes" minimizing tactics for years. Thr… https://t.co/PH6PxCgTQz]]></document>
		<document><![CDATA[@Claystanman Also they clearly say that companies are still using sex to sell plenty things]]></document>
		<document><![CDATA[@skooch8 you first]]></document>
		<document><![CDATA[The article is much more tame than the replies to the tweet would imply https://t.co/s7RXHVbiDx]]></document>
		<document><![CDATA[1,000 pardons I thought you were Maureen Dowd when I tweeted. 

Also you are wrong and you should be more angry https://t.co/3ak4kvHasC]]></document>
		<document><![CDATA[You're part of the problem. God I have hated your sexist neoliberal drivel for so many years now. https://t.co/FVor5nHjGc]]></document>
		<document><![CDATA[Yeah like how is this a mystery? Someone must have told you lies about feminism. It's a liberation movement, champ,… https://t.co/RFQwz8Y9th]]></document>
		<document><![CDATA[Why the fuck do people even think this? Most Nazis are straight, does that mean you as a straight person are suppor… https://t.co/v0vwh7rfuq]]></document>
		<document><![CDATA[@ariaflame He's a member of the 1% who happens to be Jewish and liberal]]></document>
		<document><![CDATA[At least someone is creating jobs. https://t.co/CzTGoynKGq]]></document>
		<document><![CDATA[Acting like we need a debate to realize that Nazism &amp; white supremacy have no place in our polity is… https://t.co/kIo0dU9zIm]]></document>
		<document><![CDATA[That, or it proves you've identified their ideology as one inimical to multi-cultural democracy bc it enables genoc… https://t.co/uS3SzSPYhU]]></document>
		<document><![CDATA[I actually do not want to go visit my future MIL tomorrow (today) 

Everything is weird and I just want to stay home and clean 😥]]></document>
		<document><![CDATA[@amos_true @HappyFeminist DS9 is the best Trek by far imo

@/pookleblinky has some excellent threads on why this is, if you don't know]]></document>
		<document><![CDATA[@JenE4rmTheBlock She went from state rep to national, I am a bit surprised tbh but then she is GOP]]></document>
		<document><![CDATA[@JenE4rmTheBlock my new Congressional rep seems overwhelmed. Staffers don't know (or won't tell) her policies, no local phone numbers]]></document>
		<document><![CDATA[Pro-tip: just because your ideology prevents you figuring something obvious out doesn't mean you've found a paradox… https://t.co/tKmWCouPTT]]></document>
		<document><![CDATA[.@Claystanman "I am easily swayed from difficult fights by empty rhetoric; now, fight to win my useless support!"]]></document>
		<document><![CDATA[*correction: you are a confused victim-blamER. Cuz of when you said it's protesters' fault there's a crisis 😊  @JohnEkdahl]]></document>
		<document><![CDATA[White ppl lose jobs due to automation, blame immigrants: "economic anxiety!"
Black ppl lose jobs due to racism, blame racism: "stfu whiners"]]></document>
		<document><![CDATA[Nobody wants a confused victim-blamed like you on their team anyhow https://t.co/h8I74aRU4s]]></document>
		<document><![CDATA[What did she mean then? https://t.co/dG5id8B81K]]></document>
		<document><![CDATA[Time to do the impossible https://t.co/agO8mE6kfX]]></document>
		<document><![CDATA[@ALEXIAlSRATCHET Something not right with her ass. And face looks not very happy. I dunno]]></document>
		<document><![CDATA[@ALEXIAlSRATCHET it makes me uncomfortable]]></document>
		<document><![CDATA[Clearly we haven't been punching pervs enough. Send me a pic of you so I can start next time I see you https://t.co/h3MJsEqLPw]]></document>
		<document><![CDATA[They say he's God's instrument; he'll help ban the gays and outlaw contraception so voting for him is cool.… https://t.co/KuxcqiJX6r]]></document>
		<document><![CDATA[Yes please stop the pretense. Progressives, radicals, socialists, communists, organizers, anti-fascists: not harmle… https://t.co/6JNsUJxQjM]]></document>
		<document><![CDATA[@TheRealHappyNat @CliftonMays3 @dorolfe Like I have better things to bring into the light... Plants, solar panels...]]></document>
		<document><![CDATA[This attitude is possible today precisely because Holocaust denialists have used free speech protections to air the… https://t.co/d0Blnv1Ac2]]></document>
		<document><![CDATA[Ableism from the Nazi-fucker. Also he has a youtube channel &amp; likes his own tweets. #mocknblock https://t.co/UlYoA0sjnD]]></document>
		<document><![CDATA[Only for Nazi-fuckers who don't see Nazis' targets as fully human https://t.co/32vl177xg1]]></document>
		<document><![CDATA[You hate Nazism so much you'll harague anti-fascists to try to attempt to convince them not to punch Nazis. Fuck al… https://t.co/vhiIwSoV9d]]></document>
		<document><![CDATA[You're acting as if Nazism has never seen the light of day, never been widely aired, tried, tested, put into practi… https://t.co/c8p1B7buxN]]></document>
		<document><![CDATA[Nazis hate public education https://t.co/oW92eaixPO]]></document>
		<document><![CDATA[Evidence to the contrary notwithstanding you fuckface Nazi lover https://t.co/M8XEeewgiH]]></document>
		<document><![CDATA[Why are you on Nazi's dicks tho for real https://t.co/Xac4QvDy8e]]></document>
		<document><![CDATA["Punching Nazis only strengthens their position!"

--Nazi proverb https://t.co/3BTLalC5BJ]]></document>
		<document><![CDATA[I just ate like 4 bowls of Trix because white privilege &amp; fascism are fucking with my head. 

It helped a little.]]></document>
		<document><![CDATA[I'm Roman candles! https://t.co/lsMJpBFsYd]]></document>
		<document><![CDATA[You're not saying anything at all. Your disagreement was only posturing. What have you done besides hector ppl actu… https://t.co/BBky1QwxmE]]></document>
		<document><![CDATA[Nazis can also press assault charges. If they can find and identify me. If they can I don't mind going to jail or p… https://t.co/ux4QLHHDK2]]></document>
		<document><![CDATA[#MAGA

Surprise, they didn't mean bring back trade unions &amp; 90% income tax https://t.co/EY15s7wmMR]]></document>
		<document><![CDATA[If you have ideas for a "new type of protest" then have at it. Not a reason to abandon other types of protest.… https://t.co/R0LlhupfLj]]></document>
		<document><![CDATA[Of course Nazis have the right to speak their evil opinions. They just can't expect to not get punched as a result. https://t.co/7C1UAMvdPb]]></document>
		<document><![CDATA[This is not a political stance. This is Nazism. Ethnic racialized hatred mobilized to destroy innocent lives. Shut… https://t.co/HkwHteK58o]]></document>
		<document><![CDATA[@XaiaX @NoraReed Also featuring a reunion of the Jersey Shore cast]]></document>
		<document><![CDATA[They want to kill us with impunity https://t.co/odFMZROf9s]]></document>
		<document><![CDATA[Whose platform? Yours? Then you're a Nazi-fucker and useless and nobody wants to hear from you. Definitely not my p… https://t.co/cvLJi7cwAX]]></document>
	</documents>
</author>