<author lang="en">
	<documents>
		<document><![CDATA[Still winter @ UBC Campus https://t.co/qWEENqKrGW]]></document>
		<document><![CDATA[Winter is bask @ UBC https://t.co/IYzWG3bVRC]]></document>
		<document><![CDATA[Congrats to Roger!!! https://t.co/5BM6udDTBk]]></document>
		<document><![CDATA[Finally!!!! https://t.co/Jq3E8FhVUQ]]></document>
		<document><![CDATA[Back in Vancouver!!! Long haul from Halifax. Good to be back!!! Thanks to ALL!!! https://t.co/z8Ai2xwhWI]]></document>
		<document><![CDATA[Thanks to All !!!]]></document>
		<document><![CDATA[Flying back home!!! https://t.co/8eITmW6X4h]]></document>
		<document><![CDATA[From Pacific Coast to Atlantic,  spending next few days in Halifax https://t.co/Is0ZYp2jOS]]></document>
		<document><![CDATA[♫Lush: Sea of Sound [Intro] by @ottmarliebert, from #SoundHound https://t.co/Fumi21O8tK]]></document>
		<document><![CDATA[♫Merengue De Alegrias (Candy 4 My Soul) by @ottmarliebert, from #SoundHound https://t.co/yAVQRa3JRB]]></document>
		<document><![CDATA[Cold but lovely evening @ UBC &amp; still alive!!! In contrast to the picture-:) https://t.co/dC7UTzGhw6]]></document>
		<document><![CDATA[First day on Cypress https://t.co/tjhWmZc7V9]]></document>
		<document><![CDATA[Happy New Year!!! https://t.co/YEbyDLvkUd]]></document>
		<document><![CDATA[Venus &amp; Mars early evening over UBC. A bit lonely time but... https://t.co/LRP1Apve39]]></document>
		<document><![CDATA[Winter &amp; snow arrived to UBC https://t.co/lncBZYgbYP]]></document>
		<document><![CDATA[♫You Want It Darker by Leonard Cohen, from #SoundHound https://t.co/QcD14Yuflb

"Himeni Himeni I'm ready, my Lord"

Another round trip done!]]></document>
		<document><![CDATA[CLAUDE DEBUSSY:  CLAIR DE LUNE  "All the light we cannot see " the book is fantastic  https://t.co/6Vn2OsGKgk]]></document>
		<document><![CDATA[♫Emotion by Samantha Sang, from #SoundHound https://t.co/4iyCrL8J54
So long ago.. but still touching the heart.  suprising tune on the radio]]></document>
		<document><![CDATA[My Super Moon @UBC tonight https://t.co/YbnVfyZM7t]]></document>
		<document><![CDATA["Leonard Cohen" on @Wikipedia: YOU WILL BE REMEMBERED FOR EVER!!! https://t.co/q65g1BzAcs]]></document>
		<document><![CDATA[Leonard Cohen's death strikes chord around the world https://t.co/yq1WLlWzRY                I love all his song!!!]]></document>
		<document><![CDATA[Finally after 28 or 29 days of rain clear night sky!!!! &amp; Orion &amp; Syrius are so heavenly beautiful!!! Look up!!!]]></document>
		<document><![CDATA[All storms passed!
Ready for new ones!
So much happened A. Wajda died, B. Dylan got the Nobel prize. Life is good. https://t.co/P4xiLAF7hb]]></document>
		<document><![CDATA[Fall has arrived https://t.co/Rq3zf8GK9c]]></document>
		<document><![CDATA[On out way down from MacDonald Peak /2247m above sea level/. Thanks to Gren, Greg, Mark, Gabriel &amp; Ruslan https://t.co/QVKv99JlHw]]></document>
		<document><![CDATA[Trip to Poland completed!!! I love you All back there!!! Till next time!!! https://t.co/KuH1TjKMMk]]></document>
		<document><![CDATA[Nick Cave &amp; The Bad Seeds - Higgs Boson Blues (Official Video) amazing!!!!  physics &amp; blues https://t.co/nCNRl8dBwW]]></document>
		<document><![CDATA[Short hike but views simply fantastic!!! Still a lot of snow! Thnkx to Gren, Gabriel &amp; Mark. https://t.co/jmb9jkhuT6]]></document>
		<document><![CDATA[Britain what have you done? Europa where are you going?]]></document>
		<document><![CDATA[Friday evening @ UBC https://t.co/LD91FBtX8L]]></document>
		<document><![CDATA[Orcinus gave me a fight today!!!
Jobs arrays.]]></document>
		<document><![CDATA[I cannot forget it,  so here it goes:
"love all,  
trust a few, 
do wrong to none"

W.  Shakespeare]]></document>
		<document><![CDATA[Long live THE TRAGICALLY HIP &amp; GORD DOWNIE  #courage]]></document>
		<document><![CDATA[Admiring the Universe!!! Saturn rings.... pure wonder!!! https://t.co/0I5UxwSmnK]]></document>
		<document><![CDATA[Perfect long weekend with Avatar's wines!!! https://t.co/cxOnGujqAa]]></document>
		<document><![CDATA[What a beautiful day. Feels like summer night. https://t.co/oYStTERbxt]]></document>
		<document><![CDATA[Ultimate Pat&amp;Lyle "As Falls Wichita, So Falls Wichita Falls"  Great music!!! Listen, Dream,Dare!!! https://t.co/ytQityohZn]]></document>
		<document><![CDATA[Heartbeats by José González calms your soul &amp; heartbeat!!! Perfect song to fall asleep!!! https://t.co/ZNPCn2uGLQ]]></document>
		<document><![CDATA["Umberto Eco" on @Wikipedia:
I'm so sad He is gone... https://t.co/2VbuyfzUMv https://t.co/5eJEF1fIOl]]></document>
		<document><![CDATA[Fantastic hike today to Harvey's ridge. Views of Lion's unforgettable!!! Thanks a million to Mark, Gren &amp; Greg !!! https://t.co/FQyV1IAP69]]></document>
		<document><![CDATA[New plant arrived today @home. And I love my Mom very much!!! https://t.co/9fSmZ4ArnV]]></document>
		<document><![CDATA[Last day of 2015. Happy New Year to All!!! https://t.co/3091biv7jB]]></document>
		<document><![CDATA[Merry Christmas to All. https://t.co/miq5SZqnSc]]></document>
		<document><![CDATA[Kathy&amp;Roy the time together with you &amp; friends under the menorah.... Thanks!!!! https://t.co/jwLf6gUWNW]]></document>
		<document><![CDATA[The Earth completed another full  revolution around my axis.]]></document>
		<document><![CDATA[3:33PM PST https://t.co/yRYWG2giqG final power off!!! Thanks!!! https://t.co/fXzFdjcubH]]></document>
		<document><![CDATA[Let the science, physics go further. Let's explore!!! https://t.co/MbHyRDrcIh]]></document>
		<document><![CDATA[The lost faces of Lublin - https://t.co/KKZNa3BLNw https://t.co/mmyzsrbp5q via FT]]></document>
		<document><![CDATA[Thanks so much!!! 'Nothing has already happened'. Pure THEATRE!!!   https://t.co/HBwqsnRiDb]]></document>
		<document><![CDATA[An improvisation based on French National Anthem by Oliver Latry during the Mass @ Notre Dame last Sunday... Sorrow! Grief! Mourning]]></document>
		<document><![CDATA[♫With This Love by @itspetergabriel, from #SoundHound https://t.co/NntSY7pjj6]]></document>
		<document><![CDATA[Listen to What a Wonderful World by Louis Armstrong on @AppleMusic.  https://t.co/CopG26WC7Y]]></document>
		<document><![CDATA[Today 7:34:04 pm PDT #epoch time is 1444444444 http://t.co/fRjjcq6NtB]]></document>
		<document><![CDATA[#Son_of_Saul film!!! What can I say.... Just go, watch &amp; think &amp; pray..... http://t.co/qQ19fcoO2Q]]></document>
		<document><![CDATA[Perfect day in the mountains. Hiking to Goat Ridge. Thanks a million to Gren, Mark &amp; Greg. http://t.co/iphFzXLNWs]]></document>
		<document><![CDATA[The expedition to the Everest. http://t.co/vWp1yTCg0Q]]></document>
		<document><![CDATA[Stayed up late to catch Syrius in the Sky.]]></document>
		<document><![CDATA[Watching moon eclipse http://t.co/9KPGWunmLI]]></document>
		<document><![CDATA[Grouse Mountain. The storm has passed still very windy. http://t.co/Wg69rDYWGp]]></document>
		<document><![CDATA[Do you like the numbers. Waiting for 56789 &amp; so on. Well done Suzi! http://t.co/Y8iTcf6Bv4]]></document>
		<document><![CDATA[Still very sad &amp; disappointed that Roger Feder could not do it!!! Maybe be next time @AustralianOpen.  Go Go!!!]]></document>
		<document><![CDATA[Almost on board!!! Have a good flight! http://t.co/gPlYWapNNr]]></document>
		<document><![CDATA[Killing time @Schiphol airport waiting for the flight to Vancouver. Still 3h. Taking it easy. http://t.co/rxT3XJYeGo]]></document>
		<document><![CDATA[Poland was great!!! http://t.co/nR1W5bpo8g]]></document>
		<document><![CDATA[Perfect day in the mountains. Thanks to Kaitlin, Gren, Mark, Greg &amp; Ruslan. Very hot day but views were amazing!!! http://t.co/3nqTOWtyte]]></document>
		<document><![CDATA[Now, today #Venus #Jupiter #conjunction. #Heavenly. http://t.co/BxHWZANZvp]]></document>
		<document><![CDATA[Venus Jupiter conjunction. Heavenly. http://t.co/wialMJ0jOK]]></document>
		<document><![CDATA[Look @ the west Venus close to Jupiter. Heavenly show.]]></document>
		<document><![CDATA[Montreal Airport. Going home thanks to all for a wonderful meeting. Till the next time!!!!]]></document>
		<document><![CDATA[Lovely walk with friends to Notre Dam Basilica in Montreal. Thanks for a great time together. http://t.co/aAb9V0Tzis]]></document>
		<document><![CDATA[@ the base of Sky Pilot today afternoon, hail stopped us from going further. Thanks Gren &amp; Mark for a good hike. http://t.co/fWBX9r1kgp]]></document>
		<document><![CDATA[Poland, Poland where are you going?
Presidential election 2015.]]></document>
		<document><![CDATA[Watching a legend #PeteSampras @Vancouver tonight http://t.co/YHCZl4cFid]]></document>
		<document><![CDATA[@ 3:13:20PM today the epoch time was 1430000000]]></document>
		<document><![CDATA[Moon over UBC on a  lovely &amp; sunny spring day http://t.co/OLx0uw9F3e]]></document>
		<document><![CDATA[German author Guenter Grass dies - BBC News http://t.co/ZyGtAAh1yq]]></document>
		<document><![CDATA[Today @ the top of Piccolo. Skiing was fantastic!!! http://t.co/vd6CUjSrfQ]]></document>
		<document><![CDATA[Must see!!! Whiplash (2014) #IMDb. Excellent!!! http://t.co/vmV2SrbL29]]></document>
		<document><![CDATA[Very optimistic &amp; refreshing &amp; beautiful  – ♫We Sing in Time by Faada Freddy, from #SoundHound http://t.co/O33Cf4922m]]></document>
		<document><![CDATA[Last week with FRIENDS!!! @ Whistler. Thanks a million!!! http://t.co/85sIf36T9b]]></document>
		<document><![CDATA[Venus &amp; Moon @UBC campus!!! My IPhone's camera is not too good to catch the beauty of the stellar show. http://t.co/I0NgwKNmas]]></document>
		<document><![CDATA[Already full spring @UBC http://t.co/CDtZ0HZN16]]></document>
		<document><![CDATA[Kaleidoscope Whistler Mountain today!! It was great!!! http://t.co/fSLe6YGZ4X]]></document>
		<document><![CDATA[Heavy &amp; wet snow but still Whistler trip is good. Some photos later!!!]]></document>
		<document><![CDATA[Job well done!!! Congrats to Vasek &amp; rhe team Canada !!! #LiveTheMoment  #DavisCup http://t.co/8bbgcvec8T]]></document>
		<document><![CDATA[Milos won &amp; Vasek holds on with Kei #LiveTheMoment http://t.co/wx1xVNYk7q]]></document>
		<document><![CDATA[Pat Metheny - The Sound Of Silence pure genius Peace &amp; Happy Silence to All!! http://t.co/ur7yoUjDWx]]></document>
		<document><![CDATA[Congrats to Roger Federer 1000 wins!!!  What a match @BrisbaneTennis]]></document>
		<document><![CDATA[Happy New Year Vancouver !!! http://t.co/COgf2N73ge]]></document>
		<document><![CDATA[First snow @Vancouver http://t.co/YmtNzShCX5]]></document>
		<document><![CDATA[YES!!! Congrats to Roger Federer!!! #DavisCup goes to Swiss!!!]]></document>
		<document><![CDATA[Cold  but sunny Saturday afternoon @ home!!! http://t.co/DizysNWlAM]]></document>
		<document><![CDATA[What a game!!! RF against Stan. Congrats Roger!!! Go Go!!!!]]></document>
		<document><![CDATA[#TheEndlessRiver last Pink Floyd album released today!!!]]></document>
		<document><![CDATA[UBC just before Thanksgiving weekend. Now the rain has come. http://t.co/X2By2aBiUQ]]></document>
		<document><![CDATA[Great movie tonight @VIFF: Living Is Easy with Eyes Closed (2013)
#IMDb.  http://t.co/0LnRfQ6Del]]></document>
		<document><![CDATA[Full Moon &amp; halo 2h before eclipse. Too much clouds right now to see Blood Moon. http://t.co/qEjFZFXwrO]]></document>
		<document><![CDATA[Crown from Goat. Yesterday's hike!!! http://t.co/HRwv4LoOLe]]></document>
		<document><![CDATA[Perfect day in the North Shore Mountains!!! Hanes Vallley crossover &amp; Goat (again). TNKX to Gren, Mark, Greg &amp; Gabriel!!! Good hike!!!]]></document>
		<document><![CDATA[Trying out mountain bike. TNKX To Andrzej &amp; Roman. Have to do it more more often.]]></document>
	</documents>
</author>