<author lang="en">
	<documents>
		<document><![CDATA[Arrow, Suits, The 100, Vikings. Thursday is a good day.]]></document>
		<document><![CDATA[@GeeksPrevail Well then. https://t.co/fsUWLg6lYG]]></document>
		<document><![CDATA[@Neonxxv @GeeksPrevail then I'm okay with that]]></document>
		<document><![CDATA[@Neonxxv @GeeksPrevail am i at least a good subtweet?]]></document>
		<document><![CDATA[@GeeksPrevail Isn't this... a subtweet?]]></document>
		<document><![CDATA[@RogueyZz @MendrixNm Max giving Mendrix Twitter advice, oh how I never.]]></document>
		<document><![CDATA[@Lordsome @Clawdt To be fair, it's WA. I'm surprised that you got to play any at all.]]></document>
		<document><![CDATA[@Clawdt the last LAN event i played at was in 2013, now now]]></document>
		<document><![CDATA[When you can feel sickness right on the horizon. Not good, not good. https://t.co/Z4j2xjHvAg]]></document>
		<document><![CDATA[Thanks Seoul, you've been fun - but it's time to head home. #CODAsiaChamps 🇰🇷✈️🇦🇺 https://t.co/XMfYcoxIXQ]]></document>
		<document><![CDATA[@sumiNat what changed?]]></document>
		<document><![CDATA[As @MilesTheRoss would sing: 

Let it snow, let it snow, let it snow! https://t.co/0g4rcYBMxr]]></document>
		<document><![CDATA[@Inmaniac Yeah, we definitely in heaven. https://t.co/B9yVi2fyU1]]></document>
		<document><![CDATA[@MilesTheRoss @Inmaniac @Damomang omw mate, thanks for sharing]]></document>
		<document><![CDATA[@MilesTheRoss @Inmaniac @Damomang raise your head a little and look front right]]></document>
		<document><![CDATA[@Neonxxv @ChiefExcite @Onechance27_ @Inmaniac i missed you scott]]></document>
		<document><![CDATA[@ChiefExcite @Onechance27_ @Inmaniac Forgive me, I didn't want to make you quit on the spot.]]></document>
		<document><![CDATA[@ChiefExcite @Onechance27_ @Inmaniac well, i was trying my best to emulate EXACTLY how you would play. I think I nailed it.]]></document>
		<document><![CDATA[@ChiefExcite @Onechance27_ @Inmaniac i was the bait, obviously.]]></document>
		<document><![CDATA[@Trish_Rulz @Onechance27_ much better. no need to insult them more. ;)]]></document>
		<document><![CDATA[@Trish_Rulz @Onechance27_ who are you calling a caster]]></document>
		<document><![CDATA[@Trish_Rulz @Neonxxv @ATTACKOFDABLUE WE NEARLY THERE FAM.]]></document>
		<document><![CDATA[@ATTACKOFDABLUE @Trish_Rulz I have 120 down, don't think that's the problem. :P]]></document>
		<document><![CDATA[@ATTACKOFDABLUE @Trish_Rulz System updates done. Patch updates to go, 25m eta, not good, not good.]]></document>
		<document><![CDATA[@Trish_Rulz I'M COMING, I'M COMING. First got to do all the system updates since July, install game, patch game. NO TIME AT ALL!]]></document>
		<document><![CDATA[@LaughterWoT You're a week late. :P]]></document>
		<document><![CDATA[@BenGreenAU jeans is fine m9]]></document>
		<document><![CDATA[@Inmaniac @WhySoSmileyy @DS_Lunchy he didn't mention what title doe.]]></document>
		<document><![CDATA[@_Ectar have a good show guys!]]></document>
		<document><![CDATA[@YKEminence I thought you were the best, you don't need any assistance. amirite 

cwutididdere]]></document>
		<document><![CDATA[@YKEminence Would you be mad if I just told you not to miss instead? 😅 Kappa

(don't hurt me)]]></document>
		<document><![CDATA[@YKEminence You know I don’t look after GameBattles hosted events, friend.]]></document>
		<document><![CDATA[@Elfishguy I'm all tanked out for one day]]></document>
		<document><![CDATA[@YKEminence but where's the fun in that]]></document>
		<document><![CDATA[@Inmaniac I’m all the entertainment you need.]]></document>
		<document><![CDATA[@HerniBrah @CGPS_GIBERER @Lordsome Pls - sorry, but Chris, Chris, Scott &amp; myself are the A-team. ;)]]></document>
		<document><![CDATA[@Lordsome @CGPS_GIBERER whoops]]></document>
		<document><![CDATA[@CGPS_GIBERER @Lordsome He basically meant me, then the rest is all you guys, right Chris? ;)]]></document>
		<document><![CDATA[@Lordsome you sound like you’re mad]]></document>
		<document><![CDATA[Where did the day go - it's already 2:45am. :( https://t.co/dAo0OyNSlZ]]></document>
		<document><![CDATA[@WGLAPAC @Elfishguy that's cute]]></document>
		<document><![CDATA[@TaintedEminence Random Q. do you know the processes game testers take to find bugs? Realistically, not all bugs are that easy to find.]]></document>
		<document><![CDATA[@WhySoSmileyy @PhilWhi7 @Inmaniac Yeah... that's it... Of course...]]></document>
		<document><![CDATA[@Elfishguy @Dakillzor @LaughterWoT one man’s rubbish is another man’s warmth]]></document>
		<document><![CDATA[@Lordsome @ChiefHopey It’s okay, I miss you Chris, kinda.]]></document>
		<document><![CDATA[@Inmaniac @NakeeeZe What’s a Call of Duty? I’m a tanks main now.  :P https://t.co/VrEPBfOiQQ]]></document>
		<document><![CDATA[@NakeeeZe @Inmaniac @t1pton Unless you’ve played on a LAN this game I don’t know about, it’s your best placement this game, period. ;)]]></document>
		<document><![CDATA[@PhilWhi7 much motivation, such wow]]></document>
		<document><![CDATA[@gunzel_liam it's not all bad - better to be busy rather than bored!]]></document>
		<document><![CDATA[@gunzel_liam hah, all I see is my to-do list for work getting bigger, not smaller. :P]]></document>
		<document><![CDATA[@gunzel_liam that's about what, 4 a night? Sounds about right for me too.]]></document>
		<document><![CDATA[Ain't nobody got time for that sleep life. https://t.co/utILgzALjY]]></document>
		<document><![CDATA[@NZPunisher But that would be illegal. :')]]></document>
		<document><![CDATA[Time to start that Dragon Ball Super grind. Pls be good.]]></document>
		<document><![CDATA[@ATTACKOFDABLUE @GameBattles Of course, but I'm not an admin of GameBattles. :)]]></document>
		<document><![CDATA[@Brucy_aus I hear @HeyLookItsKAM is really good with lost orders of internet, right Kam? ;)]]></document>
		<document><![CDATA[@MF_BuZZO @Inmaniac he's talking more about the bad ;)]]></document>
		<document><![CDATA[@BenGreenAU whatever helps you sleep at night]]></document>
		<document><![CDATA[I crush people's dreams. https://t.co/nv3gUyMOZD]]></document>
		<document><![CDATA[@Maljy you can stop at "how good were 54 teams"]]></document>
		<document><![CDATA[@jbhewitt you got to feel the burn!]]></document>
		<document><![CDATA[@jbhewitt oh dear]]></document>
		<document><![CDATA[@gooseNstuffs Maaaate, while Gears pins are the preference, I’m a gaming pin collector. :P]]></document>
		<document><![CDATA[@gooseNstuffs I’ll take one too while you’re at it. :’)]]></document>
		<document><![CDATA[Have a problem you want to avoid? Work in eSports. You'll have plenty of things to do to keep distracted &amp; busy. https://t.co/jj3H0IPJhN]]></document>
		<document><![CDATA[This is still up there as one of my favourite tweets to have made in 2016. #CrownMelb https://t.co/9XQnd3ZpTf]]></document>
		<document><![CDATA[@RogueyZz just a pretty face]]></document>
		<document><![CDATA[@RogueyZz isn't that what you're there for? ;)]]></document>
		<document><![CDATA[@RogueyZz your* :( - autocorrect has failed me.]]></document>
		<document><![CDATA[@RogueyZz I'm not watching it though, I'm apart of it. I'm the reason why you're viewers will be tuning in. ;)]]></document>
		<document><![CDATA[@RogueyZz I dunno about that one]]></document>
		<document><![CDATA[@RogueyZz even then, it's debatable.]]></document>
		<document><![CDATA[@RogueyZz either way, you'll neg on whatever game you play. ;)]]></document>
		<document><![CDATA[Happy New Year everyone!]]></document>
		<document><![CDATA[@Cyanide_au @BenGreenAU good thing it's a watch then]]></document>
		<document><![CDATA[@jbhewitt bull rush - definitely bull rush.]]></document>
		<document><![CDATA[@Neonxxv @Inmaniac We've passed the snail age actually... We're on hamsters now.]]></document>
		<document><![CDATA[@Neonxxv @Inmaniac It's probably true - Scott can't win a thing to save his life and he has essentially that.]]></document>
		<document><![CDATA[@Inmaniac What's a LAN?]]></document>
		<document><![CDATA[@Inmaniac 

1. Definitely biased as a caster, you just want drama. Kappa.
2. Now is our golden opportunity to make a team and dominate. KGO.]]></document>
		<document><![CDATA[@NakeeeZe oh well, worth a shot]]></document>
		<document><![CDATA[@NakeeeZe I've got the jersey ready to go and everything, sub me in boss.]]></document>
		<document><![CDATA[@RogueyZz I'm still waiting on your reply. ;)]]></document>
		<document><![CDATA[@Inmaniac at least I'm not blue now]]></document>
		<document><![CDATA[@Inmaniac LOL - I was so confused, typed them in and so much success.]]></document>
		<document><![CDATA[I'm always the most productive at the weirdest times - 'le sigh. #whatisthisthingcalledsleep https://t.co/M1FWPgaDC1]]></document>
		<document><![CDATA[@THEJimmy_Hex @Sparzx @analoghotdog any updates on this you can pass on?]]></document>
		<document><![CDATA[@Lordsome honestly, me too. This thing creaks when it gets moved.]]></document>
		<document><![CDATA[@DALEROXX TEMPORARY!]]></document>
		<document><![CDATA[@xMinks I guess this is the part where I question if you even get any kills... ;)]]></document>
		<document><![CDATA[@xMinks wut? You can't tell me there's not a single, single player game you like?!]]></document>
		<document><![CDATA[@Neonxxv that cat cray cray]]></document>
		<document><![CDATA[@xMinks that's what single player games are designed for!]]></document>
		<document><![CDATA[@SYF_MKR Nah, I take out all the cables and just take it off all at once. But maaaan, it weighs a ton.]]></document>
		<document><![CDATA[Temporary removal of a screen, but we back, neat and tidy with a new location! https://t.co/s1eCluMCCc]]></document>
		<document><![CDATA[@ASAPox Nothing currently available for AU, but I'm sure something's there!]]></document>
		<document><![CDATA[@ASAPox oh, here you go: https://t.co/gic04Bq4Ed

Asia only though.]]></document>
		<document><![CDATA[@xGirlGermsx yes ma'am! Alphabetical by Author. :)]]></document>
		<document><![CDATA[@CGPS_GIBERER yep, it's the trilogy!]]></document>
		<document><![CDATA[@metapodX yeah, but it's ordered by alphabetical order of Author, so you gotta do what you gotta do.]]></document>
	</documents>
</author>