<author lang="en">
	<documents>
		<document><![CDATA[More and more PAL articles being added to HealthLinkBC.ca too! Check back for new resources. https://t.co/QzR2BT4TAI]]></document>
		<document><![CDATA[Where did 2016 go? Seemed like I squeezed a lot of living in last year, but also feels like it zoomed by.]]></document>
		<document><![CDATA[@briankoppelman Heard the Godin podcast, looks like https://t.co/TmPInUBS0A has an archive of Spy mag from the 80s and 90s.]]></document>
		<document><![CDATA[@robinblackmma Some of us remember those old shows on the Score! Didn't know you had a plan at the time, but enjoyed grass roots action.]]></document>
		<document><![CDATA[Really enjoying the Mitch Joel podcast archives. Informative, inspiring conversations on marketing and beyond https://t.co/Qzs1Tz7uq8]]></document>
		<document><![CDATA[@robinblackmma As are disengaging, creating space, and resetting momentum...I didn't see running, I saw smart tactics.]]></document>
		<document><![CDATA[@robinblackmma Once again the crowd in Van goes wild! Most cheers and boos at the start and back and forth jeers during!]]></document>
		<document><![CDATA[The Convince and Convert crew and @jaybaer are a trusted source of what is happening and working in marketing. https://t.co/TgCT4zJOdO]]></document>
		<document><![CDATA[Time to kick this back into gear and (re)start sharing some of the great resources out there.]]></document>
		<document><![CDATA[Appreciate all the great info from UserTesting! Watching the Emotionally Intelligent Design show. #UTwebinar]]></document>
		<document><![CDATA[It's Never Too Late!! @cc_chapman Found your podcasts via Mitch Joel.]]></document>
		<document><![CDATA[@kristinkontrol listening to your Guardian playlist and Nick Drake. Love what he did but, ohhhh, what he might have done...]]></document>
		<document><![CDATA[@BCGovNews @ACTCommunityBC The story says available in 2017 and I don't see links to translations on the MCF page. Are they out now?]]></document>
		<document><![CDATA[@lynda is it possible to sign up for a monthly sub and pre-pay 3 months? Thanks, Kris O.]]></document>
		<document><![CDATA[Bootcamp? Don't need no bootcamp. Danced more in 2.5 days of #vfmf2015 than the last year. Legs are tired!]]></document>
		<document><![CDATA[Singing and dancing at Jericho with hundreds of people--soul cleansing! And that was day one... #vfmf2015]]></document>
		<document><![CDATA[@TravisVan33 Displace on 4th Ave. Usually go to Kings Head but they waffled hoping for Khatsalano crowds.]]></document>
		<document><![CDATA[@robinblackmma Only midnight on the coast! This event, you hope lives up to potential, then surpasses. Looking forward to the breakdown!]]></document>
		<document><![CDATA[@robinblackmma Watched the fights in a bar in Kits in Vancouver, when McG won, 100+ erupted in a way last seen with GSP!]]></document>
		<document><![CDATA[@robinblackmma Watching post fight, enjoying analysis, many questions answered on this card. Want to see them all fight again!]]></document>
		<document><![CDATA[Win Free Books From James Altucher For a Year! http://t.co/4ThbbH2key via @jaltucher]]></document>
		<document><![CDATA[@stevendrowe Unusually warm weather out here--summer starting early, hope it sticks--crossing fingers...]]></document>
		<document><![CDATA[Might have been a mild quake in Vancouver--felt the chair move and saw monitors wobble!]]></document>
		<document><![CDATA[@perpetua Thanks for helping me discover and share great tunes over the years, will check out your new haul!]]></document>
		<document><![CDATA[@stevendrowe wading through some now?! Seems it goes from coast to coast in varying depths.]]></document>
		<document><![CDATA[CSS-Tricks coding is often over my head but web performance helps with what I'm working on now! http://t.co/OpZd2pNWD8]]></document>
		<document><![CDATA[I haven't been to school for a while, but I never stop learning.]]></document>
		<document><![CDATA[@dsearls @davewiner Great aerial night photos of NYC https://t.co/HJzfVLnlDZ]]></document>
		<document><![CDATA[Movember 2014 in the home stretch! Donate to someone you know who is participating. Canada is in a tight race with the U.S.]]></document>
		<document><![CDATA[Ebola virus has dropped off the new radar but the HLBC site has a page with info and links: http://t.co/tsz1z5degN]]></document>
		<document><![CDATA[@dbarefoot do you have invites to share?! The site said to ask...]]></document>
		<document><![CDATA[@jwalkerjr @davewiner having been young and greedy I get the limit/extract mindset, now I just want tools outside the milk barns.]]></document>
		<document><![CDATA[@Ebiten_robson what are your hours? We want to grab a bite before the BC Lions game if you're open!]]></document>
		<document><![CDATA[Throwback collides with tech... http://t.co/RGRXzJqxun Not sure I`d ever go back though!]]></document>
		<document><![CDATA[Speaking of creativity... http://t.co/ALvc1xtKGd]]></document>
		<document><![CDATA[Might explain how my ideas arise...http://t.co/86o63fdczB Not a conscious effort, just happens!]]></document>
		<document><![CDATA[Playing with Dave Winer's new projects, hence the photos with text. Go to http://t.co/RhQzyzlO8P for more cool stuff.]]></document>
		<document><![CDATA[Berry Season! http://t.co/NPh3vszo1h]]></document>
		<document><![CDATA[Rainbows aren't all in the sky. http://t.co/gLlvGElEKY]]></document>
		<document><![CDATA[Time flying by, June already. So much to do, so little time. Marketing folks, check out http://t.co/wSeXGF0LUM if you don't now.]]></document>
		<document><![CDATA[Last breaking spring in Vancouver but the bees are back and I saw a snake sunning in the grass yesterday.]]></document>
		<document><![CDATA[If you're a Bakadesuyo reader, Eric is finding new channels: http://t.co/cm6vn8ml9W &amp; after a busy weekend, I need this!]]></document>
		<document><![CDATA[We've improved searching on healthlinkbc.ca with the Google Search Appliance so finding health info should be easier!]]></document>
		<document><![CDATA[Don Norman on product design and engineering: Stupid Smart Stuff | LinkedIn http://t.co/Od6D3KMRJM]]></document>
		<document><![CDATA[No snow at sea level but the ice got me. Out went my feet and I hit the ground horizontal, my pack taking the brunt.]]></document>
		<document><![CDATA[February already. 2014 is flying by! Read/see interesting bits but don't think to post it here. Time to form a new habit.]]></document>
		<document><![CDATA[@TheresaLalonde Walk in the woods = dog heaven!]]></document>
		<document><![CDATA[@1pooplechicken @CorvidLadyG Must be a youngun', still needs to fill out a bit!]]></document>
		<document><![CDATA[@JonnyDrinks @lfroese @Winespiration @TheSpitter bit late...true! I enjoy discerning different nuances, but it's not for all!]]></document>
		<document><![CDATA[@EatChickenWraps I'm not downtown often during the week . Do you have a set location?]]></document>
		<document><![CDATA[@raincoaster still coming down hard in Burnaby, no rain yet...!]]></document>
		<document><![CDATA[@invoker I sure hope so, the org I work for is missing a huge opportunity for connection as the world passes them by.]]></document>
		<document><![CDATA[Snow day in Vancouver means slip and slide, great photo opps, and mesmerizing scenery. It's really coming down!]]></document>
		<document><![CDATA[Silly me, a commando run to Costco this time of year? The parking lot was jammed with circling cars.]]></document>
		<document><![CDATA[@timbray think you're onto something...en.wikipedia.org/wiki/Feuerzangenbowle. Plotting a test run!]]></document>
		<document><![CDATA[@stewart @dbarefoot Flickr is still the easiest way for me to show people photos in bulk sets vs. my gallery site.]]></document>
		<document><![CDATA[@stewart @dbarefoot Probably seemed like a good idea at the time. Too bad it didn't take off...]]></document>
		<document><![CDATA[Be who you are and say what you feel, because those who mind don't matter and those who matter don't mind. -- Dr. Seuss]]></document>
		<document><![CDATA[When a setback has me questioning what I'm made of and the value others see in me, I turn to wise people for help!]]></document>
		<document><![CDATA[Haven't worked in downtown Vancouver for years. The best thing about Robson Square jury duty may be food trucks for lunch!]]></document>
		<document><![CDATA[Powerbars way past best before date? Major score for hungry crows perched on the wires near my patio!]]></document>
		<document><![CDATA[Off to jury duty. Interested to see our justice system in action!]]></document>
		<document><![CDATA[@kocopywriter that would be: taking a close look or looking closely at Ghost, didn't make it to the screen!]]></document>
		<document><![CDATA[I've used WordPress for 6+ years. Taking a closely at Ghost as a simpler alternative! https://t.co/vCt8kjeMY6]]></document>
		<document><![CDATA[Almost daily I stumble on great resources, here's the latest! @analyticisms Check out their site too. http://t.co/oXWyE8dMPX]]></document>
		<document><![CDATA[@ashjbee Read this http://t.co/xcpy6PDOIB which led to http://t.co/KjnbHpxau1 --interesting enterprise social media info!]]></document>
		<document><![CDATA[A bit of humour for a gloomy Vancouver day, had me laughing out loud on the bus this a.m. http://t.co/hh48TgFeQ1]]></document>
		<document><![CDATA[You take in rescued animals and pour on the love and slowly build a bond of trust. It's sad when it ends. Bella, you were the best!]]></document>
		<document><![CDATA[November. Can't cling to waning summer any longer. And the forecast drives the point home.]]></document>
		<document><![CDATA[@TheHSF Thanks for the update! We have resources linked to your site. I also run broken link checks for healthlinkbc.ca.]]></document>
		<document><![CDATA[@TheHSF Yes! But our links to http://t.co/eqQ3KFGqr5 don't work. Should I convert them to .com? Thanks!]]></document>
		<document><![CDATA[Can't get to your website--having problems? @TheHSF]]></document>
		<document><![CDATA[The salmon are back and spawning in Still Creek for the 2nd year in a row! #stillcreek http://t.co/w4RAe1FhAB]]></document>
		<document><![CDATA[Spent time this weekend with an old friend, 20JazzFunkGreats: prose, images, and cool music. http://t.co/rgFq5WRoQR]]></document>
		<document><![CDATA[Catching up on saved shows, as a lifelong comics fan loved the PBS doc Superheroes. Watch online! http://t.co/dB9piD34gN]]></document>
		<document><![CDATA[@lfroese @Winespiration True! Most folks don't give a rat's heinie about cassis or gooseberry. It's about sharing a moment.]]></document>
		<document><![CDATA[Checking out the new #Hootlet! http://t.co/uACYS4Xi5h Probably a good idea since I'm being screened tomorrow!]]></document>
		<document><![CDATA[Still grasping the impact of Hummingbird but here's a clear explanation for non SEO people. http://t.co/Y2T31mnMNq]]></document>
		<document><![CDATA[@HootHR Thanks!]]></document>
		<document><![CDATA[@HootHR Trying to contact Suraj Virk by phone and email, no response so far! Can I get a message to him here?]]></document>
		<document><![CDATA[For women in tech and daughters who might be thinking about a career...Ada Lovelace Day! http://t.co/7XmHDjkaWg]]></document>
		<document><![CDATA[@CorvidLadyG more shots coming! they are awesome creatures and great subjects.]]></document>
		<document><![CDATA[@briansolis @gapingvoid Human nature and habit, never seen a windmill or tilted anything but pinball. Change is uphill.]]></document>
		<document><![CDATA[@dbarefoot That level of detachment exists, yes. But really, how often did Jean Luc and crew not bend or break a rule?]]></document>
		<document><![CDATA[Loving the "in-depth articles" on the Portent blog. http://t.co/u9hKkYu6Dw Plenty to ponder and use. Via @heidicohen's blog.]]></document>
		<document><![CDATA[Best to avoid food and bev while reading this, lest you harm yourself or devices accidentally... http://t.co/Yr9kVjDtgK]]></document>
		<document><![CDATA[@canice @mathewi @MileyCyrus On SNL...a one-way ticket to "guest judge" on the X-Files or another reality show on Fox?]]></document>
		<document><![CDATA[Didn't change the world today. Fell a bit more in love. Secured our aunt's future. Solved a financial challenge. Tomorrow? Bring it!]]></document>
		<document><![CDATA[October means time for salmon watch in Still Creek where in 2013 the first salmon returned in over 80 years! http://t.co/LfmFxrBppl]]></document>
		<document><![CDATA[@streetcrow I'll be back out in the dark soon. Watching. Clicking. http://t.co/tKfTCBRpWB]]></document>
		<document><![CDATA[Eric Barker always has interesting insights into being human but this is a great post. http://t.co/y3eA5ZGzKk]]></document>
		<document><![CDATA[Marc Canter is back, and stirring things up again... http://t.co/Bz4HefjORi]]></document>
		<document><![CDATA[Top of list today: umbrella shopping. My feeble collapsible brolly got shredded in Sunday's wind storm.]]></document>
		<document><![CDATA[@HootSuite_Help Thanks! Ideally people at related sites would write and link tweets, but public agencies may need approved messages.]]></document>
		<document><![CDATA[@HootSuite_Help Hi, want to clarify an ow.ly case: if we give canned tweets with ow.lys in 'em to sites, do clicks show up in our stats?]]></document>
		<document><![CDATA[Canada's Web Users Grin and Bear Loss of Online Privacy - eMarketer http://t.co/nzbMHbSoru via @eMarketer]]></document>
		<document><![CDATA[File under Trying Too Hard: On a burbling, farting Harley, broadcasting G. Thorogood loud on stereo, "B-b-b-b-b-bad..."]]></document>
		<document><![CDATA[We're getting social media going at HealthLink BC and I'm eager to put available tools to work as we sort out our approach.]]></document>
		<document><![CDATA[Great thunder and lightning show in Vancouver today. Unfortunately, I saw most of it through a hospital window (while visiting.)]]></document>
		<document><![CDATA[Thunder in the morning and it looks brighter now in the early p.m. so no swimming in the rain today!]]></document>
	</documents>
</author>