<author lang="en">
	<documents>
		<document><![CDATA[You're happy to juggle multiple things at once, bouncing from ... More for Gemini https://t.co/3uTgCZyz5X]]></document>
		<document><![CDATA[Constantly changing circumstances keep you entertained today, ... More for Gemini https://t.co/3uTgCZyz5X]]></document>
		<document><![CDATA[Although you love dancing to the upbeat rhythm of those around... More for Gemini https://t.co/3uTgCZyz5X]]></document>
		<document><![CDATA[You're an expert on the field of verbal athletics, able to pla... More for Gemini https://t.co/3uTgCZyz5X]]></document>
		<document><![CDATA[Excitement can turn to frenzy if you lack focus and it's easy ... More for Gemini https://t.co/3uTgCZyz5X]]></document>
		<document><![CDATA[Your dreams seem closer than ever now, and you're willing to s... More for Gemini https://t.co/3uTgCZyz5X]]></document>
		<document><![CDATA[It's hard to tell what's real and what's fiction today as wild... More for Gemini https://t.co/3uTgCZyz5X]]></document>
		<document><![CDATA[It's as if a sonic frequency is vibrating all the pieces in yo... More for Gemini https://t.co/3uTgCZyz5X]]></document>
		<document><![CDATA[Looking at the world through curious eyes is a gift unto itsel... More for Gemini https://t.co/3uTgCZyz5X]]></document>
		<document><![CDATA[You're ready to rally all your comrades and lead the charge on... More for Gemini https://t.co/3uTgCZyz5X]]></document>
		<document><![CDATA[You're thirsty for knowledge and you're willing to journey far... More for Gemini https://t.co/3uTgCZyz5X]]></document>
		<document><![CDATA[You're happy to throw yourself into your work today because th... More for Gemini https://t.co/3uTgCZyz5X]]></document>
		<document><![CDATA[Others may wonder what's wrong today as you're not quite actin... More for Gemini https://t.co/3uTgCZyz5X]]></document>
		<document><![CDATA[Someone who has been a real ally of yours may turn on you toda... More for Gemini https://t.co/3uTgCZyz5X]]></document>
		<document><![CDATA[You could get into an argument with someone about your diverge... More for Gemini https://t.co/3uTgCZyz5X]]></document>
		<document><![CDATA[Oftentimes, people can't keep up with your pace because it see... More for Gemini https://t.co/3uTgCZyz5X]]></document>
		<document><![CDATA[Although you're ready to swing into action as if you have all ... More for Gemini https://t.co/3uTgCZyz5X]]></document>
		<document><![CDATA[There are positive vibrations in the air today, elevating you ... More for Gemini https://t.co/3uTgCZyz5X]]></document>
		<document><![CDATA[You are working with a very small margin of error now, so be v... More for Gemini https://t.co/3uTgCZyz5X]]></document>
		<document><![CDATA[Themes of expansion and contraction make it hard to find the r... More for Gemini https://t.co/3uTgCZyz5X]]></document>
		<document><![CDATA[You want to shout your plans from the rooftop today because yo... More for Gemini https://t.co/3uTgCZyz5X]]></document>
		<document><![CDATA[You want to shout your plans from the rooftop today because yo... More for Gemini https://t.co/3uTgCZyz5X]]></document>
		<document><![CDATA[You want to shout your plans from the rooftop today because yo... More for Gemini https://t.co/3uTgCZyz5X]]></document>
		<document><![CDATA[You want to shout your plans from the rooftop today because yo... More for Gemini https://t.co/3uTgCZyz5X]]></document>
		<document><![CDATA[Although you may wish to incorporate the ambitions of others i... More for Gemini https://t.co/3uTgCZyz5X]]></document>
		<document><![CDATA[Too much of a good thing can become a major headache today. Th... More for Gemini https://t.co/3uTgCZyz5X]]></document>
		<document><![CDATA[Your mind is running on several parallel tracks today and your... More for Gemini https://t.co/3uTgCZyz5X]]></document>
		<document><![CDATA[Your mind is running on several parallel tracks today and your... More for Gemini https://t.co/3uTgCZyz5X]]></document>
		<document><![CDATA[Your mind is running on several parallel tracks today and your... More for Gemini https://t.co/3uTgCZyz5X]]></document>
		<document><![CDATA[You're in your element and may be pleasantly surprised that pe... More for Gemini https://t.co/3uTgCZyz5X]]></document>
		<document><![CDATA[You're in your element and may be pleasantly surprised that pe... More for Gemini https://t.co/3uTgCZyz5X]]></document>
		<document><![CDATA[You're in your element and may be pleasantly surprised that pe... More for Gemini https://t.co/3uTgCZyz5X]]></document>
		<document><![CDATA[You're in your element and may be pleasantly surprised that pe... More for Gemini https://t.co/3uTgCZyz5X]]></document>
		<document><![CDATA[You're driven to achieve success in the outer world as you loo... More for Gemini https://t.co/3uTgCZyz5X]]></document>
		<document><![CDATA[You're driven to achieve success in the outer world as you loo... More for Gemini https://t.co/3uTgCZyz5X]]></document>
		<document><![CDATA[You're driven to achieve success in the outer world as you loo... More for Gemini https://t.co/3uTgCZyz5X]]></document>
		<document><![CDATA[You're driven to achieve success in the outer world as you loo... More for Gemini https://t.co/3uTgCZyz5X]]></document>
		<document><![CDATA[You're usually not one to turn down a party invitation, but th... More for Gemini https://t.co/3uTgCZyz5X]]></document>
		<document><![CDATA[It feels like you are turning the page to start a more serious... More for Gemini https://t.co/3uTgCZQaux]]></document>
		<document><![CDATA[Committing to your goals is one thing, but you get an eerie se... More for Gemini https://t.co/3uTgCZyz5X]]></document>
		<document><![CDATA[Your ideas seem better and better the more you think about the... More for Gemini https://t.co/3uTgCZyz5X]]></document>
		<document><![CDATA[It almost feels like being a kid again when you wake up this m... More for Gemini https://t.co/3uTgCZyz5X]]></document>
		<document><![CDATA[It almost feels like being a kid again when you wake up this m... More for Gemini https://t.co/3uTgCZyz5X]]></document>
		<document><![CDATA[Happily, the tension between a new group of friends and your l... More for Gemini https://t.co/3uTgCZyz5X]]></document>
		<document><![CDATA[Happily, the tension between a new group of friends and your l... More for Gemini https://t.co/3uTgCZyz5X]]></document>
		<document><![CDATA[Happily, the tension between a new group of friends and your l... More for Gemini https://t.co/3uTgCZyz5X]]></document>
		<document><![CDATA[Whether you're working, traveling, or staying in for the holid... More for Gemini https://t.co/3uTgCZyz5X]]></document>
		<document><![CDATA[Whether you're working, traveling, or staying in for the holid... More for Gemini https://t.co/3uTgCZyz5X]]></document>
		<document><![CDATA[Whether you're working, traveling, or staying in for the holid... More for Gemini https://t.co/3uTgCZyz5X]]></document>
		<document><![CDATA[Whether you're working, traveling, or staying in for the holid... More for Gemini https://t.co/3uTgCZyz5X]]></document>
		<document><![CDATA[Your focus is on your core values today, and you may wonder wh... More for Gemini https://t.co/3uTgCZyz5X]]></document>
		<document><![CDATA[Your focus is on your core values today, and you may wonder wh... More for Gemini https://t.co/3uTgCZyz5X]]></document>
		<document><![CDATA[Your focus is on your core values today, and you may wonder wh... More for Gemini https://t.co/3uTgCZyz5X]]></document>
		<document><![CDATA[The whirlwind slows, and it's time to take personal inventory.... More for Gemini https://t.co/3uTgCZyz5X]]></document>
		<document><![CDATA[Buzzing like a bumble bee from one flower to the next, your lo... More for Gemini https://t.co/3uTgCZyz5X]]></document>
		<document><![CDATA[Buzzing like a bumble bee from one flower to the next, your lo... More for Gemini https://t.co/3uTgCZyz5X]]></document>
		<document><![CDATA[You are excited to tackle social issues within a group or give... More for Gemini https://t.co/3uTgCZyz5X]]></document>
		<document><![CDATA[You are excited to tackle social issues within a group or give... More for Gemini https://t.co/3uTgCZyz5X]]></document>
		<document><![CDATA[You are excited to tackle social issues within a group or give... More for Gemini https://t.co/3uTgCZyz5X]]></document>
		<document><![CDATA[You are excited to tackle social issues within a group or give... More for Gemini https://t.co/3uTgCZyz5X]]></document>
		<document><![CDATA[There's a fork in the road, but which way should you go? You'v... More for Gemini https://t.co/3uTgCZyz5X]]></document>
		<document><![CDATA[There's a fork in the road, but which way should you go? You'v... More for Gemini https://t.co/3uTgCZyz5X]]></document>
		<document><![CDATA[Your illustrious reputation precedes you everywhere you go in ... More for Gemini https://t.co/3uTgCZyz5X]]></document>
		<document><![CDATA[Contrary to popular belief, you can't talk your way out of eve... More for Gemini https://t.co/3uTgCZyz5X]]></document>
		<document><![CDATA[The community spirit is strong now and you may be excited abou... More for Gemini https://t.co/3uTgCZyz5X]]></document>
		<document><![CDATA[Nothing gets your adrenaline pumping quite like a spirited dis... More for Gemini https://t.co/3uTgCZyz5X]]></document>
		<document><![CDATA[Imagine your perfect job -- the one that inspires you to reach... More for Gemini https://t.co/3uTgCZyz5X]]></document>
		<document><![CDATA[It's rare for you chatty Twins to be at a loss for words or id... More for Gemini https://t.co/3uTgCZyz5X]]></document>
		<document><![CDATA[Interesting people pop up today to offer exciting opportunitie... More for Gemini https://t.co/3uTgCZyz5X]]></document>
		<document><![CDATA[Your perspective is changing, requiring you to take a fresh lo... More for Gemini https://t.co/3uTgCZyz5X]]></document>
		<document><![CDATA[Paradoxically, the methodical routine of your job increases yo... More for Gemini https://t.co/3uTgCZyz5X]]></document>
		<document><![CDATA[Everyone else seems to have plenty of time for some personal r... More for Gemini https://t.co/3uTgCZyz5X]]></document>
		<document><![CDATA[You may be recovering from a situation where your excessive en... More for Gemini https://t.co/3uTgCZyz5X]]></document>
		<document><![CDATA[You're unlikely to change your mind today once your heart is s... More for Gemini https://t.co/3uTgCZyz5X]]></document>
		<document><![CDATA[The intensity of interpersonal dynamics could interfere with y... More for Gemini https://t.co/3uTgCZyz5X]]></document>
		<document><![CDATA[Maintaining your confidence is nearly impossible today if peop... More for Gemini https://t.co/3uTgCZyz5X]]></document>
		<document><![CDATA[You are blessed with the ability to persuade people to your po... More for Gemini https://t.co/3uTgCZyz5X]]></document>
		<document><![CDATA[Your appetite for food, fun or fame may be extreme today as yo... More for Gemini https://t.co/3uTgCZyz5X]]></document>
		<document><![CDATA[You're more intrigued with what you can't see in the shadows t... More for Gemini https://t.co/3uTgCZyz5X]]></document>
		<document><![CDATA[Explaining your thought process can be particularly problemati... More for Gemini https://t.co/3uTgCZyz5X]]></document>
		<document><![CDATA[You may be disillusioned with your chosen life path today, dre... More for Gemini https://t.co/3uTgCZyz5X]]></document>
		<document><![CDATA[Your cerebral antennae are fully extended today as you scan yo... More for Gemini https://t.co/3uTgCZyz5X]]></document>
		<document><![CDATA[You are inspired to put your best ideas into motion now, espec... More for Gemini https://t.co/3uTgCZyz5X]]></document>
		<document><![CDATA[Commitments recently made at work may be challenging to fulfil... More for Gemini https://t.co/3uTgCZyz5X]]></document>
		<document><![CDATA[You are ready to face the music and do whatever is required to... More for Gemini https://t.co/3uTgCZyz5X]]></document>
		<document><![CDATA[Expect plenty of conversation with lots of laughs today, and m... More for Gemini https://t.co/3uTgCZyz5X]]></document>
		<document><![CDATA[Unfiltered honesty can get you into hot water today. To speak ... More for Gemini https://t.co/3uTgCZyz5X]]></document>
		<document><![CDATA[Navigating your way through an uncertain political climate at ... More for Gemini https://t.co/3uTgCZyz5X]]></document>
		<document><![CDATA[Doors are opening, showing you all the places you would like t... More for Gemini https://t.co/3uTgCZyz5X]]></document>
		<document><![CDATA[You aspire to reach high for your dreams today, but it's hard ... More for Gemini https://t.co/3uTgCZyz5X]]></document>
		<document><![CDATA[You might feel more accepted and appreciated now than you thin... More for Gemini https://t.co/3uTgCZyz5X]]></document>
		<document><![CDATA[Trying to keep your mouth shut may be a losing battle today be... More for Gemini https://t.co/3uTgCZyz5X]]></document>
		<document><![CDATA[Freethinking friends make perfect allies in activities that ca... More for Gemini https://t.co/3uTgCZyz5X]]></document>
		<document><![CDATA[You're not the easiest person to get along with today, even if... More for Gemini https://t.co/3uTgCZyz5X]]></document>
		<document><![CDATA[You're often the first one to say yes to someone's crazy idea,... More for Gemini https://t.co/3uTgCZyz5X]]></document>
		<document><![CDATA[It's no fun when someone you respect fails to support your act... More for Gemini https://t.co/3uTgCZyz5X]]></document>
		<document><![CDATA[You are torn between your ambitious plans and someone's more c... More for Gemini https://t.co/3uTgCZyz5X]]></document>
		<document><![CDATA[Balancing your playful approach to life with more serious conc... More for Gemini https://t.co/3uTgCZyz5X]]></document>
		<document><![CDATA[No matter what anyone tells you, imagining a healthier lifesty... More for Gemini https://t.co/3uTgCZyz5X]]></document>
		<document><![CDATA[A significant relationship might be going through an emotional... More for Gemini https://t.co/3uTgCZyz5X]]></document>
	</documents>
</author>