<author lang="en">
	<documents>
		<document><![CDATA[Politics needs a connection, Shorten says, correctly, but can he deliver? Some commentary from the NPC, ICYMI

https://t.co/VIV2sIsXHl]]></document>
		<document><![CDATA[Malcolm Turnbull warns protectionism means higher prices and fewer jobs https://t.co/ZDYAGFpSVb #auspol]]></document>
		<document><![CDATA[Never tweet at Trump dawn while loading a dishwasher - @iamSallyYates, isn't.]]></document>
		<document><![CDATA[@AusMossy ah, so it is. Never retweet while loading the dishwasher at 11pm.]]></document>
		<document><![CDATA[Shorten identifies the problem of politics, but can he fix it? Some commentary on today's press club speech https://t.co/3WRn59BHgC #auspol]]></document>
		<document><![CDATA[Trumpocalypse, live 

https://t.co/AvKqJM03hg]]></document>
		<document><![CDATA[Peter Dutton backs Donald Trump's 'mandate' to enforce travel ban

https://t.co/zJGjH0KXWh #auspol]]></document>
		<document><![CDATA[Acting Attorney General orders Justice Dept. not to defend Trump’s travel ban https://t.co/icYqjSiith via @danielhurstbne]]></document>
		<document><![CDATA[Shorter Turnbull: Why don't you people understand me? 3/3]]></document>
		<document><![CDATA[Turnbull: "When I have frank advice to give to an American president I give it privately, as good friends should." 2/3]]></document>
		<document><![CDATA[Turnbull: "My job is to deliver for the Australian national interest." #auspol 1/3]]></document>
		<document><![CDATA[Australian dual nationals will not be affected by US travel ban, PM says https://t.co/xTLQic0W8l @grhutchens #auspol]]></document>
		<document><![CDATA[Australia must not become an 'unskilled enclave' in Asia, Bill Shorten to warn https://t.co/JPty3FluYM @gabriellechan]]></document>
		<document><![CDATA[@whereisdasher @urbanparkscount I've never met her. I don't hate strangers. I leave that to people on the internet.]]></document>
		<document><![CDATA[@whereisdasher @urbanparkscount I'm Katharine but perhaps Katherine is an alternative fact.]]></document>
		<document><![CDATA[Shortly I will attend the wireless with @PatsKarvelas @RNDrive #ItsAScallop]]></document>
		<document><![CDATA[@jonkudelka @jamesmassola it is not a cake. The end.]]></document>
		<document><![CDATA[@James_Jeffrey @PSyvret hello dear James. Happy new year.]]></document>
		<document><![CDATA[@supergran41 thank you]]></document>
		<document><![CDATA[@mephiztopheleze @PSyvret those too, but in this case, people are seeking to engage me on anatomy size. Not on day one. Nope.]]></document>
		<document><![CDATA[@PSyvret yes, what a time xx]]></document>
		<document><![CDATA[@PSyvret I'm getting dicks and balls. No dicks and balls on day one as some shorthand for the PM's manhood. Binned.]]></document>
		<document><![CDATA[Early public service announcement, anyone who gives me genitalia gets binned. I'm taking no prisoners #auspol]]></document>
		<document><![CDATA[Opening commentary for the #auspol year. With the Trumpocalypse, Turnbull talks very softly, carrying a tiny stick https://t.co/IZI5lLc3PO]]></document>
		<document><![CDATA[Scott Morrison says Trump travel ban shows 'world is catching up' to Australia https://t.co/nc7ThqTCyb #auspol]]></document>
		<document><![CDATA[My summer is over. Ms @SabraLane is on the wireless #suspol]]></document>
		<document><![CDATA[Best emotional outburst since Roger famously declared: "Womens are always the boss." #AusOpen https://t.co/bhaLbNh945]]></document>
		<document><![CDATA[We are all crying Roger #AusOpen]]></document>
		<document><![CDATA[Jaw locked #AusOpen]]></document>
		<document><![CDATA[On the couch: H: The alpine fox! D: That's not a thing #AusOpen]]></document>
		<document><![CDATA[Come on Roger #AusOpen]]></document>
		<document><![CDATA[Federal judge stays deportations under Trump Muslim country travel ban https://t.co/lq3xhZ6Tyr]]></document>
		<document><![CDATA["We are every stripe of attorney out there" https://t.co/hbT28P0w78]]></document>
		<document><![CDATA[Republican, Michigan https://t.co/caefPDxp8P]]></document>
		<document><![CDATA[Trump’s Immigration Ban Is Illegal https://t.co/BI7YUjlLO8]]></document>
		<document><![CDATA[Swedish foreign minister. https://t.co/7A0tIogGFa]]></document>
		<document><![CDATA[KLM refuses U.S. carriage to passengers from proscribed Muslim countries https://t.co/9muCzumyCp]]></document>
		<document><![CDATA[Trump’s Order Blocks Immigrants at Airports, Stoking Fear Around Globe https://t.co/QaX6jhwtmO]]></document>
		<document><![CDATA[Back in the Olde Times. https://t.co/HqnZ5N5iwv]]></document>
		<document><![CDATA[@dvglasgow this piece was valuable I reckon in looking at soft Trump voters. Not done that much.]]></document>
		<document><![CDATA[@dvglasgow I know what you are saying. Increasingly I'm in the cultural camp rather than the economic camp, although hard to distinguish.]]></document>
		<document><![CDATA[Fascinating, and I don't say it lightly. The retreat of the global firm https://t.co/R5EiiqORk6]]></document>
		<document><![CDATA[@wendy_harmer certainly are @gabriellechan]]></document>
		<document><![CDATA[@GuidoTresoldi it certainly was in pockets. This piece just widens the camera angle.]]></document>
		<document><![CDATA[@nomadted @nytimes perhaps drop a note to @nytdavidbrooks, the author of the column.]]></document>
		<document><![CDATA[This piece does a good job balancing the economic and cultural factors behind Trumpism https://t.co/8ypC1AgKEO]]></document>
		<document><![CDATA[David Brooks on the coward in the White House https://t.co/FHvpCSMSCQ]]></document>
		<document><![CDATA[@smurray38 @Meanjin Cheers, thanks.]]></document>
		<document><![CDATA[@SkylarksRising thank you Mary.]]></document>
		<document><![CDATA[You're welcome https://t.co/y2rDkEunLM]]></document>
		<document><![CDATA[@karinakeisler @Meanjin thanks 😊]]></document>
		<document><![CDATA[@Virginia_Hauss @Meanjin thanks lovely x]]></document>
		<document><![CDATA[@mattdasilva @shhartley @Meanjin thanks]]></document>
		<document><![CDATA[@shhartley @Meanjin oh dear x]]></document>
		<document><![CDATA[Typically being confronted with evidence makes people cling to their beliefs  https://t.co/DyisfFWNq5]]></document>
		<document><![CDATA[This war would be better if everyone was wearing a tiger onesie. Like a tiger. Grrr https://t.co/1cQI7eLH2P]]></document>
		<document><![CDATA[@minilu @Meanjin we are going to have to change my bio @GreenJ to Katharine Murphy lives in Canberra &amp; makes people cry. (Sending a hug).]]></document>
		<document><![CDATA[@RobTassiebeef58 @lyndalcurtis very cool]]></document>
		<document><![CDATA[@RobynRavlich my backyard in Canberra]]></document>
		<document><![CDATA[@MarieCo92176893 thank you.]]></document>
		<document><![CDATA[@DuskaSulicich @Meanjin thanks lovely x]]></document>
		<document><![CDATA[@madconnaughton @guardian opposite of dull.]]></document>
		<document><![CDATA[STOP BITCHING about La La Land people. (Can't wait to see Moonlight) .. https://t.co/GRsQzV3Kcx #OscarNoms]]></document>
		<document><![CDATA[😎 .. the sequel. https://t.co/lgKmh3vzGq]]></document>
		<document><![CDATA[@wendy_harmer my Canberra backyard love, went from this to gold, then orange, then night.]]></document>
		<document><![CDATA[@cjjosh the bestest]]></document>
		<document><![CDATA[@TheUniqueMaxim not back until next week, just starting to reconnect, but thanks.]]></document>
		<document><![CDATA[Welcome NYT. https://t.co/gPUEAEDPzU]]></document>
		<document><![CDATA[@TimWattsMP @EwenJonesNQ @Meanjin lots of people have. It's good. We should cry more. (Tempted to add *makes people cry* to my bio.)]]></document>
		<document><![CDATA[@GerryGannon thank you]]></document>
		<document><![CDATA[@Trixie_Boo @AttardMon @janecat60 yes sometimes they just have to consent to being smothered ☺️]]></document>
		<document><![CDATA[@Simon_Cullen thanks Simon.]]></document>
		<document><![CDATA[@mals_wire @Meanjin I think she'll be happy to steer her own life, but pretty sure she gets it. Sorry about your mum. Very hard.]]></document>
		<document><![CDATA[@JudeDonnelly thanks love.]]></document>
		<document><![CDATA[@Jomilida @Meanjin joyful, wonderful. Mine's been in Japan since before Christmas. Can't wait for her to arrive home (before she moves.)]]></document>
		<document><![CDATA[@BernardKeane love, this is high praise indeed x]]></document>
		<document><![CDATA[@bonniemalkin I'm sorry I made you cry Bonnie x]]></document>
		<document><![CDATA[@NicRogerson thank you.]]></document>
		<document><![CDATA[@johnmcternan happy new year John.]]></document>
		<document><![CDATA[@kirstinferguson @carolduncan @Meanjin hang onto your hats 🤗]]></document>
		<document><![CDATA[@Fordwritesmusic @Meanjin really enjoyed yours too. I can't remember if I told you.]]></document>
		<document><![CDATA[@AttardMon @janecat60 @Meanjin oh dear! Good tears I hope.]]></document>
		<document><![CDATA[@moniquemayze hold on to it. Many adventures ahead.]]></document>
		<document><![CDATA[Thanks for all the generous messages about the essay. Been lovely sharing. Sometimes the personal is universal @Meanjin]]></document>
		<document><![CDATA[@andrew_whalan @Meanjin the chin as lint trap was a total revelation to me. Took me a while to master 😊]]></document>
		<document><![CDATA[@A_Alford_ it goes very fast. Thanks for reading.]]></document>
		<document><![CDATA[@deemadigan thanks love]]></document>
		<document><![CDATA[@DancingDanB no worries, glad it spoke to you.]]></document>
		<document><![CDATA[@j4gypsy @JamilaRizvi @GreenJ @Meanjin oh dear! Good tears I hope.]]></document>
		<document><![CDATA[@MajicInOz I hear you.]]></document>
		<document><![CDATA[@KirithKirin thanks]]></document>
		<document><![CDATA[@karisfilion @Meanjin thanks very much.]]></document>
		<document><![CDATA[Do subscribe. A publication valuing thinking and writing is something to cherish @GreenJ https://t.co/UYaedIpRff]]></document>
		<document><![CDATA[@courteneyh thanks for reading. Glad it spoke to you @Meanjin]]></document>
		<document><![CDATA[@JessDavis1308 it does. I know it does. It's very hard, all that caring, bloody draining. But try for presence - consolation down the track.]]></document>
		<document><![CDATA[@Trillything @Meanjin then I've succeeded. Thank you.]]></document>
		<document><![CDATA[@missusdalloway @jesserobertson @Meanjin now that's well managed 😊]]></document>
		<document><![CDATA[@jennylmackinnon it's for all of us, so you are very welcome.]]></document>
		<document><![CDATA[@MattGlassDarkly @Meanjin oh dear! I'm glad and sending a hug.]]></document>
		<document><![CDATA[@krenmcloughlin @Meanjin we will always hold a little too tight and they'll elude our grasp anyway. Glad it spoke to you.]]></document>
	</documents>
</author>