<author lang="en">
	<documents>
		<document><![CDATA[@TAB_Sport will you be offering the Alternative Handicap market for the @SixNationsRugby matches?  If so, when will the market open?]]></document>
		<document><![CDATA[@Strudlehoffer @SDdeckoff was that helmet to helmet?  #noflagsonpunters #boom https://t.co/AtfqcJKiMZ]]></document>
		<document><![CDATA[@davidgold @NZHammers don't forget our Bulgarian fan @SDdeckoff #flyingtheflag]]></document>
		<document><![CDATA[@TAB_Sport will you offer a market for next NZ Prime Minister?]]></document>
		<document><![CDATA[@TAB_Sport great, thanks for responding.  #favourite #market]]></document>
		<document><![CDATA[@TAB_Sport will you be offering an alternative cap market in the @EnglandRugby versus @qantaswallabies match?  If so, when will it open?]]></document>
		<document><![CDATA[@NFLfantasy @Strudlehoffer when are #waivers clearing?  #NFL #browns2-14]]></document>
		<document><![CDATA[@HarbourRugby who man of match?  And who Harbour player of season?]]></document>
		<document><![CDATA[@TfL @TenilleRamos #10yearstoolate]]></document>
		<document><![CDATA[@NFLfantasy when do the Friday (New Zealand time) waivers clear?  #nervous #gametime #TNF]]></document>
		<document><![CDATA[Tough day the office for #RyanPICKpatrick @nyjets @NFL @AaronW32 @SDdeckoff #six #Pick6 #0-6 #alwaysnextweek]]></document>
		<document><![CDATA[@RickieFowler you are included in the official match programme just in-case #outsider #adjustedhandicap… https://t.co/zgEtLihGRa]]></document>
		<document><![CDATA[@RickieFowler the #AGA invites you to play in the 2016 Aficionado Invitational in #Wanaka #NewZealand, 14/15 Oct. #G6 #8000miles #DOIT]]></document>
		<document><![CDATA[@skysportnz any discussion about live match feeds for @Mitre10Cup via @twitter (for a lower fee) #copy @NFL]]></document>
		<document><![CDATA[@darrenrovell @NFLfantasy that needs to be reflected in fantasy points scoring system.  #minus1 for an end zone twerk!  @AntonioBrown84]]></document>
		<document><![CDATA[@TaranakiRugby great kit, reminds me of @stadefrancais @Mitre10Cup teams need to get more creative @canterburyNZ @top14orange #top14]]></document>
		<document><![CDATA[@JackFeelsBig kids (5 yo) really resonate with the underlying storyline (learnings) from the book.  #sweetspot]]></document>
		<document><![CDATA[@bet365 @InbeePark @LydiaKo @shanshanfengCHN #Olympics]]></document>
		<document><![CDATA[@AllBlacks @AirNZFairy @wnaholo any direct flights from #Sydney to #Fiji tomorrow? #bushmedicine @skysportnz]]></document>
		<document><![CDATA[@Mitre10Cup 6 point tries?  What happened to new rules? #harbour]]></document>
		<document><![CDATA[@TAB_Sport very frustrating app, the back function (&gt;) takes the user back to main selected sport menu, not the selected sub menu (match)]]></document>
		<document><![CDATA[@TAB_Sport when @Mitre10Cup ante post odds out?]]></document>
		<document><![CDATA[Watching @SquawkCNBC and a @mainfreight truck making a #NYC delivery #Expansion #FX #Global2016 https://t.co/rmtar0Jetu]]></document>
		<document><![CDATA[@TheOBUGoat @Sportsfreakconz no expense spared for the mini shield #grassroots #payyasubs #nextround]]></document>
		<document><![CDATA[@TheOBUGoat @Sportsfreakconz @j_devonshire87 the goats lucky today. Review the video footage on Tuesday!  The goose bet lands comfortably]]></document>
		<document><![CDATA[@TheOBUGoat a position that's been lacking over the past decade #tweet or #medic]]></document>
		<document><![CDATA[@wwos uncoordinated double thumbs up @skysportnz #NRLBulldogsEels #yellowshorts https://t.co/5bcGCGSwUH]]></document>
		<document><![CDATA[@TenilleRamos @WLGAirport pilots would have nailed the landings with their eyes closed  https://t.co/4cbbJjLbuY]]></document>
		<document><![CDATA[@TAB_Sport keen to understand if tab is able to offer ante posts for customised / bespoke markets?  #nov2015 initial tweet]]></document>
		<document><![CDATA[@JackFeelsBig not on this occasion, have prior commitments.  However I will look to catch the podcast post event if it is available]]></document>
		<document><![CDATA[@idealogmag #idealogmag #zero #nil #none #nothing #tech free]]></document>
		<document><![CDATA[@InsidersTennis OK thank you.  A v good ante post win in July!]]></document>
		<document><![CDATA[@InsidersTennis what portion of winning bets (actually all bets) are in-play, if any?]]></document>
		<document><![CDATA[@ASBBank #serve&amp;volley #beer #tennis yes please (#goodmanners)]]></document>
		<document><![CDATA[@FlyAirNZ hands down #Houston #texans #texas #BiggerAndBetter @Strudlehoffer]]></document>
		<document><![CDATA[@JackFeelsBig prefect, mixer pack pledge done]]></document>
		<document><![CDATA[@JackFeelsBig very cool!]]></document>
		<document><![CDATA[@Strudlehoffer @SDdeckoff @tweetydimes be nice if @OBJ_3 focused on his core role of catching the ball, opposed to @WWE moves #handbags]]></document>
		<document><![CDATA[@TenilleRamos @QualitytouchNZ a try resulting in a scar should be worth 2 points https://t.co/GYQb6K1FaO]]></document>
		<document><![CDATA[@SleuthMike @Strudlehoffer @diemarxens the weight is just melting off you]]></document>
		<document><![CDATA[@TenilleRamos @QualitytouchNZ I can't see the graze in the dark, but I can sure feel it, #battlescar entry tomorrow #draw #fair #result]]></document>
		<document><![CDATA[@QualitytouchNZ glow in the dark field markings next season? @TenilleRamos]]></document>
		<document><![CDATA[@JackFeelsBig ha that is a good take on overwhelmed. The 'feelings' concept &amp; Jack are cool, that all works beautifully. There is scope.....]]></document>
		<document><![CDATA[@JackFeelsBig ...assist with learning, activities, life skills, imaginary stories, sports etc. Younger and older kids.  #handymannyswashedup]]></document>
		<document><![CDATA[@JackFeelsBig ...creative craft ideas. Feels like this kid could be multi cultural (within NZ, and global), bridge socio economic divides...]]></document>
		<document><![CDATA[@JackFeelsBig Jacks older sister Jill could deal with life skills like financial literacy. Jasmine, Jacks cousin from Spain could provide...]]></document>
		<document><![CDATA[@JackFeelsBig fair enough. Think Jack has a wide appeal, and is a missing piece in the market (wider market outside a series of feelings)]]></document>
		<document><![CDATA[@JackFeelsBig curious, did you consider an equity crowd fund?]]></document>
		<document><![CDATA[@AKLSW what ideas are being presented?]]></document>
		<document><![CDATA[@TAB_Sport any progress?  Got tabs on a couple of future ante posts #keepmoneyinnz]]></document>
		<document><![CDATA[@QualitytouchNZ how long does team have to restart the match from half way?  #fineprint]]></document>
		<document><![CDATA[@Strudlehoffer @shoppy131 so do we, whoof whoof]]></document>
		<document><![CDATA[@TAB_Sport https://t.co/7hGeCcMLbM do tab offer customer generated future bets?  #retirementfund]]></document>
		<document><![CDATA[@QualitytouchNZ bless the all weather turf #rain]]></document>
		<document><![CDATA[@FlickElectricCo customer for one year, just ticked over $1k in #savings #FlickLife]]></document>
		<document><![CDATA[@QualitytouchNZ @TenilleRamos we will test their ability tonight #welcometothebigshow]]></document>
		<document><![CDATA[@WGTN_LIONS what do you need from tonight's game to finish first?]]></document>
		<document><![CDATA[@eatsleeprugby what was the score?]]></document>
		<document><![CDATA[@TasmanMakos @RugbyNamibia @TaranakiRugby @TheOBUGoat surely a #yellowcard has to come now?  Lopsided, all be it Tasman unlucky so far!]]></document>
		<document><![CDATA[@ITMCup mouth guards not compulsory?  #teeth @TheOBUGoat]]></document>
		<document><![CDATA[@TasmanMakos give away more penalties then @RugbyNamibia #yellowcard @TaranakiRugby #RWC2015 @TheOBUGoat]]></document>
		<document><![CDATA[@skysportnz what are the proposed @ITMCup semi and final time slots? #businessend #itm]]></document>
		<document><![CDATA[@EnglandRugby get @benyoungs09 off, no energy, slow to react and walking between rucks...platform not ideal but still]]></document>
		<document><![CDATA[@Uber_Wellington artificial car scents, not ideal, detract from the service #newcarsmell #carsick @TheOBUGoat]]></document>
		<document><![CDATA[@Strudlehoffer @caoimhe73 @FGW will be interesting to see how you get on #hoffer #live #fromFGW #cardiffbound #Australia #fiji #RWC2015]]></document>
		<document><![CDATA[@ITMCup @AucklandRugby uncanny resemblance #philwaugh, also plays a similar style @TheOBUGoat http://t.co/JGvsPs1fXI]]></document>
		<document><![CDATA[@Strudlehoffer @SDdeckoff @SanFranGigante, forget the #Hayneplane it's the #Haynefreighttrain]]></document>
		<document><![CDATA[@TheOBUGoat salary cap breach?]]></document>
		<document><![CDATA[Win up to $30,000 worth of Mortgage Repayments! http://t.co/axioocaWin via @ContainerDoor]]></document>
		<document><![CDATA[@Uber_Wellington #uber quiet; no hello, no goodbye, no talking, no radio....#silence....just wanna to go from a to b]]></document>
		<document><![CDATA[@Uber do you have any premium cars available in wellington? Most of my trips have been in crappy current/ex taxis. Also can I not pre order?]]></document>
		<document><![CDATA[@AllBlacks @TAB_Sport no market for this match?  Thought I saw it earlier?  Withdrawn?]]></document>
		<document><![CDATA[@WestpacStadium when will tickets to final be available?  @TenilleRamos]]></document>
		<document><![CDATA[@msprugby @TheOBUGoat @GripTecNZ think the senior 1s forgot 2 spray their hands today #basics #notprems #msp jerseys 2 small #knock-on-thon]]></document>
		<document><![CDATA[@TheOBUGoat @GripTecNZ #glovefree baseball @BLACKCAPS would have been useful in final ODI #interesting #product]]></document>
		<document><![CDATA[@TheOBUGoat @GripTecNZ any evidence of a reduction in handling errors?  Borderline illegal?   #tuesdayskillsessionstillimportant]]></document>
		<document><![CDATA[@FlickElectricCo @solarcity until then, with main stream providers buying back surplus at 8c kWh, the solar city / flick combo is a nice fit]]></document>
		<document><![CDATA[Any ability to sell back to the grid from surplus @solarcity supply with @FlickElectricCo? #potential #partnership]]></document>
		<document><![CDATA[@skysportnz do your well respected ex all black commentators need glasses?  Aaron smith knocked that on, clear as day...#specsavers #irony]]></document>
		<document><![CDATA[@Hurricanesrugby @WestpacStadium how many in the house tonight?]]></document>
		<document><![CDATA[@CyberDustApp why don't messages instantly disappear?  The content does but on the senders details http://t.co/FNwInQMucT]]></document>
		<document><![CDATA[@skysportnz @sumostevenson so players don't have to retreat 10m from a pen now? #makeuprulesaswego]]></document>
		<document><![CDATA[@intellisocket @FlickElectricCo generally or power cost wise? The answer is good to both!]]></document>
		<document><![CDATA[@QualitytouchNZ @raetse_pwv @TenilleRamos poor management!  Thought it started in a couple of weeks...we haven't got the #s for TT season 😔]]></document>
		<document><![CDATA[@QualitytouchNZ @raetse_pwv we will be finishing in the dark on Wednesday.  840pm.  #lightson]]></document>
		<document><![CDATA[@TAB_Sport @NZWarriors Hoffman @RyanHoffman12]]></document>
		<document><![CDATA[@FlickElectricCo need to increase the price range on the y axis, 30c was max, recently prices have exceeded this, but not sure by how much]]></document>
		<document><![CDATA[@QualitytouchNZ traffic dramas city wide...island bay taking all day @raetse_pwv #bribetherefs]]></document>
		<document><![CDATA[@pattytnnsmm1 @PGATOUR @GolfChannel @GolfCentral, suspect you mean #allenby, not related, check spelling. More news coming to light each day]]></document>
		<document><![CDATA[@TenilleRamos @QualitytouchNZ @raetse_pwv nope, low key...no fuss on or off field]]></document>
		<document><![CDATA[@QualitytouchNZ this one really stings...@raetse_pwv @TenilleRamos @SDTRC http://t.co/wuTEblHPXH]]></document>
		<document><![CDATA[@raetse_pwv @QualitytouchNZ Bron, can't believe you put the 1st pic of the graze on http://t.co/s1aDktjTj8, latter pic is the nasty 1 #burn]]></document>
		<document><![CDATA[@raetse_pwv @QualitytouchNZ @TenilleRamos its coming along http://t.co/M1CCb318T8]]></document>
		<document><![CDATA[@QualitytouchNZ #battlescar #swelling #bottomofAisFUN @raetse_pwv @TenilleRamos http://t.co/sJmW5W6YfH]]></document>
		<document><![CDATA[@nztennispodcast @DaveLWorsley also the two singles seeds play each other tomorrow]]></document>
		<document><![CDATA[@DaveLWorsley very underrated doubles field still on show, even with #1 team bundled out R1]]></document>
		<document><![CDATA[@TennisReporters monfils too]]></document>
		<document><![CDATA[@TheLozz yeah I did, took me a minute to realise who it was, nice gesture, mr international gave me a wave too #summerbeard]]></document>
		<document><![CDATA[@InsideExec @FraserLeith @TheLozz #throwbackthursday DC, FL, SA, JS, BC http://t.co/I2m3jmiu0X]]></document>
		<document><![CDATA[@FlickElectricCo I didn't see the comms, likely my fault, all up to date now, will socialise a few thoughts via email #customersareapain]]></document>
	</documents>
</author>